shapeID,shapeLabel,resourceURI,propertyID,propertyLabel,mandatory,repeatable,valueNodeType,valueDataType,valueShape,valueConstraint,valueConstraintType,note,lcDefaultLiteral,lcDefaultURI,lcDataTypeURI,lcRemark
lc:OfficialRDA:Monograph:Expression:Work,BIBFRAME Work / RDA Expression,https://id.loc.gov/resources/Work,bf:contribution,creator agent of expression,false,true,bnode,,lc:RT:bflc:Agents:PrimaryContribution,,,,,,bflc:PrimaryContribution,https://access.rdatoolkit.org/en-US_ala-08699d76-022a-3473-94ae-f56f5fe45b1b
,,,bf:title,preferred title of expression,true,true,bnode,,lc:RT:bf2:WorkTitle,,,,,,,https://access.rdatoolkit.org/en-US_ala-f0ea4e3a-fbe5-3135-bd95-1b5260f1e69e
,,,bf:title,variant title of expression,false,true,bnode,,lc:RT:bf2:Title:VarTitle,,,,,,,https://access.rdatoolkit.org/en-US_ala-de257390-c2dd-395e-9c80-262194bd5c58
,,,bf:content,content type,true,true,,,,http://id.loc.gov/vocabulary/contentTypes,IRIstem,,text,http://id.loc.gov/vocabulary/contentTypes/txt,bf:Content,https://access.rdatoolkit.org/en-US_ala-1a6a5219-2cd5-3762-87e8-6ee28e327b8b
,,,bf:language,language of expression,false,true,bnode,,lc:RT:bf2:Language2,,,,,,bf:Language,https://access.rdatoolkit.org/en-US_ala-b7de61e2-fe4b-3cc3-a4a2-7a3c4c55b4fc
,,,https://id.loc.gov/ontologies/bibframe/summary,summarization of content,false,true,bnode,,lc:RT:bf2:Summary,,,,,,,https://access.rdatoolkit.org/en-US_ala-96aa1921-45db-31a9-8128-9661f60799dc
,,,bf:note,note on expression,false,true,bnode,,lc:RT:bf2:Note,,,,,,,https://access.rdatoolkit.org/en-US_ala-9bcdee0a-0051-3aff-bb30-fdce5aa37216
,,,bflc:relationship,related expression of expression,false,true,bnode,,lc:RT:bf2:RelatedExpression,,,,,,,https://access.rdatoolkit.org/en-US_ala-458a5896-b879-3c9d-a0d7-065110c3968c
,,,bf:identifiedBy,authorized access point for expression,false,true,literal,,,,,,,,,https://access.rdatoolkit.org/en-US_ala-7af61468-85ab-3d86-ad8d-4a1158edb7c7
,,,bf:hasInstance,Add RDA Manifestation ,false,true,bnode,,lc:RT:bf2:Monograph:Instance,,,,,,,
lc:OfficialRDA:Monograph:Hub,BIBFRAME Hub / RDA Work / RDA Representative Expression,https://id.loc.gov/resources/Hub,https://id.loc.gov/ontologies/bibframe/contribution,creator agent of work,false,true,bnode,,lc:RT:bflc:Agents:PrimaryContribution,,,,,,bf:PrimaryContribution,https://access.rdatoolkit.org/en-US_ala-6277a869-961d-379f-8ae8-7ec159052a26
,,,bf:title,preferred title of work,false,true,bnode,,lc:RT:bf2:WorkTitle,,,,,,,https://access.rdatoolkit.org/en-US_ala-f21836a5-7397-341a-bd4c-bd641e765511
,,,bf:VariantTitle,variant title of work,false,true,bnode,,lc:RT:bf2:Title:VarTitle,,,,,,,https://access.rdatoolkit.org/en-US_ala-f21836a5-7397-341a-bd4c-bd641e765511
,,,bf:genreForm,category of work,false,true,bnode,,lc:RT:bf2:Form | lc:RT:bf2:Gsafd,,,,,,bf:GenreForm,https://access.rdatoolkit.org/en-US_ala-28e39ed9-43ec-3a0d-bd30-83c805efaa8c
,,,bf:originDate,date of work,false,true,literal,,,,,,,,,https://access.rdatoolkit.org/en-US_ala-a23c8e78-ebc8-34ea-9a63-23c35b9c36ba
,,,bf:originPlace,place of origin of work,false,true,bnode,,lc:RT:bf2:Place,,,,,,bf:Place,https://access.rdatoolkit.org/en-US_ala-4a02af89-66ae-3c18-963f-1535c3d6d970
,,,bf:temporalCoverage,coverage of content (chronological),false,true,literal,,,,,,,,,https://access.rdatoolkit.org/en-US_ala-b0a21725-2202-38d3-a1de-7be8199d845b
,,,bf:geographicCoverage,coverage of content (geographic),false,true,bnode,,lc:RT:bf2:Form:Geog,,,,,,,https://access.rdatoolkit.org/en-US_ala-b0a21725-2202-38d3-a1de-7be8199d845b
,,,bf:note,note on work,false,true,bnode,,lc:RT:bf2:Note,,,,,,,https://access.rdatoolkit.org/en-US_ala-521fa629-f515-3247-9db0-f03e8736bf15
,,,bf:subject,subject,false,true,bnode,,lc:RT:bf2:Components | lc:RT:bf2:Topic:Place:Components | lc:RT:bf2:Topic:SubjectWork,,,,,,mads:SimpleType,
,,,bf:classification,classification,false,true,bnode,,lc:RT:bf2:LCC | lc:RT:bf2:DDC,,,,,,,
,,,bf:colorContent,colour content of representative expression,false,true,bnode,,lc:RT:bf2:ColorContent,,,,,,,https://access.rdatoolkit.org/en-US_ala-470f2c8a-76be-3b84-9260-045bba14fd0d
,,,bf:content,content type of representative expression,true,true,,,,http://id.loc.gov/vocabulary/contentTypes,IRIstem,,text,,bf:Content,https://access.rdatoolkit.org/en-US_ala-ca5bf367-1887-3510-8f36-42d6c0049524
,,,bf:originDate,date of representative expression,false,true,literal,,,,,,,,,https://access.rdatoolkit.org/en-US_ala-7a8a339d-6f85-3955-a5ee-6626c6eb87a1
,,,bf:extent,extent of representative expression,false,true,bnode,,lc:RT:bf2:Extent,,,,,,,https://access.rdatoolkit.org/en-US_ala-d95c88e0-1b98-35f4-b997-4e6922c8b51e
,,,bf:intendedAudience,intended audience of representative expression,false,true,,,,http://id.loc.gov/vocabulary/maudience,IRIstem,,,,bf:IntendedAudience,https://access.rdatoolkit.org/en-US_ala-d69eefb5-d2bd-3dba-8faf-4090bb26ebf7
,,,bf:language,language of representative expression,false,true,bnode,,lc:RT:bf2:Language2,,,,,,,https://access.rdatoolkit.org/en-US_ala-9dbad164-5722-3594-acc9-ed80b49c9e2b
,,,bflc:relationship,related work of work,false,true,bnode,,lc:RT:bf2:RelatedWork,,,,,,,https://access.rdatoolkit.org/en-US_ala-6d59d341-e10b-3a49-a076-807d014be546
,,,bf:identifiedBy,authorized access point for work,false,true,literal,,,,,,,,,https://access.rdatoolkit.org/en-US_ala-086aad00-3bd2-3cc1-8dd0-52a5353b227b
lc:RT:OfficialRDA:Monograph:Instance,BIBFRAME Instance / RDA Manifestation,bf:Instance,bf:tableOfContents,expression manifested,false,true,bnode,,lc:RT:bf2:Contents,,,,,,,https://access.rdatoolkit.org/en-US_ala-7917b114-5614-3571-94a6-2284a4339575
,,,bf:illustrativeContent,illustrative content,false,true,,,,http://id.loc.gov/vocabulary/millus,IRIstem,,,,bf:Illustration,https://access.rdatoolkit.org/en-US_ala-126a56dc-d07f-34bf-9e42-0bfa48a3e574
,,,bf:colorContent,colour content,false,true,bnode,,lc:RT:bf2:ColorContent,,,,,,,https://access.rdatoolkit.org/en-US_ala-26e5e1f2-b7fb-383b-954a-b2560eb6eb40
,,,bf:supplementaryContent,supplementary content,false,false,,,,http://id.loc.gov/vocabulary/msupplcont,IRIstem,,,,bf:SupplementaryContent,https://access.rdatoolkit.org/en-US_ala-9d596c05-acc2-39b5-b52a-3274c90ab41d
,,,bf:title,title of manifestation,true,true,bnode,,lc:RT:bf2:InstanceTitle,,,,,,,https://access.rdatoolkit.org/en-US_ala-6d73e093-3928-3314-ad35-cc4afb3e3e3b
,,,bf:title,variant title of manifestation,false,true,bnode,,lc:RT:bf2:Title:VarTitle | lc:RT:bf2:ParallelTitle,,,,,,,https://access.rdatoolkit.org/en-US_ala-f8142e73-8120-32a4-909a-e1c5b691e3e0
,,,bf:responsibilityStatement,statement of responsibility relating to title proper,false,true,literal,,,,,,,,,https://access.rdatoolkit.org/en-US_ala-93929207-c91d-3970-b325-af8fd9dd2956
,,,bf:editionStatement,designation of edition,false,true,literal,,,,,,,,,https://access.rdatoolkit.org/en-US_ala-3f4a6575-8253-3866-a8f6-ce255dcb094c
,,,bf:provisionActivity,publication statement,false,true,bnode,,lc:RT:bf2:PubInfoNew,,,,,,,https://access.rdatoolkit.org/en-US_ala-0f7b5665-dec5-371a-8b7b-d49f1c5080a7
,,,bf:provisionActivity,production statement,false,true,bnode,,lc:RT:bf2:ProdInfoNew,,,,,,,https://access.rdatoolkit.org/en-US_ala-bd937d2a-f635-317d-8cd5-0e1811f70725
,,,bf:provisionActivity,distribution statement,false,true,bnode,,lc:RT:bf2:DistInfoNew,,,,,,,https://access.rdatoolkit.org/en-US_ala-2112f6fd-1796-3e26-b0ae-d0eb776977e2
,,,bf:provisionActivity,manufacture statement,false,true,bnode,,lc:RT:bf2:ManuInfoNew,,,,,,,https://access.rdatoolkit.org/en-US_ala-426f9771-5684-39eb-bbeb-82a4a9a8e336
,,,bf:copyrightDate,copyright date,false,true,literal,,,,,,©,,,https://access.rdatoolkit.org/en-US_ala-452cb3af-3c8e-3c20-8d59-2362ad325a09
,,,bf:issuance,mode of issuance,true,true,,,,http://id.loc.gov/vocabulary/issuance,IRIstem,,,,bf:Issuance,https://access.rdatoolkit.org/en-US_ala-11f6e100-836f-3c70-9ab0-99714519a179http://id.loc.gov/ontologies/bibframe/issuance
,,,bf:seriesStatement,series statement,false,true,literal,,,,,,,,,https://access.rdatoolkit.org/en-US_ala-60344275-5627-3f0e-9a61-438b6d27a5fa
,,,bf:identifiedBy,identifier for manifestation,false,true,bnode,,lc:RT:bf2:Identifiers:LCCN | lc:RT:bf2:Identifiers:ISBN | lc:RT:bf2:Identifiers:Local | lc:RT:bf2:Identifiers:Other,,,,,,,https://access.rdatoolkit.org/en-US_ala-95f6a60f-3d2b-32d8-9486-cf810708d4ba
,,,bf:note,note on manifestation,false,true,bnode,,lc:RT:bf2:Note,,,,,,,https://access.rdatoolkit.org/en-US_ala-2f069b6a-bc80-3498-ba25-28ec7d8672c2
,,,bf:carrier,carrier type,false,true,,,,http://id.loc.gov/vocabulary/carriers,IRIstem,,volume,http://id.loc.gov/vocabulary/carriers/nc,bf:Carrier,https://access.rdatoolkit.org/en-US_ala-0dd63c0d-066f-3ddc-885a-ff83c25cf752
,,,bf:media,media type,true,true,,,,http://id.loc.gov/vocabulary/mediaTypes,IRIstem,,unmediated,http://id.loc.gov/vocabulary/mediaTypes/n,bf:Media,https://access.rdatoolkit.org/en-US_ala-aa1e8ea8-5d01-3ff4-bb86-81f00f916c27
,,,bf:extent,extent of manifestation,false,true,bnode,,lc:RT:bf2:Extent,,,,,,,https://access.rdatoolkit.org/en-US_ala-8754c7a9-c38c-3735-9cf9-865df717f81b
,,,bf:dimensions,dimensions,false,true,literal,,,,,,,,,https://access.rdatoolkit.org/en-US_ala-cc95f0fd-c059-334d-b240-c7379e396c7d
,,,bf:electronicLocator,Uniform Resource Locator,false,true,bnode,,lc:RT:bf2:URL,,,,,,,https://access.rdatoolkit.org/en-US_ala-3a036743-f303-3327-9fac-25be1f6cf028
lc:RT:bf2:35mmFeatureFilm:DigItem,Digital Item,bf:Item,bf:heldBy,Held by,false,false,,,,http://id.loc.gov/vocabulary/organizations,IRIstem,,United States. Library of Congress,http://id.loc.gov/vocabulary/organizations/dlc,bf:Agent,
,,,bf:shelfMark,Call numbers,false,true,bnode,,lc:RT:bf2:Identifiers:Shelfmark,,,,,,,
,,,bf:contribution,Collection,false,true,bnode,,lc:RT:bf2:Agents:bfContribution,,,,,,bf:Contribution,
,,,bf:electronicLocator,URL of Item,false,true,bnode,,lc:RT:bf2:URL,,,,,,,
,,,bf:note,Notes about the Item,false,true,bnode,,lc:RT:bf2:Note,,,,,,,
,,,bf:extent,Extent,false,true,bnode,,lc:RT:bf2:Extent,,,,,,,
,,,bf:duration,Duration,false,true,literal,,,,,,,,,http://access.rdatoolkit.org/7.22.html
,,,bf:digitalCharacteristic,Digital file characteristics,false,true,bnode,,lc:RT:bf2:MIBluRayDVD:FileType | lc:RT:bf2:MIBluRayDVD:EncFmt,,,,,,,
,,,bf:soundCharacteristic,Sound characteristics,false,true,bnode,,lc:RT:bf2:SoundContent | lc:RT:bf2:TypeRec | lc:RT:bf2:RecMedium | lc:RT:bf2:MIBluRayDVD:Playback,,,,,,,
lc:RT:bf2:35mmFeatureFilm:Event,Event,bf:Event,rdfs:label,Event,false,true,literal,,,,,,,,,
,,,bf:date,Date of event,false,true,literal,,,,,,,,,
lc:RT:bf2:35mmFeatureFilm:Instance,BIBFRAME Instance,bf:Instance,bf:instanceOf,Instance of,false,true,bnode,,lc:RT:bf2:35mmFeatureFilm:Work,,,,,,,
,,,bf:title,Title information,true,true,bnode,,lc:RT:bf2:InstanceTitle | lc:RT:bf2:Title:VarTitle | lc:RT:bf2:ParallelTitle,,,,,,,https://original.rdatoolkit.org/rdachp2_rda2-3376.html
,,,bf:responsibilityStatement,Statement of responsibility,false,true,literal,,,,,,,,,http://original.rdatoolkit.org/2.4.2.html
,,,bf:editionStatement,Edition statement,false,true,literal,,,,,,,,,http://original.rdatoolkit.org/2.5.html
,,,bf:provisionActivity,Provision activity,false,true,bnode,,lc:RT:bf2:ProdInfoNew | lc:RT:bf2:PubInfoNew | lc:RT:bf2:DistInfoNew | lc:RT:bf2:ManuInfoNew,,,,,,,https://staff.loc.gov/wikis/display/BP2/Marva+cataloging+updates#Marvacatalogingupdates-ProvisionActivity(264)
,,,bf:copyrightDate,Copyright date,false,true,literal,,,,,,,,,http://original.rdatoolkit.org/2.11.html
,,,bf:originPlace,Place of origin,false,true,,,,http://id.loc.gov/authorities/names,IRIstem,,,,bf:Place,
,,,bf:issuance,Mode of issuance,false,true,,,,http://id.loc.gov/vocabulary/issuance,IRIstem,,single unit,http://id.loc.gov/vocabulary/issuance/mono,bf:Issuance,http://original.rdatoolkit.org/2.13.html
,,,bf:identifiedBy,Identifiers,false,true,bnode,,lc:RT:bf2:Identifiers:LCCN | lc:RT:bf2:Identifiers:Copyright | lc:RT:bf2:Identifiers:PubNumber | lc:RT:bf2:Identifiers:Oclc | lc:RT:bf2:Identifiers:Other | lc:RT:bf2:Identifiers:Local,,,,,,,
,,,bf:note,Notes about the Instance,false,true,bnode,,lc:RT:bf2:Note,,,,,,,http://original.rdatoolkit.org/2.17.html
,,,bf:immediateAcquisition,Immediate source of acquisition note,false,true,bnode,,lc:RT:bf2:ImmAcqSource,,,,,,,
,,,bf:media,Media type,false,true,,,,http://id.loc.gov/vocabulary/mediaTypes,IRIstem,,projected,http://id.loc.gov/vocabulary/mediaTypes/g,bf:Media,http://original.rdatoolkit.org/3.2.html
,,,bf:carrier,Carrier type,false,true,,,,http://id.loc.gov/vocabulary/carriers,IRIstem,,film reel,http://id.loc.gov/vocabulary/carriers/mr,bf:Carrier,http://original.rdatoolkit.org/3.3.html
,,,bf:dimensions,Dimensions,false,true,literal,,,,,,,,,http://original.rdatoolkit.org/3.5.html
,,,bf:electronicLocator,URL of Instance,false,true,bnode,,lc:RT:bf2:URL,,,,,,,http://original.rdatoolkit.org/4.6.html
,,,bf:contribution,Contribution,false,true,bnode,,lc:RT:bf2:Agents:Contribution,,,,,,bf:Contribution,
,,,bf:hasItem,Has Item,false,true,bnode,,lc:RT:bf2:35mmFeatureFilm:Item | lc:RT:bf2:35mmFeatureFilm:DigItem,,,,,,,
lc:RT:bf2:35mmFeatureFilm:Item,BIBFRAME Item,bf:Item,bf:contribution,Collection/contribution,false,true,bnode,,lc:RT:bf2:Agents:bfContribution,,,,,,bf:Contribution,
,,,bf:electronicLocator,URL of Item,false,true,bnode,,lc:RT:bf2:URL,,,,,,,
,,,bf:note,Notes about the Item,false,true,bnode,,lc:RT:bf2:NoteLc,,,,,,,
,,,bf:usageAndAccessPolicy,"Lending, reproduction, and retention policies",false,true,bnode,,lc:RT:bf2:Item:Access | lc:RT:bf2:Item:Use | lc:RT:bf2:Item:Retention,,,,,,,
,,,bf:enumerationAndChronology,Enumeration,false,true,bnode,,lc:RT:bf2:Item:Enumeration,,,,,,,
,,,bf:immediateAcquisition,Immediate source of acquisition note,false,true,bnode,,lc:RT:bf2:ImmAcqSource,,,,,,,
,,,bf:extent,Physical description,false,true,bnode,,lc:RT:bf2:Extent,,,,,,,https://original.rdatoolkit.org/3.4.html
,,,bf:dimensions,Dimensions,false,true,literal,,,,,,,,,http://original.rdatoolkit.org/3.5.html
,,,bf:duration,Duration,false,true,literal,,,,,,,,,http://original.rdatoolkit.org/7.22.html
,,,bf:baseMaterial,Base material,false,true,,,,http://id.loc.gov/vocabulary/mmaterial,IRIstem,,,,bf:BaseMaterial,http://original.rdatoolkit.org/3.6.html
,,,bf:generation,Recording generation,false,true,,,,http://id.loc.gov/vocabulary/mgeneration,IRIstem,,,,bf:Generation,http://original.rdatoolkit.org/3.10.html
,,,bf:polarity,Polarity,false,true,,,,http://id.loc.gov/vocabulary/mpolarity,IRIstem,,,,bf:Polarity,http://original.rdatoolkit.org/3.14.1.3.html
,,,bf:colorContent,Color content,false,true,,,,http://id.loc.gov/vocabulary/mcolor,IRIstem,,,,bf:ColorContent,http://original.rdatoolkit.org/7.17.html
,,,bf:soundContent,Sound content,false,true,,,,http://id.loc.gov/vocabulary/msoundcontent,IRIstem,,,,bf:SoundContent,http://original.rdatoolkit.org/rdachp7_rda7-1451.html
,,,bf:soundCharacteristic,Sound characteristics,false,true,bnode,,lc:RT:bf2:TypeRec2 | lc:RT:bf2:RecMedium | lc:RT:bf2:MIBluRayDVD:Playback,,,,,,,http://original.rdatoolkit.org/3.16.html
,,,bf:projectionCharacteristic,Projection characteristics,false,true,bnode,,lc:RT:bf2:ProjFormat | lc:RT:bf2:ProjSpeed,,,,,,,
,,,bf:aspectRatio,Aspect ratio,false,true,,,,http://id.loc.gov/vocabulary/maspect,IRIstem,,,,bf:AspectRatio,http://original.rdatoolkit.org/rdachp7_rda7-1486.html
,,,bf:aspectRatio,Aspect ratio (numeric),false,true,bnode,,lc:RT:bf2:MIBluRayDVD:Aspect,,,,,,,http://original.rdatoolkit.org/rdachp7_rda7-1486.html
,,,bf:digitalCharacteristic,Digital file characteristics,false,true,bnode,,lc:RT:bf2:MIBluRayDVD:FileType | lc:RT:bf2:MIBluRayDVD:EncFmt,,,,,,,
lc:RT:bf2:35mmFeatureFilm:Work,BIBFRAME Work,bf:Work,bf:title,Title information,true,true,bnode,,lc:RT:bf2:WorkTitle | lc:RT:bf2:Title:VarTitle | lc:RT:bf2:ParallelTitle,,,,,,,https://staff.loc.gov/wikis/display/BP2/Marva+cataloging+updates#Marvacatalogingupdates-Work/ExpressionTitles
,,,bf:originPlace,Place of origin of the Work,false,true,,,,http://id.loc.gov/authorities/names,IRIstem,,,,bf:Place,http://original.rdatoolkit.org/6.5.html
,,,bf:originDate,Date of Work,false,true,literal,,,,,,,,,http://original.rdatoolkit.org/6.4.html
,,,bf:historyOfWork,History of the Work,false,true,literal,,,,,,,,,http://original.rdatoolkit.org/6.7.html
,,,bf:temporalCoverage,(Time) coverage of the content,false,true,literal,,,,,,,,,http://original.rdatoolkit.org/7.3.html
,,,bf:identifiedBy,Identifiers,false,true,bnode,,lc:RT:bf2:Identifiers:Eidr | lc:RT:bf2:Identifiers:Copyright,,,,,,,
,,,bf:intendedAudience,Intended audience,false,true,bnode,,lc:RT:bf2:Audience,,,,,,,https://original.rdatoolkit.org/7.7.html
,,,bf:note,Notes about the Work,false,true,bnode,,lc:RT:bf2:Note,,,,,,,
,,,bf:tableOfContents,Contents,false,true,bnode,,lc:RT:bf2:Contents,,,,,,,
,,,bf:summary,Summary,false,true,bnode,,lc:RT:bf2:Summary,,,,,,,https://original.rdatoolkit.org/7.10.html
,,,bf:genreForm,Genre/Form,false,true,bnode,,lc:RT:bf2:Form,,,,,,,
,,,bf:geographicCoverage,Geographic coverage,false,true,bnode,,lc:RT:bf2:Form:Geog,,,,,,,http://original.rdatoolkit.org/7.3.html
,,,bf:subject,Subjects,false,true,bnode,,lc:RT:bf2:Components | lc:RT:bf2:Topic:Place:Components | lc:RT:bf2:Topic:SubjectWork,,,,,,,http://original.rdatoolkit.org/rdachp23_rda23-12.html
,,,bf:contribution,Contribution,false,true,bnode,,lc:RT:bf2:Agents:Contribution,,,,,,bf:Contribution,
,,,bf:contribution,Creator of Work,false,true,bnode,,lc:RT:bflc:Agents:PrimaryContribution,,,,,,bf:PrimaryContribution,
,,,bf:content,Content type,false,true,,,,http://id.loc.gov/vocabulary/contentTypes,IRIstem,,two-dimensional moving image,http://id.loc.gov/vocabulary/contentTypes/tdi,bf:Content,http://original.rdatoolkit.org/6.9.html
,,,bf:language,"Language (008 [1st], 041 $a [others])",false,true,,,,http://id.loc.gov/vocabulary/languages,IRIstem,,,,bf:Language,https://staff.loc.gov/wikis/display/BP2/Marva+cataloging+updates#Marvacatalogingupdates-Languages(041)
,,,bf:accompaniedBy,Language resource (041 $bdefgt),false,true,bnode,,lc:RT:bf2:LangResource,,,,,,,https://staff.loc.gov/wikis/display/BP2/Marva+cataloging+updates#Marvacatalogingupdates-Languages(041)
,,,bf:note,Language note (041 $hijkmnpqr),false,true,bnode,,lc:RT:bf2:LangNote,,,,,,,https://staff.loc.gov/wikis/display/BP2/Marva+cataloging+updates#Marvacatalogingupdates-Languages(041)
,,,bf:colorContent,Color content,false,true,,,,http://id.loc.gov/vocabulary/mcolor,IRIstem,,,,bf:ColorContent,http://original.rdatoolkit.org/7.17.html
,,,bf:soundContent,Sound content,false,true,,,,http://id.loc.gov/vocabulary/msoundcontent,IRIstem,,,,bf:SoundContent,http://original.rdatoolkit.org/rdachp7_rda7-1451.html
,,,bflc:movingImageTechnique,Moving image technique,false,true,,,,http://id.loc.gov/vocabulary/mtechnique,IRIstem,,,,bflc:MovingImageTechnique,
,,,bf:duration,Duration,false,true,literal,,,,,,,,,http://original.rdatoolkit.org/7.22.html
,,,bf:capture,Capture information,false,true,bnode,,lc:RT:bf2:Capture,,,,,,,
,,,bf:eventContentOf,Event,false,true,bnode,,lc:RT:bf2:35mmFeatureFilm:Event,,,,,,,
,,,bf:relation,Search related work/series,false,true,bnode,,lc:RT:bf2:RelWorkLookup,,,,,,,"https://staff.loc.gov/wikis/display/BP2/Marva+cataloging+updates#Marvacatalogingupdates-Hubs(240;X00,X10,X11with$t;X30)"
,,,bf:relation,Input transcribed series,false,true,bnode,,lc:RT:bf2:SeriesHub,,,,,,,"https://staff.loc.gov/wikis/display/BP2/Marva+cataloging+updates#Marvacatalogingupdates-Series(490,8XX)"
,,,bf:hasInstance,Add BIBFRAME Instance,false,true,bnode,,lc:RT:bf2:35mmFeatureFilm:Instance,,,,,,,
lc:RT:bf2:3DObject:Instance,BIBFRAME Instance,bf:Instance,bf:instanceOf,Instance of,false,true,bnode,,lc:RT:bf2:3DObject:Work,,,,,,,
,,,bf:title,Title information,false,true,bnode,,lc:RT:bf2:InstanceTitle | lc:RT:bf2:Title:VarTitle,,,,,,,
,,,bf:media,Media type,false,true,,,,http://id.loc.gov/vocabulary/mediaTypes,IRIstem,,unmediated,http://id.loc.gov/vocabulary/mediaTypes/n,,
,,,bf:carrier,Carrier type,false,true,,,,http://id.loc.gov/vocabulary/carriers,IRIstem,,Object,http://id.loc.gov/vocabulary/carriers/nr,,
,,,bf:extent,Physical description,false,true,bnode,,lc:RT:bf2:Extent,,,,,,,
,,,bf:dimensions,Dimensions,false,true,literal,,,,,,,,,
lc:RT:bf2:3DObject:Work,BIBFRAME Work,bf:Work,bf:title,Title,false,true,bnode,,lc:RT:bf2:WorkTitle | lc:RT:bf2:Title:VarTitle | lc:RT:bf2:ParallelTitle,,,,,,,
,,,bf:content,Content type,false,true,,,,http://id.loc.gov/vocabulary/contentTypes,IRIstem,,three-dimensional form,http://id.loc.gov/vocabulary/contentTypes/tdf,,
lc:RT:bf2:AcqSource,Acquisition source,bf:AcquisitionSource,bf:identifiedBy,Stock number,false,true,bnode,,lc:RT:bf2:Identifiers:StockNumber,,,,,,,
,,,rdfs:label,Source of acquisition,false,true,literal,,,,,,,,,
,,,bf:note,Note,false,true,bnode,,lc:RT:bf2:NoteSimple,,,,,,,
lc:RT:bf2:AdminMetadata,BIBFRAME 2.0 Admin Metadata,bf:AdminMetadata,bflc:catalogerId,Your cataloger ID (Windows ID),false,true,literal,,,,,,,,,
,,,bflc:encodingLevel,Encoding level,true,false,,,,http://id.loc.gov/vocabulary/menclvl,IRIstem,,,,bflc:EncodingLevel,
,,,bf:status,Status (new/changed/deleted),false,false,,,,http://id.loc.gov/vocabulary/mstatus,IRIstem,,,,bf:Status,
,,,bf:assigner,Assigning agency,false,false,,,,http://id.loc.gov/vocabulary/organizations,IRIstem,,DLC,http://id.loc.gov/vocabulary/organizations/dlc,bf:Agent,
,,,bf:descriptionAuthentication,Description authentication,true,true,,,,http://id.loc.gov/vocabulary/marcauthen,IRIstem,,pcc,http://id.loc.gov/vocabulary/marcauthen/pcc,bf:DescriptionAuthentication,
,,,bf:descriptionConventions,Description conventions,true,true,,,,http://id.loc.gov/vocabulary/descriptionConventions,IRIstem,,rda,http://id.loc.gov/vocabulary/descriptionConventions/rda,bf:DescriptionConventions,
,,,bf:descriptionLanguage,Description language,true,false,,,,http://id.loc.gov/vocabulary/languages,IRIstem,,English,http://id.loc.gov/vocabulary/languages/eng,bf:Language,
,,,bf:descriptionModifier,Description modifier,true,true,,,,http://id.loc.gov/vocabulary/organizations,IRIstem,,DLC,http://id.loc.gov/vocabulary/organizations/dlc,bf:Agent,
,,,bf:date,Date,false,false,literal,,,,,,,,,
,,,bf:identifiedBy,Identifier,false,true,bnode,,lc:RT:bf2:AdminMetadata:Identifier,,,,,,,
,,,bf:generationProcess,Generation Process,false,true,bnode,,lc:RT:bf2:AdminMetadata:GenerationProcess,,,,,,,
lc:RT:bf2:AdminMetadata:BFDB,BF DB Admin Metadata,bf:AdminMetadata,bflc:catalogerId,Your cataloger ID (Windows ID),false,true,literal,,,,,,,,,
,,,bflc:encodingLevel,Encoding level,true,false,,,,http://id.loc.gov/vocabulary/menclvl,IRIstem,,,,bflc:EncodingLevel,
,,,bf:status,Status (new/changed/deleted),false,false,,,,http://id.loc.gov/vocabulary/mstatus,IRIstem,,,,bf:Status,
,,,bf:date,Date,false,false,literal,,,,,,,,,
,,,bf:descriptionAuthentication,Description authentication,true,true,,,,http://id.loc.gov/vocabulary/marcauthen,IRIstem,,pcc,http://id.loc.gov/vocabulary/marcauthen/pcc,bf:DescriptionAuthentication,
,,,bf:descriptionConventions,Description conventions,true,true,,,,http://id.loc.gov/vocabulary/descriptionConventions,IRIstem,,rda,http://id.loc.gov/vocabulary/descriptionConventions/rda,bf:DescriptionConventions,
,,,bf:descriptionLanguage,Description language,true,false,,,,http://id.loc.gov/vocabulary/languages,IRIstem,,English,http://id.loc.gov/vocabulary/languages/eng,bf:Language,
,,,bflc:profile,Profile,false,false,literal,,,,,,,,,The profile code for the resource
,,,bf:identifiedBy,Local identifier,false,true,bnode,,lc:RT:bf2:AdminMetadata:Identifier,,,,,,,Local Identifier
,,,bf:generationProcess,Generation process,false,false,bnode,,lc:RT:bf2:AdminMetadata:GenerationProcess,,,,,,,
,,,bflc:procInfo,Process information,false,false,literal,,,,,,,,,
lc:RT:bf2:AdminMetadata:GenerationProcess,Generation process,bf:GenerationProcess,rdfs:label,Generation process,false,true,literal,,,,,,,,,
lc:RT:bf2:AdminMetadata:Identifier,Local identifier,bf:Local,rdf:value,Local identifier,false,true,literal,,,,,,,,,
lc:RT:bf2:AdminMetadata:Input,Admin Metadata-Cataloger input,bf:AdminMetadata,bflc:catalogerId,Your cataloger ID (Windows ID),false,true,literal,,,,,,,,,
,,,bflc:encodingLevel,Encoding level,false,false,,,,http://id.loc.gov/vocabulary/menclvl,IRIstem,,,,bflc:EncodingLevel,
,,,bf:descriptionConventions,Description conventions,false,true,,,,http://id.loc.gov/vocabulary/descriptionConventions,IRIstem,,"rda
isbd","http://id.loc.gov/vocabulary/descriptionConventions/rda
http://id.loc.gov/vocabulary/descriptionConventions/isbd",,
,,,bf:descriptionAuthentication,Description authentication,false,true,literal,,,,,,pcc,http://id.loc.gov/vocabulary/marcauthen/pcc,bf:DescriptionAuthentication,
lc:RT:bf2:Agent:Conference,Create conference name,bf:Meeting,owl:sameAs,Search LCNAF,false,true,,,,http://id.loc.gov/authorities/names,IRIstem,,,,,
,,,rdfs:label,Preferred Name for Conference (RDA 11.2.2) CORE ELEMENT,false,true,literal,,,,,,,,,http://access.rdatoolkit.org/rdachp11_rda11-1207.html
,,,mads:associatedLocale,Place Associated with Conference (RDA 11.3) CORE ELEMENT,false,true,bnode,,lc:RT:bf2:Agents:RWO:LocationOfConference | lc:RT:bf2:Agents:RWO:OtherPlace,,,,,,,http://access.rdatoolkit.org/rdachp11_rda11-4146.html
,,,mads:establishDate,Date Associated with Conference (RDA 11.4) CORE ELEMENT,false,true,bnode,,lc:RT:bf2:Agents:RWO:Dates,,,,,,,http://access.rdatoolkit.org/rdachp11_rda11-4502.html
,,,mads:organization,Associated Institution (RDA 11.5) CORE IF ...,false,true,bnode,,lc:RT:bf2:Agents:RWO:Affiliation,,,,,,,http://access.rdatoolkit.org/rdachp11_rda11-4671.html
,,,rdf:value,"Number of a Conference, Etc. (RDA 11.6) CORE ELEMENT",false,true,literal,,,,,,,,,http://access.rdatoolkit.org/rdachp11_rda11-10741.html
,,,mads:entityDescriptor,Other Designation Associated with Conference (RDA 11.7) CORE IF ...,false,true,literal,,,,,,,,,http://access.rdatoolkit.org/rdachp11_rda11-4726.html
,,,mads:associatedLanguage,Language of Conference (RDA 11.8),false,true,bnode,,lc:RT:bf2:Agents:RWO:AssociatedLanguage,,,,,,,http://access.rdatoolkit.org/rdachp11_rda11-4993.html
,,,mads:fieldOfActivity,Field of Activity of Conference (RDA 11.10),false,true,bnode,,lc:RT:bf2:Agents:RWO:FieldofActivity,,,,,,,http://access.rdatoolkit.org/rdachp11_rda11-5056.html
,,,mads:note,Conference History (RDA 11.11),false,true,bnode,,lc:RT:bf2:Agent:Note,,,,,,,http://access.rdatoolkit.org/rdachp11_rda11-5084.html
,,,mads:hasIdentifier,Identifier for the Conference (RDA 11.12) CORE ELEMENT,false,true,bnode,,lc:RT:bf2:Agent:Identifier,,,,,,,http://access.rdatoolkit.org/rdachp11_rda11-5119.html
,,,mads:authoritativeLabel,Authorized Access Point for the Conference (RDA 11.13.1),false,true,literal,,,,,,,,,http://access.rdatoolkit.org/rdachp11_rda11-5161.html
,,,mads:hasVariant,Variant Access Point Representing a Conference (RDA 11.13.2),false,true,bnode,,lc:RT:bf2:Agents:VariantAgents,,,,,,,http://access.rdatoolkit.org/rdachp11_rda11-5591.html
,,,mads:hasRelatedAuthority,Related Agents (RDA Chapter 30),false,true,bnode,,lc:RT:bf2:Agents:RelatedAgents,,,,,,,http://access.rdatoolkit.org/rdachp30_rda30-28.html
,,,mads:hasSource,Source Consulted (RDA 8.12),false,true,bnode,,lc:RT:bf2:Agents:Source,,,,,,,http://access.rdatoolkit.org/rdachp8_rda8-479.html
lc:RT:bf2:Agent:CorporateBody,Create corporate body name,bf:Organization,owl:sameAs,Search LCNAF,false,true,,,,http://id.loc.gov/authorities/names,IRIstem,,,,,
,,,rdfs:label,Preferred Name for Corporate Body (RDA 11.2.2) CORE ELEMENT,false,true,literal,,,,,,,,,http://access.rdatoolkit.org/rdachp11_rda11-1207.html
,,,mads:associatedLocale,Place Associated with Corporate Body (RDA 11.3),false,true,bnode,,lc:RT:bf2:Agents:RWO:OtherPlace,,,,,,,http://access.rdatoolkit.org/rdachp11_rda11-4146.html
,,,mads:establishDate,Date Associated with Corporate Body (RDA 11.4) CORE ELEMENT,false,true,bnode,,lc:RT:bf2:Agents:RWO:Dates,,,,,,,http://access.rdatoolkit.org/rdachp11_rda11-4502.html
,,,mads:organization,Associated Institution (RDA 11.5),false,true,bnode,,lc:RT:bf2:Agents:RWO:Affiliation,,,,,,,http://access.rdatoolkit.org/rdachp11_rda11-4671.html
,,,mads:entityDescriptor,Other Designation Associated with Corporate Body (RDA 11.7),false,true,literal,,,,,,,,,http://access.rdatoolkit.org/rdachp11_rda11-4726.html
,,,mads:associatedLanguage,Language of Corporate Body (RDA 11.8),false,true,bnode,,lc:RT:bf2:Agents:RWO:AssociatedLanguage,,,,,,,http://access.rdatoolkit.org/rdachp11_rda11-4992.html
,,,mads:hasAffiliationAddress,Address of Corporate Body (RDA 11.9),false,true,bnode,,lc:RT:bf2:Agents:Addresses | lc:RT:bf2:Agents:Addresses:Extended,,,,,,,http://access.rdatoolkit.org/rdachp11_rda11-5024.html
,,,mads:fieldOfActivity,Field of Activity of Corporate Body (RDA 11.10),false,true,bnode,,lc:RT:bf2:Agents:RWO:FieldofActivity,,,,,,,http://access.rdatoolkit.org/rdachp11_rda11-5056.html
,,,mads:note,Corporate History (RDA 11.11),false,true,bnode,,lc:RT:bf2:Agent:Note,,,,,,,http://access.rdatoolkit.org/rdachp11_rda11-5084.html
,,,mads:hasIdentifier,Identifier for the Corporate Body (RDA 11.12) CORE ELEMENT,false,true,bnode,,lc:RT:bf2:Agent:Identifier,,,,,,,http://access.rdatoolkit.org/rdachp11_rda11-5119.html
,,,mads:authoritativeLabel,Authorized Access Point for the Corporate Body (RDA 11.13.1),false,true,literal,,,,,,,,,http://access.rdatoolkit.org/rdachp11_rda11-5161.html
,,,mads:hasVariant,Variant Access Point Representing a Corporate Body (RDA 11.13.2),false,true,bnode,,lc:RT:bf2:Agents:VariantAgents,,,,,,,http://access.rdatoolkit.org/rdachp11_rda11-5591.html
,,,mads:hasRelatedAuthority,Related Agents (RDA Chapter 30),false,true,bnode,,lc:RT:bf2:Agents:RelatedAgents,,,,,,,http://access.rdatoolkit.org/rdachp30_rda30-28.html
,,,mads:hasSource,Source Consulted (RDA 8.12),false,true,bnode,,lc:RT:bf2:Agents:Source,,,,,,,http://access.rdatoolkit.org/rdachp8_rda8-479.html
lc:RT:bf2:Agent:Family,Create family name,bf:Family,owl:sameAs,Search LCNAF,false,true,,,,http://id.loc.gov/authorities/names,IRIstem,,,,,
,,,rdfs:label,Preferred Name for Family (RDA 10.2.2) CORE ELEMENT,false,true,literal,,,,,,,,,http://access.rdatoolkit.org/rdachp10_rda10-241.html
,,,mads:FamilyNameElement,Type of Family (RDA 10.3) CORE ELEMENT,false,true,literal,,,,,,,,,http://access.rdatoolkit.org/rdachp10_rda10-468.html
,,,mads:DateNameElement,Date Associated with Family (RDA 10.4),false,true,bnode,,lc:RT:bf2:Agents:RWO:Dates,,,,,,,http://access.rdatoolkit.org/rdachp10_rda10-487.html
,,,mads:associatedLocale,Place Associated with Family (RDA 10.5),false,true,bnode,,lc:RT:bf2:Agents:RWO:OtherPlace,,,,,,,http://access.rdatoolkit.org/rdachp10_rda10-516.html
,,,mads:prominentFamilyMember,Prominent Member of Family (RDA 10.6),false,true,,,,,,,,,,http://access.rdatoolkit.org/rdachp10_rda10-549.html
,,,mads:honoraryTitle,Hereditary Title (RDA 10.7),false,true,literal,,,,,,,,,http://access.rdatoolkit.org/rdachp10_rda10-592.html
,,,mads:associatedLanguage,Language of Family (RDA 10.8),false,true,bnode,,lc:RT:bf2:Agents:RWO:AssociatedLanguage,,,,,,,http://access.rdatoolkit.org/rdachp10_rda10-9952.html
,,,mads:note,Family History (RDA 10.9),false,true,bnode,,lc:RT:bf2:Agent:Note,,,,,,,http://access.rdatoolkit.org/rdachp10_rda10-625.html
,,,mads:hasIdentifier,Identifier for Family (RDA 10.10),false,true,bnode,,lc:RT:bf2:Agent:Identifier,,,,,,,http://access.rdatoolkit.org/rdachp10_rda10-657.html
,,,mads:authoritativeLabel,Authorized Access Point Representing the Family (RDA 10.11.1),false,true,bnode,,lc:RT:bf2:Agents:RWO:IdentifiedbyAuthority,,,,,,,http://access.rdatoolkit.org/rdachp10_rda10-678.html
,,,mads:hasVariant,Variant Access Point Representing the Family (RDA 10.11.2),false,true,bnode,,lc:RT:bf2:Agents:VariantAgents,,,,,,,http://access.rdatoolkit.org/rdachp10_rda10-761.html
,,,mads:hasRelatedAuthority,Related Agents (RDA Chapter 30),false,true,bnode,,lc:RT:bf2:Agents:RelatedAgents,,,,,,,http://access.rdatoolkit.org/rdachp30_rda30-28.html
,,,mads:hasSource,Source Consulted (RDA 8.12),false,true,bnode,,lc:RT:bf2:Agents:Source,,,,,,,http://access.rdatoolkit.org/rdachp8_rda8-479.html
lc:RT:bf2:Agent:Identifier,Identifier,mads:Identifier,rdf:value,Identifier,false,true,literal,,,,,,,,,
,,,bf:source,Source of identifier,false,true,bnode,,lc:RT:bf2:Agent:Identifier:Source,,,,,,,
lc:RT:bf2:Agent:Identifier:Source,Source,bf:Source,rdfs:label,Source of identifier,false,true,literal,,,,,,,,,
lc:RT:bf2:Agent:Jurisdiction,Create jurisdiction name,bf:Jurisdiction,owl:sameAs,Search LCNAF,false,true,,,,http://id.loc.gov/authorities/names,IRIstem,,,,,
,,,rdfs:label,Preferred Name for Place (RDA 16.2.2),false,true,literal,,,,,,,,,http://access.rdatoolkit.org/rdachp16_rda16-322.html
,,,mads:hasIdentifier,Identifier for Place (RDA 9.18),false,true,bnode,,lc:RT:bf2:Agent:Identifier,,,,,,,http://access.rdatoolkit.org/rdachp16_rda16-768.html
,,,mads:authoritativeLabel,Authorized Access Point for the Place (RDA 11.13.1.1),false,true,literal,,,,,,,,,http://access.rdatoolkit.org/rdachp11_rda11-5163.html
,,,mads:hasVariant,Variant Access Point Representing the Place (RDA 11.13.2),false,true,bnode,,lc:RT:bf2:Agents:VariantAgents,,,,,,,http://access.rdatoolkit.org/rdachp11_rda11-5591.html
,,,mads:hasRelatedAuthority,Related Agents (RDA Chapter 30),false,true,bnode,,lc:RT:bf2:Agents:RelatedAgents,,,,,,,http://access.rdatoolkit.org/rdachp30_rda30-28.html
,,,mads:hasSource,Source Consulted (RDA 8.12),false,true,bnode,,lc:RT:bf2:Agents:Source,,,,,,,http://access.rdatoolkit.org/rdachp8_rda8-479.html
lc:RT:bf2:Agent:Note,Note,mads:note,rdfs:label,Note,false,true,literal,,,,,,,,,
lc:RT:bf2:Agent:Person,Create personal name,bf:Person,owl:sameAs,Search LCNAF,false,true,,,,http://id.loc.gov/authorities/names,IRIstem,,,,,
,,,rdfs:label,Preferred Name for Person (RDA 9.2.2) CORE ELEMENT,false,true,literal,,,,,,,,mads:PersonalName,http://access.rdatoolkit.org/rdachp9_rda9-822.html
,,,mads:fullerName,Fuller Form of Name (RDA 9.5) CORE IF ...,false,true,literal,,,,,,,,,http://www.loc.gov/mads/rdf/v1#
,,,mads:isIdentifiedByAuthority,Other Identifying Attributes (RDA 9.6-9.11),false,true,bnode,,lc:RT:bf2:Agents:RWO:IdentifiedbyAuthority,,,,,,,http://access.rdatoolkit.org/rdachp9_rda9-5161.html
,,,mads:hasAffiliationAddress,Address of Person (RDA 9.12),false,true,bnode,,lc:RT:bf2:Agents:Addresses | lc:RT:bf2:Agents:Addresses:Extended,,,,,,,http://access.rdatoolkit.org/rdachp9_rda9-5161.html
,,,mads:note,Biographical Information (RDA 9.17),false,true,bnode,,lc:RT:bf2:Agent:Note,,,,,,,http://access.rdatoolkit.org/rdachp9_rda9-5392.html
,,,mads:hasIdentifier,Identifier for the Person (RDA 9.18),false,true,bnode,,lc:RT:bf2:Agent:Identifier,,,,,,,http://access.rdatoolkit.org/rdachp9_rda9-5421.html
,,,mads:hasVariant,Variant Access Point Representing a Person (RDA 9.19.2),false,true,bnode,,lc:RT:bf2:Agents:VariantAgents,,,,,,,http://access.rdatoolkit.org/rdachp9_rda9-5726.html
,,,mads:hasRelatedAuthority,Related Agents (RDA Chapter 30),false,true,bnode,,lc:RT:bf2:Agents:RelatedAgents,,,,,,,http://access.rdatoolkit.org/rdachp30_rda30-28.html
,,,mads:hasSource,Source Consulted (RDA 8.12),false,true,bnode,,lc:RT:bf2:Agents:Source,,,,,,,http://access.rdatoolkit.org/rdachp8_rda8-479.html
lc:RT:bf2:Agent:PersonTest,Create personal name test,mads:PersonalName,bflc:marcKey,Heading,false,true,literal,,,,,,,,,
,,,mads:hasVariant,Variant heading,false,true,bnode,,lc:RT:bf2:Agent:PersonTest1,,,,,,,
,,,mads:fullerName,Fuller form of name,false,true,literal,,,,,,,,,
,,,mads:hasRelatedAuthority,Related agents,false,true,bnode,,lc:RT:bf2:Agents:RelatedAgents,,,,,,,
,,,http://id.loc.gov/vocabulary/identifiers/lccn,LCCN,false,true,literal,,,,,,,,,
,,,http://id.loc.gov/vocabulary/identifiers/local,"Other identifer ""(OCoLC) ...""",false,true,literal,,,,,,,,,
,,,mads:isIdentifiedByAuthority,Other identifying attributes (RWO),false,true,bnode,,lc:RT:bf2:Agent:PersonTestRWO,,,,,,,
,,,mads:hasSource,Sources consulted,false,true,bnode,,lc:RT:bf2:Agent:PersonTestSource,,,,,,,
,,,mads:editorialNote,Editorial note,false,true,literal,,,,,,,,,
lc:RT:bf2:Agent:PersonTest1,Variant heading test,mads:PersonalName,bflc:marcKey,Variant heading,false,true,literal,,,,,,,,,
lc:RT:bf2:Agent:PersonTestRWO,Other identifying attributes (RWO),mads:RWO,mads:birthDate,Birth date,false,true,literal,,,,,,,,,
,,,mads:deathDate,Death date,false,true,literal,,,,,,,,,
,,,mads:honoraryTitle,Honorary title,false,true,literal,,,,,,,,,
,,,mads:birthPlace,Birth place,false,true,,,,http://id.loc.gov/authorities/names,IRIstem,,,,mads:Geographic,
,,,mads:occupation,Occupation,false,true,,,,http://id.loc.gov/authorities/subjects | http://id.loc.gov/authorities/demographicTerms,IRIstem,,,,mads:Occupation,
,,,mads:associatedLanguage,Associated language,false,true,,,,http://id.loc.gov/vocabulary/languages,IRIstem,,,,mads:Language,
lc:RT:bf2:Agent:PersonTestSource,Citation source,mads:Source,mads:citationSource,Citation source,false,true,literal,,,,,,,,,
,,,mads:citationNote,Citation note,false,true,literal,,,,,,,,,
,,,mads:citationStatus,Citation status (found or not found),false,true,literal,,,,,,,,,
lc:RT:bf2:Agent:bfConf,Conference,bf:Meeting,owl:sameAs,Search LCNAF,false,true,,,,http://preprod.id.loc.gov/authorities/names,IRIstem,,,,,
lc:RT:bf2:Agent:bfCorp,Corporate body,bf:Organization,owl:sameAs,Search LCNAF,false,true,,,,http://preprod.id.loc.gov/authorities/names,IRIstem,,,,,
lc:RT:bf2:Agent:bfFamily,Family,bf:Family,owl:sameAs,Search LCNAF,false,true,,,,http://preprod.id.loc.gov/authorities/names,IRIstem,,,,,
lc:RT:bf2:Agent:bfJurisdiction,Jurisdiction,bf:Jurisdiction,owl:sameAs,Search LCNAF,false,true,,,,http://preprod.id.loc.gov/authorities/names,IRIstem,,,,,
lc:RT:bf2:Agent:bfPerson,Person,bf:Person,owl:sameAs,Search LCNAF,false,true,,,,http://preprod.id.loc.gov/authorities/names,IRIstem,,,,,
lc:RT:bf2:Agents:Addresses,Addresses,mads:Address,mads:Address,Address of Person (RDA 9.12),false,true,literal,,,,,,,,,http://access.rdatoolkit.org/rdachp9_rda9-5161.html
,,,mads:email,Email Address of Person,false,true,literal,,,,,,,,,
,,,mads:AffiliationAddress,Address of Corporate Body (RDA 11.9),false,true,literal,,,,,,,,,http://access.rdatoolkit.org/rdachp11_rda11-5022.html
,,,mads:email,Email Address of Corporate Body,false,true,literal,,,,,,,,,
lc:RT:bf2:Agents:Addresses:Extended,"Addresses, extended",mads:Address,mads:streetAddress,Street Address 1,false,true,literal,,,,,,,,,
,,,mads:extendedAddress,Street Address 2,false,true,literal,,,,,,,,,
,,,mads:city,City,false,true,literal,,,,,,,,,
,,,mads:state,State,false,true,literal,,,,,,,,,
,,,mads:country,Country,false,true,literal,,,,,,,,,
,,,mads:postcode,Zip Code or Post Code,false,true,literal,,,,,,,,,
lc:RT:bf2:Agents:Contribution,Contribution,bf:Contribution,bf:agent,Agent,false,true,bnode,,lc:RT:bf2:Agent:bfPerson | lc:RT:bf2:Agent:bfCorp | lc:RT:bf2:Agent:bfConf | lc:RT:bf2:Agent:bfJurisdiction | lc:RT:bf2:Agent:bfFamily,,,,,,,"https://staff.loc.gov/wikis/display/BP2/Marva+cataloging+updates#Marvacatalogingupdates-Contributors(1XX,6XX,7XX)"
,,,bf:role,Relationship designator(s),false,true,,,,http://id.loc.gov/vocabulary/relators | https://id.loc.gov/vocabulary/rbmsrel,IRIstem,,,,,https://staff.loc.gov/wikis/display/BP2/Marva+cataloging+updates#Marvacatalogingupdates-AgentRolesMarva+cataloging+updates#Marvacatalogingupdates-AgentRoles
lc:RT:bf2:Agents:RWO:Affiliation,Affiliation,mads:Affiliation,mads:authoritativeLabel,Search LCNAF,false,true,,,,,,,,,mads:Affiliation,
,,,mads:Affiliation,"Input Affiliation (RDA 9.13, RDA 11.5)",false,true,literal,,,,,,,,,
,,,mads:affiliationStart,Affiliation Start Date,false,true,literal,,,,,,,,,
,,,mads:affiliationEnd,Affiliation End Date,false,true,literal,,,,,,,,,
lc:RT:bf2:Agents:RWO:AssociatedLanguage,Associated Language,mads:Language,mads:associatedLanguage,"Language of Agent (RDA 9.14, RDA 10.8, RDA 11.8)",false,true,,,,,,,,,mads:Language,
lc:RT:bf2:Agents:RWO:Country,Associated Locale: Country,mads:Geographic,mads:associatedLocale,Search LCNAF,false,true,,,,,,,,,mads:Country,
,,,mads:associatedLocale,Input Country Associated with Person (RDA 9.10),false,true,literal,,,,,,,,,http://access.rdatoolkit.org/rdachp9_rda9-5089.html
,,,mads:activityStartDate,Start Date Associated with Country,false,true,literal,,,,,,,,,
,,,mads:activityEndDate,End Date Associated with Country,false,true,literal,,,,,,,,,
lc:RT:bf2:Agents:RWO:Dates,Dates,mads:RWO,mads:activityStartDate,Period of Activity Start Date,false,true,literal,,,,,,,,,
,,,mads:activityEndDate,Period of Activity End Date,false,true,literal,,,,,,,,,
,,,mads:establishDate,Establishment Date,false,true,literal,,,,,,,,,
,,,mads:terminateDate,Termination Date,false,true,literal,,,,,,,,,
lc:RT:bf2:Agents:RWO:FieldofActivity,Field of Activity,mads:RWO,mads:fieldOfActivity,Search LCSH,false,true,,,,,,,,,mads:fieldOfActivity,
,,,rdfs:label,"Input Field of Activity (RDA 9.15, RDA 11.10)",false,true,literal,,,,,,,,mads:fieldOfActivity,
,,,mads:activityStartDate,Field of Activity Start Date,false,true,literal,,,,,,,,,
,,,mads:activityEndDate,Field of Activity End Date,false,true,literal,,,,,,,,,
lc:RT:bf2:Agents:RWO:Gender,Gender,mads:RWO,mads:gender,Search LCDGT/LCSH,false,true,,,,,,,,,mads:gender,
,,,mads:DateNameElement,Dates Associated with Gender,false,true,bnode,,lc:RT:bf2:Agents:RWO:Dates,,,,,,,
lc:RT:bf2:Agents:RWO:HonoraryTitle,Honorary Title,mads:honoraryTitle,mads:honoraryTitle,Honorary Title (RDA 9.4),false,true,literal,,,,,,,,,http://access.rdatoolkit.org/rdachp9_rda9-4631.html
lc:RT:bf2:Agents:RWO:IdentifiedbyAuthority,Other Identifying Attributes,mads:RWO,rdfs:label,Authorized Access Point for the Person (RDA 9.19),false,true,literal,,,,,,,,,http://access.rdatoolkit.org/rdachp9_rda9-5464.html
,,,mads:birthDate,Date of Birth (RDA 9.3.2) CORE ELEMENT,false,true,literal,,,,,,,,,http://access.rdatoolkit.org/rdachp9_rda9-4490.html
,,,mads:deathDate,Date of Death (RDA 9.3.3) CORE ELEMENT,false,true,literal,,,,,,,,,http://access.rdatoolkit.org/rdachp9_rda9-4542.html
,,,mads:RWO,Period of Activity of Person (RDA 9.3.4) CORE IF...,false,true,bnode,,lc:RT:bf2:Agents:RWO:Dates,,,,,,,http://access.rdatoolkit.org/rdachp9_rda9-4588.html
,,,mads:TermsOfAddressNameElement,Title of Person (RDA 9.4) CORE IF ...,false,true,literal,,,,,,,,,http://access.rdatoolkit.org/rdachp9_rda9-4631.html
,,,mads:honoraryTitle,Honorary Title (RDA 9.4),false,true,literal,,,,,,,,,http://access.rdatoolkit.org/rdachp9_rda9-4631.html
,,,mads:entityDescriptor,Other Designation Associated with Person (RDA 9.6) CORE IF ...,false,true,literal,,,,,,,,,http://access.rdatoolkit.org/rdachp9_rda9-4980.html
,,,mads:associatedLanguage,Language of Person (RDA 9.14),false,true,bnode,,lc:RT:bf2:Agents:RWO:AssociatedLanguage,,,,,,,http://access.rdatoolkit.org/rdachp9_rda9-5213.html
,,,mads:gender,Gender (RDA 9.7),false,true,bnode,,lc:RT:bf2:Agents:RWO:Gender,,,,,,,http://access.rdatoolkit.org/rdachp9_rda9-5004.html
,,,mads:associatedLocale,Associated Places for Persons (RDA 9.8 - 9.11),false,true,bnode,,lc:RT:bf2:Agents:RWO:PlaceofBirth | lc:RT:bf2:Agents:RWO:PlaceofDeath | lc:RT:bf2:Agents:RWO:Country | lc:RT:bf2:Agents:RWO:PlaceOfResidence,,,,,,,http://access.rdatoolkit.org/rdachp9_rda9-5029.html
,,,mads:hasAffiliation,Affilation (RDA 9.13),false,true,bnode,,lc:RT:bf2:Agents:RWO:Affiliation,,,,,,,http://access.rdatoolkit.org/rdachp11_rda11-5022.html
,,,mads:fieldOfActivity,Field of Activity of Person (RDA 9.15),false,true,bnode,,lc:RT:bf2:Agents:RWO:FieldofActivity,,,,,,,http://access.rdatoolkit.org/rdachp9_rda9-5242.html
,,,mads:occupation,Profession or Occupation (RDA 9.16),false,true,bnode,,lc:RT:bf2:Agents:RWO:Occupation,,,,,,,http://access.rdatoolkit.org/rdachp9_rda9-5315.html
,,,mads:prominentFamilyMember,Prominent Member of Family (RDA 10.6),false,true,,,,,,,,,,http://access.rdatoolkit.org/rdachp10_rda10-549.html
lc:RT:bf2:Agents:RWO:LocationOfConference,Associated Locale: Location of Conference,mads:Geographic,mads:associatedLocale,Search Location,false,true,,,,,,,,,mads:Geographic,
,,,mads:associatedLocale,"Input Location of Conference, Etc. (RDA 11.3.2)",false,true,literal,,,,,,,,,http://access.rdatoolkit.org/rdachp11_rda11-4164.html
lc:RT:bf2:Agents:RWO:Occupation,Occupation,mads:Occupation,mads:authoritativeLabel,Search LCSH/LCDGT,false,true,,,,,,,,,mads:Occupation,
,,,rdfs:label,Input Profession or Occupation (RDA 9.16),false,true,literal,,,,,,,,mads:Occupation,http://access.rdatoolkit.org/rdachp9_rda9-5315.html
,,,mads:activityStartDate,Start Date Associated with Profession or Occupation,false,true,literal,,,,,,,,,
,,,mads:activityEndDate,End Date Associated with Profession or Occupation,false,true,literal,,,,,,,,,
lc:RT:bf2:Agents:RWO:OtherPlace,Associated Locale: Other Associated Place,mads:Geographic,mads:associatedLocale,Search LCNAF/LCSH,false,true,,,,,,,,,mads:Geographic,
,,,mads:associatedLocale,Input Other Place Associated with Corporate Body (RDA 11.3.3),false,true,literal,,,,,,,,,http://access.rdatoolkit.org/rdachp11_rda11-4260.html
,,,mads:activityStartDate,Other Place Start Date,false,true,literal,,,,,,,,,
,,,mads:activityEndDate,Other Place End Date,false,true,literal,,,,,,,,,
lc:RT:bf2:Agents:RWO:PlaceOfResidence,Associated Locale: Place of Residence,mads:Geographic,mads:associatedLocale,Search LCNAF/LCSH,false,true,,,,,,,,,mads:Geographic,
,,,mads:associatedLocale,Input Place of Residence (RDA 9.11),false,true,literal,,,,,,,,,http://access.rdatoolkit.org/rdachp9_rda9-5121.html
,,,mads:activityStartDate,Place of Residence Start Date,false,true,literal,,,,,,,,,
,,,mads:activityEndDate,Place of Residence End Date,false,true,literal,,,,,,,,,
lc:RT:bf2:Agents:RWO:PlaceofBirth,Associated Locale: Place of Birth,mads:Geographic,mads:birthPlace,Search LCNAF,false,true,,,,,,,,,mads:Geographic,
,,,mads:birthPlace,Input Place of Birth (RDA 9.8),false,true,literal,,,,,,,,,http://access.rdatoolkit.org/rdachp9_rda9-5029.html
lc:RT:bf2:Agents:RWO:PlaceofDeath,Associated Locale: Place of Death,mads:Geographic,mads:deathPlace,Search LCNAF,false,true,,,,,,,,,mads:Geographic,
,,,mads:deathPlace,Input Place of Death (RDA 9.9),false,true,literal,,,,,,,,,http://access.rdatoolkit.org/rdachp9_rda9-5062.html
lc:RT:bf2:Agents:RWO:ProminentFamilyMember,Prominent Family Member,mads:prominentFamilyMember,mads:authoritativeLabel,Prominent Member of Family (RDA 10.6),false,true,,,,,,,,,mads:prominentFamilyMember,http://access.rdatoolkit.org/rdachp10_rda10-549.html
lc:RT:bf2:Agents:RelatedAgents,Related agents,mads:Authority,owl:sameAs,Search agents,false,true,,,,http://id.loc.gov/authorities/names,IRIstem,,,,mads:Authority,
,,,rdfs:label,Relationship designator,false,true,bnode,,lc:RT:bf2:Agent:Role,,,,,,bf:Role,http://access.rdatoolkit.org/rdaappk_rdak-15.html
lc:RT:bf2:Agents:Source,Sources consulted and cataloger's notes,mads:Source,mads:citationSource,Source Consulted (RDA 8.12),false,true,literal,,,,,,,,,http://access.rdatoolkit.org/rdachp8_rda8-479.html
,,,mads:citationNote,Source Consulted Note (RDA 8.12),false,true,literal,,,,,,,,,http://access.rdatoolkit.org/rdachp8_rda8-479.html
,,,mads:citationStatus,Source Citation Status (RDA 8.12),false,true,literal,,,,,,,,,http://access.rdatoolkit.org/rdachp8_rda8-479.html
,,,mads:editorialNote,Cataloger's Note (RDA 8.13),false,true,literal,,,,,,,,,http://access.rdatoolkit.org/rdachp8_rda8-531.html
lc:RT:bf2:Agents:VariantAgents,Variant access points representing agents,mads:hasVariant,mads:hasVariant,Variant Access Point Representing an Agent,false,true,literal,,,,,,,,,http://access.rdatoolkit.org/rdachp9_rda9-5726.html
lc:RT:bf2:Agents:bfContribution,Collection/contribution,bf:Contribution,bf:agent,Search LCNAF,false,true,bnode,,lc:RT:bf2:Agent:bfPerson | lc:RT:bf2:Agent:bfCorp | lc:RT:bf2:Agent:bfConf | lc:RT:bf2:Agent:bfFamily | lc:RT:bf2:Agent:bfJurisdiction,,,,,,,
,,,bf:role,Relationship designator(s),false,true,,,,http://id.loc.gov/vocabulary/relators,IRIstem,,,,bf:Role,
,,,bflc:applicableInstitution,Applicable institution,false,true,,,,http://id.loc.gov/vocabulary/organizations,IRIstem,,DLC,http://id.loc.gov/vocabulary/organizations/dlc,bflc:ApplicableInstitution,
lc:RT:bf2:Agents:skosConcept,Concept,skos:Concept,rdfs:label,Label,false,true,literal,,,,,,,,,
lc:RT:bf2:Analog:Instance,BIBFRAME Instance,bf:Instance,bf:instanceOf,Instance of,false,false,bnode,,lc:RT:bf2:Analog:Work,,,,,,,
,,,bf:title,Title information,true,true,bnode,,lc:RT:bf2:InstanceTitle | lc:RT:bf2:Title:VarTitle | lc:RT:bf2:ParallelTitle,,,,,,,https://original.rdatoolkit.org/rdachp2_rda2-3376.html
,,,bf:responsibilityStatement,Statement of responsibility,false,true,literal,,,,,,,,,http://original.rdatoolkit.org/2.4.2.html
,,,bf:editionStatement,Edition statement,false,true,literal,,,,,,,,,http://original.rdatoolkit.org/2.5.html
,,,bf:provisionActivity,Provision activity,false,true,bnode,,lc:RT:bf2:PubInfoNew | lc:RT:bf2:ManuInfoNew | lc:RT:bf2:DistInfoNew | lc:RT:bf2:ProdInfoNew,,,,,,,https://staff.loc.gov/wikis/display/BP2/Marva+cataloging+updates#Marvacatalogingupdates-ProvisionActivity(264)
,,,bf:copyrightDate,Copyright date,false,true,literal,,,,,,,,,http://original.rdatoolkit.org/2.11.html
,,,bf:issuance,Mode of issuance,false,true,,,,http://id.loc.gov/vocabulary/issuance,IRIstem,,single unit,http://id.loc.gov/vocabulary/issuance/mono,bf:Issuance,http://original.rdatoolkit.org/2.13.html
,,,bf:identifiedBy,Identifiers,false,true,bnode,,lc:RT:bf2:Identifiers:LCCN | lc:RT:bf2:Identifiers:AudioIssue | lc:RT:bf2:Identifiers:Matrix | lc:RT:bf2:Identifiers:UPC | lc:RT:bf2:Identifiers:EAN | lc:RT:bf2:Identifiers:ISBN | lc:RT:bf2:Identifiers:Copyright | lc:RT:bf2:Identifiers:Other | lc:RT:bf2:Identifiers:Local | lc:RT:bf2:Identifiers:Distributor | lc:RT:bf2:Identifiers:ISRC | lc:RT:bf2:Identifiers:ISMN | lc:RT:bf2:Identifiers:Gtin14 | lc:RT:bf2:Identifiers:Oclc,,,,,,,
,,,bf:note,Notes about the Instance,false,true,bnode,,lc:RT:bf2:Note,,,,,,,http://original.rdatoolkit.org/2.17.html
,,,bf:supplementaryContent,Supplementary content URL,false,true,bnode,,lc:RT:bf2:SupplContentNote,,,,,,,
,,,bf:media,Media type,false,true,,,,http://id.loc.gov/vocabulary/mediaTypes,IRIstem,,audio,http://id.loc.gov/vocabulary/mediaTypes/s,bf:Media,http://original.rdatoolkit.org/3.2.html
,,,bf:carrier,Carrier type,false,true,,,,http://id.loc.gov/vocabulary/carriers,IRIstem,,audio disc,http://id.loc.gov/vocabulary/carriers/sd,bf:Carrier,http://original.rdatoolkit.org/3.3.html
,,,bf:extent,Physical description,false,true,bnode,,lc:RT:bf2:Extent,,,,,,,https://original.rdatoolkit.org/3.4.html
,,,bf:dimensions,Dimensions,false,false,literal,,,,,,,,,http://original.rdatoolkit.org/3.5.html
,,,bf:duration,Duration,false,true,literal,,,,,,,,,http://original.rdatoolkit.org/rdachp7_rda7-1572.html
,,,bf:baseMaterial,Base material,false,true,,,,http://id.loc.gov/vocabulary/mmaterial,IRIstem,,,,bf:BaseMaterial,http://original.rdatoolkit.org/3.6.html
,,,bf:appliedMaterial,Applied material,false,true,,,,http://id.loc.gov/vocabulary/mmaterial,IRIstem,,,,bf:AppliedMaterial,http://original.rdatoolkit.org/3.7.html
,,,bf:productionMethod,Production method,false,true,,,,http://id.loc.gov/vocabulary/mproduction,IRIstem,,,,bf:ProductionMethod,
,,,bf:generation,Recording generation,false,true,,,,http://id.loc.gov/vocabulary/mgeneration,IRIstem,,,,bf:Generation,http://original.rdatoolkit.org/3.10.html
,,,bf:soundCharacteristic,Sound characteristics,false,true,bnode,,lc:RT:bf2:TypeRec2 | lc:RT:bf2:RecMedium | lc:RT:bf2:Analog:PlayingSpeed | lc:RT:bf2:Analog:Sound6 | lc:RT:bf2:Playback | lc:RT:bf2:SpecPlayback | lc:RT:bf2:CaptureStorage,,,,,,,
,,,bf:electronicLocator,URL of Instance,false,true,bnode,,lc:RT:bf2:URL,,,,,,,http://original.rdatoolkit.org/4.6.html
,,,bf:hasItem,Has Item,false,true,bnode,,lc:RT:bf2:Analog:Item,,,,,,,
lc:RT:bf2:Analog:Item,BIBFRAME Item,bf:Item,bf:electronicLocator,URL of Item,false,true,bnode,,lc:RT:bf2:URL,,,,,,,
,,,bf:contribution,Collection/contribution,false,true,bnode,,lc:RT:bf2:Agents:bfContribution,,,,,,bf:Contribution,
,,,bf:note,Notes about the Item,false,true,bnode,,lc:RT:bf2:NoteLc,,,,,,,
lc:RT:bf2:Analog:PlayingSpeed,Playing speed,bf:PlayingSpeed,bf:PlayingSpeed,Playing speed,false,true,,,,http://id.loc.gov/vocabulary/mplayspeed,IRIstem,,,,,http://original.rdatoolkit.org/3.16.4.html
lc:RT:bf2:Analog:Sound6,Groove characteristic,bf:GrooveCharacteristic,bf:GrooveCharacteristic,Lookup,false,false,,,,http://id.loc.gov/vocabulary/mgroove,IRIstem,,,,,http://original.rdatoolkit.org/3.16.5.html
lc:RT:bf2:Analog:Work,BIBFRAME Work,bf:Work,bf:contribution,Creator of Work,false,true,bnode,,lc:RT:bflc:Agents:PrimaryContribution,,,,,,bf:PrimaryContribution,
,,,bf:title,Title information,true,true,bnode,,lc:RT:bf2:WorkTitle | lc:RT:bf2:Title:VarTitle | lc:RT:bf2:ParallelTitle,,,,,,,https://staff.loc.gov/wikis/display/BP2/Marva+cataloging+updates#Marvacatalogingupdates-Work/ExpressionTitles
,,,bf:genreForm,Genre/Form,false,true,bnode,,lc:RT:bf2:Form,,,,,,bf:GenreForm,
,,,bf:originDate,Date of Work,false,true,literal,,,,,,,,http://www.loc.gov/standards/datetime/pre-submission.html,http://original.rdatoolkit.org/6.4.html
,,,bf:originPlace,Place of origin of the Work,false,true,,,,http://id.loc.gov/vocabulary/countries,IRIstem,,,,bf:Place,http://original.rdatoolkit.org/6.5.html
,,,bf:musicMedium,Medium of performance statement,false,true,bnode,,lc:RT:bf2:MOPStatement,,,,,,,
,,,pom:hasMediumType,has Medium Type (new),false,true,bnode,,lc:RT:bf2:PMOMedPerf:EnsembleSize,,,,,,,
,,,pom:hasMediumComponent,has Medium Component (new),false,true,bnode,,lc:RT:bf2:PMOMedPerf:MediumComp,,,,,,,
,,,bf:musicSerialNumber,Music serial number,false,true,literal,,,,,,,,,http://original.rdatoolkit.org/6.16.html
,,,bf:musicOpusNumber,Music opus number,false,true,literal,,,,,,,,,http://original.rdatoolkit.org/6.16.1.3.2.html
,,,bf:musicThematicNumber,Thematic index number,false,true,literal,,,,,,,,,http://original.rdatoolkit.org/rdachp6_rda6-4781.html
,,,bf:musicKey,Key,false,true,literal,,,,,,,,,http://original.rdatoolkit.org/6.17.html
,,,bf:temporalCoverage,(Time) coverage of the content,false,true,literal,,,,,,,,,http://original.rdatoolkit.org/7.3.html
,,,bf:intendedAudience,Intended audience,false,true,bnode,,lc:RT:bf2:Audience,,,,,,,http://original.rdatoolkit.org/7.7.html
,,,bf:contribution,Contribution,false,true,bnode,,lc:RT:bf2:Agents:Contribution,,,,,,bf:Contribution,
,,,bf:geographicCoverage,Geographic coverage,false,true,bnode,,lc:RT:bf2:Form:Geog,,,,,,,
,,,bf:subject,Subjects,false,true,bnode,,lc:RT:bf2:Components | lc:RT:bf2:Topic:Place:Components | lc:RT:bf2:Topic:SubjectWork,,,,,,,http://access.rdatoolkit.org/rdachp23_rda23-12.html
,,,bf:note,Notes about the Work,false,true,bnode,,lc:RT:bf2:Note,,,,,,,
,,,bf:tableOfContents,Contents,false,true,bnode,,lc:RT:bf2:Contents,,,,,,,
,,,bf:summary,Summary,false,true,bnode,,lc:RT:bf2:Summary,,,,,,,https://original.rdatoolkit.org/7.10.html
,,,bf:content,Content type,false,true,,,,http://id.loc.gov/vocabulary/contentTypes,IRIstem,,performed music,http://id.loc.gov/vocabulary/contentTypes/prm,bf:Content,http://original.rdatoolkit.org/6.9.html
,,,bf:language,"Language (008 [1st], 041 $a [others])",false,true,,,,http://id.loc.gov/vocabulary/languages,IRIstem,,,,bf:Language,https://staff.loc.gov/wikis/display/BP2/Marva+cataloging+updates#Marvacatalogingupdates-Languages(041)
,,,bf:accompaniedBy,Language resource (041 $bdefgt),false,true,bnode,,lc:RT:bf2:LangResource,,,,,,,https://staff.loc.gov/wikis/display/BP2/Marva+cataloging+updates#Marvacatalogingupdates-Languages(041)
,,,bf:note,Language note (041 $hijkmnpqr),false,true,bnode,,lc:RT:bf2:LangNote,,,,,,,https://staff.loc.gov/wikis/display/BP2/Marva+cataloging+updates#Marvacatalogingupdates-Languages(041)
,,,bf:identifiedBy,Identifiers,false,true,bnode,,lc:RT:bf2:Identifiers:Matrix | lc:RT:bf2:Identifiers:LCCN,,,,,,,
,,,bf:capture,Capture information,false,true,bnode,,lc:RT:bf2:Capture,,,,,,,
,,,bf:supplementaryContent,Supplementary content,false,true,,,,http://id.loc.gov/vocabulary/msupplcont,IRIstem,,,,bf:SupplementaryContent,
,,,bf:relation,Search related work/series,false,true,bnode,,lc:RT:bf2:RelWorkLookup,,,,,,,"https://staff.loc.gov/wikis/display/BP2/Marva+cataloging+updates#Marvacatalogingupdates-Hubs(240;X00,X10,X11with$t;X30)"
,,,bf:relation,Input transcribed series,false,true,bnode,,lc:RT:bf2:SeriesHub,,,,,,bf:Relation,"https://staff.loc.gov/wikis/display/BP2/Marva+cataloging+updates#Marvacatalogingupdates-Series(490,8XX)"
,,,bf:hasInstance,Add BIBFRAME Instance,false,true,bnode,,lc:RT:bf2:Analog:Instance,,,,,,,
lc:RT:bf2:AppliesTo,Applies to,bflc:AppliesTo,rdfs:label,Applies to,false,true,literal,,,,,,,,,
lc:RT:bf2:Audience,Intended Audience,bf:IntendedAudience,bf:IntendedAudience,Lookup,false,true,,,,http://id.loc.gov/vocabulary/maudience | http://id.loc.gov/authorities/demographicTerms,IRIstem,,,,,
,,,bf:source,Source,false,true,,,,http://id.loc.gov/vocabulary/subjectSchemes,IRIstem,,lcdgt,http://id.loc.gov/vocabulary/subjectSchemes/lcdgt,bf:Source,
lc:RT:bf2:BroadStand,Broadcast standard,bf:BroadcastStandard,bf:BroadcastStandard,Lookup,false,true,,,,http://id.loc.gov/vocabulary/mbroadstd,IRIstem,,,,,
lc:RT:bf2:Capture,Capture information,bf:Capture,bf:place,Place of capture,false,true,,,,http://id.loc.gov/authorities/names | http://id.loc.gov/authorities/subjects,IRIstem,,,,bf:Place,http://original.rdatoolkit.org/7.11.2.html
,,,bf:date,Date of capture,false,true,literal,,,,,,,,,http://original.rdatoolkit.org/7.11.3.html
,,,bf:note,Capture note,false,true,bnode,,lc:RT:bf2:Note,,,,,,,
,,,bflc:appliesTo,Applies to,false,true,bnode,,lc:RT:bf2:AppliesTo,,,,,,,
lc:RT:bf2:CaptureStorage,Capture and storage,bf:CaptureStorage,owl:sameAs,Lookup,false,true,,,,http://id.loc.gov/vocabulary/mcapturestorage,IRIstem,,,,,
lc:RT:bf2:Cartographic:Attributes,Cartographic attributes,bf:Cartographic,bf:coordinates,Coordinates,false,true,literal,,,,,,,,,http://original.rdatoolkit.org/7.4.html
,,,bf:projection,Projection,false,true,,,,http://id.loc.gov/vocabulary/mprojection,IRIstem,,,,bf:Projection,http://original.rdatoolkit.org/7.26.html
,,,bf:relief,Relief,false,true,,,,http://id.loc.gov/vocabulary/mrelief,IRIstem,,,,bf:Relief,
lc:RT:bf2:Cartographic:DataType,Cartographic data type,bf:CartographicDataType,rdfs:label,Cartographic data type,false,true,literal,,,,,,,,,http://original.rdatoolkit.org/3.19.8.5.html
lc:RT:bf2:Cartographic:EncodingFormat,Encoding format,bf:EncodingFormat,owl:sameAs,Digital image format,false,true,,,,http://id.loc.gov/vocabulary/mencformat,IRIstem,,,,,
lc:RT:bf2:Cartographic:FileType,File type,bf:FileType,owl:sameAs,File type,false,true,,,,http://id.loc.gov/vocabulary/mfiletype,IRIstem,,,,,
lc:RT:bf2:Cartographic:Instance,BIBFRAME Instance,bf:Instance,bf:title,Title information,true,true,bnode,,lc:RT:bf2:InstanceTitle | lc:RT:bf2:Title:VarTitle | lc:RT:bf2:ParallelTitle,,,,,,,http://original.rdatoolkit.org/rdachp2_rda2-3075.html
,,,bf:instanceOf,Instance of,false,false,bnode,,lc:RT:bf2:Cartographic:Work,,,,,,,
,,,bf:responsibilityStatement,Statement of responsibility,false,true,literal,,,,,,,,,http://original.rdatoolkit.org/2.4.2.html
,,,bf:copyrightDate,Copyright date,false,true,literal,,,,,,,,,http://original.rdatoolkit.org/2.11.html
,,,bf:note,Notes about the Instance,false,true,bnode,,lc:RT:bf2:Note,,,,,,,http://original.rdatoolkit.org/2.17.html
,,,bf:issuance,Mode of issuance,false,true,,,,http://id.loc.gov/vocabulary/issuance,IRIstem,,single unit,http://id.loc.gov/vocabulary/issuance/mono,bf:Issuance,http://original.rdatoolkit.org/2.13.html
,,,bf:identifiedBy,Identifiers,false,true,bnode,,lc:RT:bf2:Identifiers:ISBN | lc:RT:bf2:Identifiers:Oclc | lc:RT:bf2:Identifiers:Other | lc:RT:bf2:Identifiers:Local | lc:RT:bf2:Identifiers:ReportNum | lc:RT:bf2:Identifiers:LCCN,,,,,,,
,,,bf:supplementaryContent,Supplementary content URL,false,true,bnode,,lc:RT:bf2:SupplContentNote,,,,,,,
,,,bf:editionStatement,Edition statement,false,true,literal,,,,,,,,,http://original.rdatoolkit.org/2.5.html
,,,bf:dimensions,Dimensions,false,true,literal,,,,,,,,,http://original.rdatoolkit.org/3.5.html
,,,bf:extent,Physical description,false,true,bnode,,lc:RT:bf2:Extent,,,,,,,http://original.rdatoolkit.org/rdachp3_rda3-2080.html
,,,bf:carrier,Carrier type,false,true,,,,http://id.loc.gov/vocabulary/carriers,IRIstem,,sheet,http://id.loc.gov/vocabulary/carriers/nb,bf:Carrier,http://original.rdatoolkit.org/3.3.html
,,,bf:baseMaterial,Base material,false,true,,,,http://id.loc.gov/vocabulary/mmaterial,IRIstem,,,,bf:BaseMaterial,http://original.rdatoolkit.org/3.6.html
,,,bf:layout,Layout,false,true,,,,http://id.loc.gov/vocabulary/mlayout,IRIstem,,,,bf:Layout,http://original.rdatoolkit.org/3.11.html
,,,bf:hasItem,Has Item,false,true,bnode,,lc:RT:bf2:Cartographic:Item,,,,,,,
,,,bf:electronicLocator,URL of Instance,false,true,bnode,,lc:RT:bf2:URL,,,,,,,http://original.rdatoolkit.org/4.6.html
,,,bf:media,Media type,false,true,,,,http://id.loc.gov/vocabulary/mediaTypes,IRIstem,,unmediated,http://id.loc.gov/vocabulary/mediaTypes/n,bf:Media,http://original.rdatoolkit.org/3.2.html
,,,bf:polarity,Polarity,false,true,,,,http://id.loc.gov/vocabulary/mpolarity,IRIstem,,,,bf:Polarity,http://original.rdatoolkit.org/3.14.html
,,,bf:digitalCharacteristic,Digital file characteristic,false,true,bnode,,lc:RT:bf2:Cartographic:FileType | lc:RT:bf2:Cartographic:DataType | lc:RT:bf2:Cartographic:ObjectType | lc:RT:bf2:Cartographic:EncodingFormat,,,,,,,
,,,bf:provisionActivity,Provision activity,false,true,bnode,,lc:RT:bf2:PubInfoNew | lc:RT:bf2:ManuInfoNew | lc:RT:bf2:DistInfoNew | lc:RT:bf2:ProdInfoNew,,,,,,,https://staff.loc.gov/wikis/display/BP2/Marva+cataloging+updates#Marvacatalogingupdates-ProvisionActivity(264)
lc:RT:bf2:Cartographic:Item,BIBFRAME Item,bf:Item,bf:classification,"Copy, issue, offprint number",false,true,bnode,,lc:RT:bf2:Item:LCC,,,,,,,
,,,bf:electronicLocator,URL of Item,false,true,bnode,,lc:RT:bf2:URL,,,,,,,
,,,bf:contribution,Collection/contribution,false,true,bnode,,lc:RT:bf2:Agents:bfContribution,,,,,,bf:Contribution,
,,,bf:note,Notes about the Item,false,true,bnode,,lc:RT:bf2:NoteLc,,,,,,,
lc:RT:bf2:Cartographic:ObjectType,Cartographic object type,bf:CartographicObjectType,rdfs:label,Cartographic object type,false,true,literal,,,,,,,,,http://original.rdatoolkit.org/3.19.8.html
,,,bf:count,Object count,false,true,literal,,,,,,,,,
lc:RT:bf2:Cartographic:ScaleNew,Numeric scale value,bf:Scale,rdf:value,Scale value (ex: 1:100),false,true,literal,,,,,,,,,
lc:RT:bf2:Cartographic:Work,BIBFRAME Work,bf:Work,bf:contribution,Creator of Work,false,true,bnode,,lc:RT:bflc:Agents:PrimaryContribution,,,,,,bf:PrimaryContribution,
,,,bf:title,Title information,true,true,bnode,,lc:RT:bf2:WorkTitle | lc:RT:bf2:Title:VarTitle | lc:RT:bf2:ParallelTitle,,,,,,,https://staff.loc.gov/wikis/display/BP2/Marva+cataloging+updates#Marvacatalogingupdates-Work/ExpressionTitles
,,,bf:contribution,Contributors,false,true,bnode,,lc:RT:bf2:Agents:Contribution,,,,,,bf:Contribution,
,,,bf:note,Notes about the Work,false,true,bnode,,lc:RT:bf2:Note,,,,,,,
,,,bf:tableOfContents,Contents,false,true,bnode,,lc:RT:bf2:Contents,,,,,,,
,,,bf:summary,Summary,false,true,bnode,,lc:RT:bf2:Summary,,,,,,,http://original.rdatoolkit.org/rdachp7_rda7-774.html
,,,bf:subject,Subjects,false,true,bnode,,lc:RT:bf2:Components | lc:RT:bf2:Topic:Place:Components | lc:RT:bf2:Topic:SubjectWork,,,,,,,http://original.rdatoolkit.org/rdachp23_rda23-11.html
,,,bf:geographicCoverage,Geographic coverage,false,true,bnode,,lc:RT:bf2:Form:Geog,,,,,,,
,,,bf:genreForm,Genre/Form,false,true,bnode,,lc:RT:bf2:Form,,,,,,bf:GenreForm,
,,,bf:classification,Classification numbers,false,true,bnode,,lc:RT:bf2:LCC | lc:RT:bf2:DDC | lc:RT:bf2:GPOClass,,,,,,,
,,,bf:intendedAudience,Intended audience,false,true,bnode,,lc:RT:bf2:Audience,,,,,,,http://original.rdatoolkit.org/rdachp7_rda7-634.html
,,,bf:content,Content type,false,true,,,,http://id.loc.gov/vocabulary/contentTypes,IRIstem,,cartographic image,http://id.loc.gov/vocabulary/contentTypes/cri,bf:Content,http://original.rdatoolkit.org/6.9.html
,,,bf:language,"Language (008 [1st], 041 $a [others])",false,true,,,,http://id.loc.gov/vocabulary/languages,IRIstem,,,,bf:Language,https://staff.loc.gov/wikis/display/BP2/Marva+cataloging+updates#Marvacatalogingupdates-Languages(041)
,,,bf:accompaniedBy,Language resource (041 $bdefgt),false,true,bnode,,lc:RT:bf2:LangResource,,,,,,,https://staff.loc.gov/wikis/display/BP2/Marva+cataloging+updates#Marvacatalogingupdates-Languages(041)
,,,bf:note,Language note (041 $hijkmnpqr),false,true,bnode,,lc:RT:bf2:LangNote,,,,,,,https://staff.loc.gov/wikis/display/BP2/Marva+cataloging+updates#Marvacatalogingupdates-Languages(041)
,,,bf:colorContent,Color content,false,true,,,,http://id.loc.gov/vocabulary/mcolor,IRIstem,,,,bf:ColorContent,http://original.rdatoolkit.org/7.17.html
,,,bf:supplementaryContent,Supplementary content,false,true,,,,http://id.loc.gov/vocabulary/msupplcont,IRIstem,,,,bf:SupplementaryContent,http://original.rdatoolkit.org/rdachp7_rda7-1213.html
,,,bflc:governmentPubType,Government publication,false,true,,,,http://id.loc.gov/vocabulary/mgovtpubtype,IRIstem,,,,bflc:GovernmentPubType,
,,,bf:cartographicAttributes,Cartographic attributes,false,true,bnode,,lc:RT:bf2:Cartographic:Attributes,,,,,,,
,,,bf:scale,Search scale term,false,true,,,,http://id.loc.gov/vocabulary/mscale,IRIstem,,,,bf:Scale,http://original.rdatoolkit.org/rdachp7_rda7-1757.html
,,,bf:scale,Numeric scale value,false,true,bnode,,lc:RT:bf2:Cartographic:ScaleNew,,,,,,,http://original.rdatoolkit.org/7.25.1.html
,,,bf:notation,Script,false,true,,,,http://id.loc.gov/vocabulary/mscript,IRIstem,,,,bf:Script,http://original.rdatoolkit.org/7.13.2.html
,,,bf:temporalCoverage,(Time) coverage of the content,false,true,literal,,,,,,,,,http://original.rdatoolkit.org/7.3.html
,,,bf:relation,Search related work/series,false,true,bnode,,lc:RT:bf2:RelWorkLookup,,,,,,,"https://staff.loc.gov/wikis/display/BP2/Marva+cataloging+updates#Marvacatalogingupdates-Hubs(240;X00,X10,X11with$t;X30)"
,,,bf:relation,Input transcribed series,false,true,bnode,,lc:RT:bf2:SeriesHub,,,,,,bf:Relation,"https://staff.loc.gov/wikis/display/BP2/Marva+cataloging+updates#Marvacatalogingupdates-Series(490,8XX)"
,,,bf:hasInstance,Add BIBFRAME Instance,false,true,bnode,,lc:RT:bf2:Cartographic:Instance,,,,,,,
lc:RT:bf2:Components,Subject components,bf:Topic,mads:componentList,Search subject components,false,true,bnode,,lc:RT:bf2:Topic:madsTopic | lc:RT:bf2:Topic:madsGeographic | lc:RT:bf2:Topic:madsTemporal,,,,,,mads:ComplexSubject,
,,,bf:source,Thesaurus,false,true,,,,http://id.loc.gov/vocabulary/subjectSchemes,IRIstem,,,,bf:Source,
lc:RT:bf2:ContAccess,Accessibility content,bf:ContentAccessibility,rdfs:label,Accessibility content,false,true,literal,,,,,,,,,
lc:RT:bf2:Contents,Contents note,bf:TableOfContents,rdfs:label,Contents note,false,true,literal,,,,,,,,,
,,,bf:electronicLocator,URL for Contents note,false,true,bnode,,lc:RT:bf2:URL,,,,,,,Idiomatic property used for structured values.
,,,bf:status,Partial or incomplete?,false,true,,,,http://id.loc.gov/vocabulary/mstatus,IRIstem,,,,bf:Status,
lc:RT:bf2:DACS:Instance,Instance,bf:Instance,bf:title,Title information,false,true,bnode,,lc:RT:bf2:InstanceTitle | lc:RT:bf2:Title:VarTitle | lc:RT:bf2:Title:CollTitle,,,,,,,
,,,bf:issuance,Mode of Issuance,false,true,,,,http://id.loc.gov/vocabulary/issuance,IRIstem,,single unit,http://id.loc.gov/vocabulary/issuance/mono,bf:Issuance,
,,,bf:media,Media type,false,true,,,,http://id.loc.gov/vocabulary/mediaTypes,IRIstem,,unmediated,http://id.loc.gov/vocabulary/mediaTypes/n,bf:Media,
,,,bf:carrier,Carrier type,false,true,,,,http://id.loc.gov/vocabulary/carriers,IRIstem,,unspecified,http://id.loc.gov/vocabulary/carriers/zu,bf:Carrier,
,,,bf:note,Note,false,true,bnode,,lc:RT:bf2:Note,,,,,,,Used with Unspecified
,,,bf:accessPolicy,Access policy,false,true,bnode,,lc:RT:bf2:Item:Access,,,,,,,
,,,bf:subject,Subject,false,true,bnode,,lc:RT:bf2:Components | lc:RT:bf2:Topic:Place:Components,,,,,,,"Used with Work, Instance or Item"
lc:RT:bf2:DACS:Work,Work,bf:Work,bf:title,Title information,false,true,bnode,,lc:RT:bf2:WorkTitle,,,,,,,
,,,bf:contribution,Contributor and role,false,true,bnode,,lc:RT:bf2:Agents:Contribution,,,,,,bf:Contribution,
,,,bf:subject,Subject,false,true,bnode,,lc:RT:bf2:Components | lc:RT:bf2:Topic:Place:Components,,,,,,,
,,,bf:genreForm,Genre/form,false,true,bnode,,lc:RT:bf2:Form,,,,,,,
,,,bf:summary,Summary content,false,true,bnode,,lc:RT:bf2:Summary,,,,,,,
,,,bf:content,Content type,false,true,,,,http://id.loc.gov/vocabulary/contentTypes,IRIstem,,text,http://id.loc.gov/vocabulary/contentTypes/txt,,http://access.rdatoolkit.org/6.9.html
,,,bf:language,Language information,false,true,,,,http://id.loc.gov/vocabulary/languages,IRIstem,,,,bf:Language,Used with Unspecified
,,,bf:supplementaryContent,Supplementary content,false,true,,,,http://id.loc.gov/vocabulary/msupplcont,IRIstem,,,,bf:SupplementaryContent,http://access.rdatoolkit.org/rdachp7_rda7-1215.html
lc:RT:bf2:DDC,Dewey Decimal classification,bf:ClassificationDdc,bf:classificationPortion,Classification number,false,true,literal,,,,,,,,,
,,,bf:itemPortion,Additional call number information,false,true,literal,,,,,,,,,
,,,bf:source,Dewey edition number,false,false,bnode,,lc:RT:bf2:DDCEdNum,,,,23/eng/[$date],,,
,,,bf:edition,Dewey full or abridged?,false,true,literal,,,,,,full,,,
,,,bf:assigner,Assigning agency,false,true,,,,http://id.loc.gov/vocabulary/organizations,IRIstem,,"United States, Library of Congress",http://id.loc.gov/vocabulary/organizations/dlc,bf:Agent,
lc:RT:bf2:DDCEdNum,Dewey edition number,bf:Source,bf:code,Dewey edition number,false,true,literal,,,,,,,,,
lc:RT:bf2:DistInfoNew,Distribution,bf:Distribution,bf:date,EDTF date (to/from 008),false,true,literal,,,,,,,,,
,,,bf:place,Search place of publication (to/from 008),false,true,,,,http://id.loc.gov/vocabulary/countries,IRIstem,,,,bf:Place,
,,,bflc:simplePlace,Place (to/from 26X $a),false,true,literal,,,,,,,,,
,,,bflc:simpleAgent,Name (to/from 26X $b),false,true,literal,,,,,,,,,
,,,bflc:simpleDate,Date (to/from 26X $c),false,true,literal,,,,,,,,,
lc:RT:bf2:EncFmt,Encoding format,bf:EncodingFormat,bf:EncodingFormat,Encoding format,false,true,,,,http://id.loc.gov/vocabulary/mencformat,IRIstem,,,,,http://original.rdatoolkit.org/3.19.3.html
lc:RT:bf2:Extent,Extent,bf:Extent,rdfs:label,Extent,false,true,literal,,,,,,,,,
,,,bf:note,Physical details note,false,true,bnode,,lc:RT:bf2:Note,,,,,,,
lc:RT:bf2:FileSize,File size,bf:FileSize,rdfs:label,File size,false,true,literal,,,,,,,,,http://original.rdatoolkit.org/3.19.4.html
lc:RT:bf2:FileType,File type,bf:FileType,bf:FileType,Lookup,false,false,,,,http://id.loc.gov/vocabulary/mfiletype,IRIstem,,,,,http://original.rdatoolkit.org/3.19.2.html
lc:RT:bf2:Form,Genre/Form,bf:GenreForm,owl:sameAs,Search LCGFT,false,false,,,,http://id.loc.gov/authorities/genreForms,IRIstem,,,,,"https://staff.loc.gov/wikis/display/BP2/Marva+cataloging+updates#Marvacatalogingupdates-GenreForm(655,some008values)"
,,,bf:source,Thesaurus,false,true,,,,http://id.loc.gov/vocabulary/genreFormSchemes,IRIstem,,lcgft,http://id.loc.gov/vocabulary/genreFormSchemes/lcgft,bf:Source,
lc:RT:bf2:Form:Geog,Geographic coverage,bf:GeographicCoverage,bf:geographicCoverage,Search LCNAF or LCSH,false,true,,,,http://id.loc.gov/authorities/geographics,IRIstem,,,,,https://staff.loc.gov/wikis/display/BP2/Marva+cataloging+updates#Marvacatalogingupdates-GeographicCoverage(043)
lc:RT:bf2:GPOClass,SuDoc number,bf:Classification,rdfs:label,SuDoc number,false,true,literal,,,,,,,,,
,,,bf:source,Source of number,false,true,,,,http://id.loc.gov/vocabulary/classSchemes/sudocshttp://id.loc.gov/vocabulary/classSchemes/sudocshttp://id.loc.gov/vocabulary/classSchemes/sudocshttp://id.loc.gov/vocabulary/classSchemes/sudocshttp://id.loc.gov/vocabulary/classSchemes/sudocshttp://id.loc.gov/vocabulary/classSchemes/sudocshttp://id.loc.gov/vocabulary/classSchemes/sudocshttp://id.loc.gov/vocabulary/classSchemes/sudocshttp://id.loc.gov/vocabulary/classSchemes/sudocshttp://id.loc.gov/vocabulary/classSchemes/sudocshttp://id.loc.gov/vocabulary/classSchemes/sudocshttp://id.loc.gov/vocabulary/classSchemes/sudocshttp://id.loc.gov/vocabulary/classSchemes/sudocshttp://id.loc.gov/vocabulary/classSchemes/sudocshttp://id.loc.gov/vocabulary/classSchemes/sudocshttp://id.loc.gov/vocabulary/classSchemes/sudocshttp://id.loc.gov/vocabulary/classSchemes/sudocshttp://id.loc.gov/vocabulary/classSchemes,IRIstem,,Superintendent of Documents classification system,http://id.loc.gov/vocabulary/classSchemes/sudocshttp://id.loc.gov/vocabulary/classSchemes/sudocshttp://id.loc.gov/vocabulary/classSchemes/sudocshttp://id.loc.gov/vocabulary/classSchemes/sudocshttp://id.loc.gov/vocabulary/classSchemes/sudocshttp://id.loc.gov/vocabulary/classSchemes/sudocshttp://id.loc.gov/vocabulary/classSchemes/sudocshttp://id.loc.gov/vocabulary/classSchemes/sudocshttp://id.loc.gov/vocabulary/classSchemes/sudocshttp://id.loc.gov/vocabulary/classSchemes/sudocshttp://id.loc.gov/vocabulary/classSchemes/sudocshttp://id.loc.gov/vocabulary/classSchemes/sudocshttp://id.loc.gov/vocabulary/classSchemes/sudocshttp://id.loc.gov/vocabulary/classSchemes/sudocshttp://id.loc.gov/vocabulary/classSchemes/sudocshttp://id.loc.gov/vocabulary/classSchemes/sudocshttp://id.loc.gov/vocabulary/classSchemes/sudocshttp://id.loc.gov/vocabulary/classSchemes/sudocs,bf:Source,
,,,bf:status,Canceled/invalid?,false,true,,,,http://id.loc.gov/vocabulary/mstatus,IRIstem,,,,bf:Status,
lc:RT:bf2:GPOMono:Instance,BIBFRAME Instance,bf:Instance,bf:instanceOf,Instance of,false,false,bnode,,lc:RT:bf2:GPOMono:Work,,,,,,,
,,,bf:title,Title information,true,true,bnode,,lc:RT:bf2:InstanceTitle | lc:RT:bf2:Title:VarTitle | lc:RT:bf2:ParallelTitle,,,,,,,https://original.rdatoolkit.org/rdachp2_rda2-3376.html
,,,bf:responsibilityStatement,Statement of responsibility,false,true,literal,,,,,,,,,https://original.rdatoolkit.org/2.4.2.html
,,,bf:editionStatement,Edition statement,false,true,literal,,,,,,,,,https://original.rdatoolkit.org/2.5.html
,,,bf:provisionActivity,Provision activity,false,true,bnode,,lc:RT:bf2:PubInfoNew | lc:RT:bf2:DistInfoNew | lc:RT:bf2:ManuInfoNew | lc:RT:bf2:ProdInfoNew,,,,,,,https://staff.loc.gov/wikis/display/BP2/Marva+cataloging+updates#Marvacatalogingupdates-ProvisionActivity(264)
,,,bf:seriesStatement,Series statement,false,true,literal,,,,,,,,,
,,,bf:carrier,Carrier,true,true,,,,http://id.loc.gov/vocabulary/issuance,IRIstem,,volume,http://id.loc.gov/vocabulary/carriers/nc,bf:Carrier,
,,,bf:identifiedBy,Identifiers,false,true,bnode,,lc:RT:bf2:Identifiers:LCCN | lc:RT:bf2:Identifiers:ISBN | lc:RT:bf2:Identifiers:Local | lc:RT:bf2:Identifiers:Other | lc:RT:bf2:Identifiers:Oclc,,,,,,,
,,,bf:extent,Physical description,false,true,bnode,,lc:RT:bf2:Extent,,,,,,,https://original.rdatoolkit.org/3.4.html
lc:RT:bf2:GPOMono:Item,BIBFRAME Item,bf:Item,bf:electronicLocator,URL of Item,false,true,bnode,,lc:RT:bf2:URL,,,,,,,
,,,bf:note,Notes about the Item,false,true,bnode,,lc:RT:bf2:NoteLc,,,,,,,
,,,bf:contribution,Collection/contribution,false,true,bnode,,lc:RT:bf2:Agents:bfContribution,,,,,,bf:Contribution,
lc:RT:bf2:GPOMono:Work,BIBFRAME Work,bf:Work,bflc:aap,Authorized access point,false,true,literal,,,,,,,,,
,,,bf:contribution,Creator of Work,false,true,bnode,,lc:RT:bflc:Agents:PrimaryContribution,,,,,,bf:PrimaryContribution,
,,,bf:content,Content type,true,true,,,,http://id.loc.gov/vocabulary/contentTypes,IRIstem,,text,http://id.loc.gov/vocabulary/contentTypes/txt,bf:Content,https://original.rdatoolkit.org/6.9.html
,,,bf:language,"Language (008 [1st], 041 $a [others])",false,true,,,,http://id.loc.gov/vocabulary/languages,IRIstem,,,,bf:Language,https://staff.loc.gov/wikis/display/BP2/Marva+cataloging+updates#Marvacatalogingupdates-Languages(041)
,,,bf:accompaniedBy,Language resource (041 $bdefgt),false,true,bnode,,lc:RT:bf2:LangResource,,,,,,,https://staff.loc.gov/wikis/display/BP2/Marva+cataloging+updates#Marvacatalogingupdates-Languages(041)
,,,bf:note,Language note (041 $hijkmnpqr),false,true,bnode,,lc:RT:bf2:LangNote,,,,,,,https://staff.loc.gov/wikis/display/BP2/Marva+cataloging+updates#Marvacatalogingupdates-Languages(041)
,,,bf:classification,Classification numbers,false,true,bnode,,lc:RT:bf2:LCC | lc:RT:bf2:DDC,,,,,,,
,,,bf:subject,Subjects,false,true,bnode,,lc:RT:bf2:Components,,,,,,,
lc:RT:bf2:GPOSerial:Frequency,Frequency,bf:Frequency,bf:Frequency,Lookup,false,false,,,,http://id.loc.gov/vocabulary/frequencies,IRIstem,,,,,http://access.rdatoolkit.org/2.14.html
,,,bf:date,Dates associated with frequency,false,true,literal,,,,,,,,,
,,,bf:status,Status (current / former ?),false,true,,,,http://id.loc.gov/vocabulary/mstatus,IRIstem,,,,bf:Status,
lc:RT:bf2:GPOSerial:Instance,BIBFRAME Instance,bf:Instance,bf:instanceOf,Instance of,false,false,bnode,,lc:RT:bf2:GPOSerial:Work,,,,,,,
,,,bf:title,Title information,true,true,bnode,,lc:RT:bf2:InstanceTitle | lc:RT:bf2:Title:VarTitle | lc:RT:bf2:Title:AbbrTitle | lc:RT:bf2:ParallelTitle,,,,,,,https://original.rdatoolkit.org/rdachp2_rda2-3376.html
,,,bf:editionStatement,Edition statement,false,true,literal,,,,,,,,,https://original.rdatoolkit.org/2.5.html
,,,bf:provisionActivity,Provision activity,false,true,bnode,,lc:RT:bf2:PubInfoNew | lc:RT:bf2:DistInfoNew | lc:RT:bf2:ManuInfoNew | lc:RT:bf2:ProdInfoNew,,,,,,,https://staff.loc.gov/wikis/display/BP2/Marva+cataloging+updates#Marvacatalogingupdates-ProvisionActivity(264)
,,,bf:copyrightDate,Copyright date,false,true,literal,,,,,,,,,https://original.rdatoolkit.org/2.11.html
,,,bf:issuance,Mode of issuance,false,true,,,,http://id.loc.gov/vocabulary/issuance,IRIstem,,serial,http://id.loc.gov/vocabulary/issuance/serl,bf:Issuance,https://original.rdatoolkit.org/2.13.html
,,,bf:firstIssue,First issue date or designation,false,true,literal,,,,,,,,,https://original.rdatoolkit.org/2.6.2.html
,,,bf:lastIssue,Last issue date or designation,false,true,literal,,,,,,,,,https://original.rdatoolkit.org/2.6.4.html
,,,bf:responsibilityStatement,Statement of responsibility,false,true,literal,,,,,,,,,https://original.rdatoolkit.org/2.4.2.html
,,,bf:media,Media type,false,true,,,,http://id.loc.gov/vocabulary/mediaTypes,IRIstem,,unmediated,http://id.loc.gov/vocabulary/mediaTypes/n,bf:Media,https://original.rdatoolkit.org/3.2.html
,,,bf:classification,SuDoc number,false,true,bnode,,lc:RT:bf2:GPOClass,,,,,,,
,,,bf:identifiedBy,Identifiers,false,true,bnode,,lc:RT:bf2:Identifiers:GPONumber | lc:RT:bf2:Identifiers:Copyright | lc:RT:bf2:Identifiers:Local | lc:RT:bf2:Identifiers:Other | lc:RT:bf2:Identifiers:ISBN | lc:RT:bf2:Identifiers:PostalReg | lc:RT:bf2:Identifiers:ReportNum | lc:RT:bf2:Identifiers:STRN | lc:RT:bf2:Identifiers:LCCN | lc:RT:bf2:Identifiers:Oclc,,,,,,,
,,,bf:frequency,Frequency,false,true,bnode,,lc:RT:bf2:GPOSerial:Frequency,,,,,,,https://original.rdatoolkit.org/2.14.html
,,,bf:carrier,Carrier type,false,true,,,,http://id.loc.gov/vocabulary/carriers,IRIstem,,volume,http://id.loc.gov/vocabulary/carriers/nc,bf:Carrier,https://original.rdatoolkit.org/3.3.html
,,,bf:extent,Physical description,false,true,bnode,,lc:RT:bf2:Extent,,,,,,,https://original.rdatoolkit.org/3.4.html
,,,bf:dimensions,Dimensions,false,true,literal,,,,,,,,,https://original.rdatoolkit.org/3.5.html
,,,bf:note,Notes about the Instance,false,true,bnode,,lc:RT:bf2:Note,,,,,,,https://original.rdatoolkit.org/2.17.html
,,,bf:supplementaryContent,Supplementary content URL,false,true,bnode,,lc:RT:bf2:SupplContentNote,,,,,,,https://original.rdatoolkit.org/7.16.html
,,,bf:acquisitionSource,Acquisitions source,false,true,bnode,,lc:RT:bf2:AcqSource,,,,,,,
,,,bf:electronicLocator,URL of Instance,false,true,bnode,,lc:RT:bf2:URL,,,,,,,http://access.rdatoolkit.org/4.6.html
,,,bf:hasItem,Has Item,false,true,bnode,,lc:RT:bf2:Serial:Item,,,,,,,Item which is an example of the described Instance.
lc:RT:bf2:GPOSerial:Item,BIBFRAME Item,bf:Item,bf:electronicLocator,URL of Item,false,true,bnode,,lc:RT:bf2:URL,,,,,,,
,,,bf:contribution,Collection/contribution,false,true,bnode,,lc:RT:bf2:Agents:bfContribution,,,,,,bf:Contribution,
,,,bf:note,Notes about the Item,false,true,bnode,,lc:RT:bf2:NoteLc,,,,,,,
,,,bf:enumerationAndChronology,Enumeration and chronology,false,true,bnode,,lc:RT:bf2:Item:Enumeration | lc:RT:bf2:Item:Chronology,,,,,,,
lc:RT:bf2:GPOSerial:Work,BIBFRAME Work,bf:Work,bf:contribution,Creator of Work,false,true,bnode,,lc:RT:bflc:Agents:PrimaryContribution,,,,,,bf:PrimaryContribution,
,,,bf:title,Title information,true,true,bnode,,lc:RT:bf2:WorkTitle | lc:RT:bf2:Title:VarTitle | lc:RT:bf2:Title:KeyTitle | lc:RT:bf2:Title:AbbrTitle | lc:RT:bf2:ParallelTitle,,,,,,,https://staff.loc.gov/wikis/display/BP2/Marva+cataloging+updates#Marvacatalogingupdates-Work/ExpressionTitles
,,,bf:genreForm,Genre/Form,false,true,bnode,,lc:RT:bf2:Form,,,,,,bf:GenreForm,
,,,bflc:serialPubType,Type of continuing resource,false,false,,,,https://id.loc.gov/vocabulary/mserialpubtype,IRIstem,,,,bflc:SerialPubType,
,,,bflc:governmentPubType,Government publication,false,false,,,,http://id.loc.gov/vocabulary/mgovtpubtype,IRIstem,,,,bflc:GovernmentPubType,
,,,bf:originDate,Date of Work,false,true,literal,,,,,,,,,https://original.rdatoolkit.org/6.4.html
,,,bf:originPlace,Place of origin of the Work,false,true,,,,http://id.loc.gov/vocabulary/countries,IRIstem,,,,bf:Place,https://original.rdatoolkit.org/6.5.html
,,,bf:temporalCoverage,(Time) coverage of the content,false,true,literal,,,,,,,,,https://original.rdatoolkit.org/7.3.html
,,,bf:identifiedBy,Identifiers,false,true,bnode,,lc:RT:bf2:Identifiers:ISSN | lc:RT:bf2:Identifiers:ISSNL,,,,,,,
,,,bf:intendedAudience,Intended audience,false,true,bnode,,lc:RT:bf2:Audience,,,,,,,https://original.rdatoolkit.org/7.7.html
,,,bf:contribution,Contribution,false,true,bnode,,lc:RT:bf2:Agents:Contribution,,,,,,bf:Contribution,
,,,bf:geographicCoverage,Geographic coverage,false,true,bnode,,lc:RT:bf2:Form:Geog,,,,,,,
,,,bf:subject,Subjects,false,true,bnode,,lc:RT:bf2:Components | lc:RT:bf2:Topic:Place:Components | lc:RT:bf2:NasaSubj,,,,,,,http://original.rdatoolkit.org/rdachp23_rda23-12.html
,,,bf:classification,Classification numbers,false,true,bnode,,lc:RT:bf2:GPOClass | lc:RT:bf2:LCC | lc:RT:bf2:DDC,,,,,,,
,,,bf:note,Notes about the Work,false,true,bnode,,lc:RT:bf2:Note,,,,,,,
,,,bf:tableOfContents,Contents,false,true,bnode,,lc:RT:bf2:Contents,,,,,,,
,,,bf:summary,Summary,false,true,bnode,,lc:RT:bf2:Summary,,,,,,,https://original.rdatoolkit.org/7.10.html
,,,bf:content,Content type,false,true,,,,http://id.loc.gov/vocabulary/contentTypes,IRIstem,,text,http://id.loc.gov/vocabulary/contentTypes/txt,bf:Content,https://original.rdatoolkit.org/6.9.html
,,,bf:language,"Language (008 [1st], 041 $a [others])",false,true,,,,http://id.loc.gov/vocabulary/languages,IRIstem,,,,bf:Language,https://staff.loc.gov/wikis/display/BP2/Marva+cataloging+updates#Marvacatalogingupdates-Languages(041)
,,,bf:accompaniedBy,Language resource (041 $bdefgt),false,true,bnode,,lc:RT:bf2:LangResource,,,,,,,https://staff.loc.gov/wikis/display/BP2/Marva+cataloging+updates#Marvacatalogingupdates-Languages(041)
,,,bf:note,Language note (041 $hijkmnpqr),false,true,bnode,,lc:RT:bf2:LangNote,,,,,,,https://staff.loc.gov/wikis/display/BP2/Marva+cataloging+updates#Marvacatalogingupdates-Languages(041)
,,,bf:notation,Script,false,true,,,,http://id.loc.gov/vocabulary/mscript,IRIstem,,,,bf:Script,https://original.rdatoolkit.org/7.13.2.html
,,,bf:illustrativeContent,Illustrative content,false,true,,,,http://id.loc.gov/vocabulary/millus,IRIstem,,,,bf:Illustration,https://original.rdatoolkit.org/7.15.html
,,,bf:colorContent,Color content,false,true,,,,http://id.loc.gov/vocabulary/mcolor,IRIstem,,,,bf:ColorContent,https://original.rdatoolkit.org/7.17.html
,,,bf:supplementaryContent,Supplementary content,false,true,,,,http://id.loc.gov/vocabulary/msupplcont,IRIstem,,,,bf:SupplementaryContent,https://original.rdatoolkit.org/7.16.html
,,,bf:relation,Search related work/series,false,true,bnode,,lc:RT:bf2:RelWorkLookup,,,,,,bf:Relation,"https://staff.loc.gov/wikis/display/BP2/Marva+cataloging+updates#Marvacatalogingupdates-Hubs(240;X00,X10,X11with$t;X30)"
,,,bf:relation,Related works not in database,false,true,bnode,,lc:RT:bf2:RelWorkInput,,,,,,,"https://staff.loc.gov/wikis/display/BP2/Marva+cataloging+updates#Marvacatalogingupdates-Hubs(240;X00,X10,X11with$t;X30)"
,,,bf:relation,Input transcribed series,false,true,bnode,,lc:RT:bf2:SeriesHub,,,,,,bf:Relation,"https://staff.loc.gov/wikis/display/BP2/Marva+cataloging+updates#Marvacatalogingupdates-Series(490,8XX)"
,,,bf:electronicLocator,URL of Work,false,true,bnode,,lc:RT:bf2:URL,,,,,,,
,,,bf:hasInstance,Add BIBFRAME Instance,false,true,bnode,,lc:RT:bf2:GPOSerial:Instance,,,,,,,
lc:RT:bf2:GeoNames,GeoNames,bf:GeographicCoverage,owl:sameAs,Search GeoNames,false,true,,,,https://www.geonames.org/search.html?q,IRIstem,,,,,
lc:RT:bf2:Gsafd,Input GSAFD,bf:GenreForm,rdfs:label,GSAFD,false,true,literal,,,,,,,,,
,,,bf:source,Thesaurus,false,true,,,,https://id.loc.gov/vocabulary/genreFormSchemes,IRIstem,,"Guidelines on subject access to individual works of fiction, drama, etc",http://id.loc.gov/vocabulary/genreFormSchemes/gsafd,bf:Source,
lc:RT:bf2:Hub:Contribution,Other contributor,bf:Contribution,bf:agent,Contributor,true,false,bnode,,lc:RT:bf2:Agent:bfPerson | lc:RT:bf2:Agent:bfCorp,,,,,,,
,,,bf:role,Role,true,true,,,,http://id.loc.gov/vocabulary/relators,IRIstem,,,,bf:Role,
lc:RT:bf2:Hub:Hub,Hub,bf:Hub,bf:contribution,Primary contributor,false,false,bnode,,lc:RT:bf2:Hub:PrimaryContribution,,,,,,bf:PrimaryContribution,
,,,bf:title,Preferred title,false,false,bnode,,lc:RT:bf2:InstanceTitle,,,,,,,
,,,bf:title,Variant title,false,true,bnode,,lc:RT:bf2:Title:VarTitle,,,,,,,
,,,bf:title,Transliterated title,false,true,bnode,,lc:RT:bflc:TranscribedTitle,,,,,,,
,,,bf:originDate,Date created,false,false,literal,,,,,,,,,
,,,rdf:type,Type,false,true,,,,http://id.loc.gov/vocabulary/resourceTypes | http://id.loc.gov/vocabulary/bflcTypes | http://id.loc.gov/vocabulary/bfTypes,IRIstem,,,,,
,,,bf:language,Language,false,true,,,,http://id.loc.gov/vocabulary/languages,IRIstem,,,,bf:Language,
,,,bf:musicMedium,Music medium,false,true,,,,http://id.loc.gov/authorities/performanceMediums,IRIstem,,,,bf:MusicMedium,
,,,bf:musicSerialNumber,Music serial number,false,false,literal,,,,,,,,,
,,,bf:musicOpusNumber,Music opus number,false,false,literal,,,,,,,,,
,,,bf:musicKey,Key,false,false,literal,,,,,,,,,
,,,bf:musicThematicNumber,Music thematic number,false,true,literal,,,,,,,,,
,,,bf:translationOf,Translation of,false,false,,,,https://id.loc.gov/resources/hubs,IRIstem,,,,bf:Hub,
,,,bf:arrangementOf,Arrangement of,false,false,,,,https://id.loc.gov/resources/hubs,IRIstem,,,,bf:Hub,Only used for music
,,,bf:partOf,Part of,false,true,,,,https://id.loc.gov/resources/hubs,IRIstem,,,,bf:Hub,a.k.a. is Contained In
,,,bf:note,Note,false,true,bnode,,lc:RT:bf2:Note,,,,,,,
,,,bf:identifiedBy,Identifiers,false,true,bnode,,lc:RT:bf2:Identifiers:LCCN | lc:RT:bf2:Identifiers:Oclc,,,,,,,
,,,bflc:marcKey,MARC label,false,true,literal,,,,,,,,,
lc:RT:bf2:Hub:PrimaryContribution,Primary contributor,bf:PrimaryContribution,bf:agent,Primary contributor,true,false,bnode,,lc:RT:bf2:Agent:bfPerson | lc:RT:bf2:Agent:bfCorp | lc:RT:bf2:Agent:bfConf,,,,,,,
,,,bf:role,Role,true,false,,,,http://id.loc.gov/vocabulary/relators,IRIstem,,,,bf:Role,
lc:RT:bf2:HubBasic:Hub,Hub,bf:Hub,bf:contribution,Primary contributor,false,false,bnode,,lc:RT:bflc:Agents:PrimaryContribution,,,,,,bf:PrimaryContribution,
,,,bf:title,Preferred title,false,false,bnode,,lc:RT:bf2:InstanceTitle,,,,,,,
,,,bf:title,Variant title,false,true,bnode,,lc:RT:bf2:Title:VarTitle,,,,,,,
,,,bf:originDate,Date work created,false,false,literal,,,,,,,,,
,,,rdf:type,Type,false,true,,,,http://id.loc.gov/vocabulary/resourceTypes | http://id.loc.gov/vocabulary/bflcTypes | http://id.loc.gov/vocabulary/bfTypes,IRIstem,,,,,
,,,bf:language,Language,false,true,,,,http://id.loc.gov/vocabulary/languages,IRIstem,,,,bf:Language,
,,,bf:relation,Search related work,false,true,bnode,,lc:RT:bf2:RelWorkLookup,,,,,,,"https://staff.loc.gov/wikis/display/BP2/Marva+cataloging+updates#Marvacatalogingupdates-Hubs(240;X00,X10,X11with$t;X30)"
,,,bf:note,Note,false,true,bnode,,lc:RT:bf2:Note,,,,,,,
,,,bf:identifiedBy,Identifiers,false,true,bnode,,lc:RT:bf2:Identifiers:Other | lc:RT:bf2:Identifiers:LCCN | lc:RT:bf2:Identifiers:Oclc | lc:RT:bf2:Identifiers:Local,,,,,,,
,,,bflc:marcKey,MARC label,false,true,literal,,,,,,,,,
lc:RT:bf2:Ibc:Instance,BIBFRAME Instance,bf:Instance,bf:instanceOf,Instance of,false,false,bnode,,lc:RT:bf2:Monograph:Work,,,,,,,
,,,bf:title,Title information,true,true,bnode,,lc:RT:bf2:InstanceTitle | lc:RT:bf2:Title:VarTitle | lc:RT:bf2:ParallelTitle,,,,,,,https://original.rdatoolkit.org/rdachp2_rda2-3376.html
,,,bf:responsibilityStatement,Statement of responsibility,false,true,literal,,,,,,,,,https://original.rdatoolkit.org/2.4.2.html
,,,bf:editionStatement,Edition statement,false,true,literal,,,,,,,,,https://original.rdatoolkit.org/2.5.html
,,,bf:provisionActivity,Provision activity,false,true,bnode,,lc:RT:bf2:PubInfoNew | lc:RT:bf2:DistInfoNew | lc:RT:bf2:ManuInfoNew | lc:RT:bf2:ProdInfoNew,,,,,,,https://staff.loc.gov/wikis/display/BP2/Marva+cataloging+updates#Marvacatalogingupdates-ProvisionActivity(264)
,,,bf:identifiedBy,Identifiers,false,true,bnode,,lc:RT:bf2:Identifiers:LCCN | lc:RT:bf2:Identifiers:ISBN | lc:RT:bf2:Identifiers:Local,,,,,,,
,,,bf:media,Media type,true,true,,,,http://id.loc.gov/vocabulary/mediaTypes,IRIstem,,unmediated,http://id.loc.gov/vocabulary/mediaTypes/n,bf:Media,https://original.rdatoolkit.org/3.2.html
,,,bf:carrier,Carrier type,true,true,,,,http://id.loc.gov/vocabulary/carriers,IRIstem,,volume,http://id.loc.gov/vocabulary/carriers/nc,bf:Carrier,https://original.rdatoolkit.org/3.3.html
,,,bf:extent,Physical description,false,true,bnode,,lc:RT:bf2:Extent,,,,,,,https://original.rdatoolkit.org/3.4.html
,,,bf:dimensions,Dimensions,false,true,literal,,,,,,,,,https://original.rdatoolkit.org/3.5.html
,,,bf:note,Note,false,true,bnode,,lc:RT:bf2:Note,,,,,,,
,,,bf:adminMetadata,Admin Metadata,false,true,bnode,,lc:RT:bf2:AdminMetadata,,,,,,,
,,,bf:hasItem,Has Item,false,true,bnode,,lc:RT:bf2:Monograph:Item,,,,,,,
lc:RT:bf2:Ibc:Item,BIBFRAME Item,bf:Item,bf:electronicLocator,URL of Item,false,true,bnode,,lc:RT:bf2:URL,,,,,,,http://access.rdatoolkit.org/4.6.html
,,,bf:contribution,Collection/contribution,false,true,bnode,,lc:RT:bf2:Agents:bfContribution,,,,,,bf:Contribution,
,,,bf:note,Notes about the Item,false,true,bnode,,lc:RT:bf2:NoteLc,,,,,,,
,,,bf:enumerationAndChronology,Enumeration and chronology of Item,false,true,bnode,,lc:RT:bf2:Item:Enumeration | lc:RT:bf2:Item:Chronology,,,,,,,
lc:RT:bf2:Ibc:Work,BIBFRAME Work,bf:Work,bf:contribution,Creator of Work,false,true,bnode,,lc:RT:bflc:Agents:PrimaryContribution,,,,,,bf:PrimaryContribution,
,,,bf:title,Title information,true,true,bnode,,lc:RT:bf2:WorkTitle | lc:RT:bf2:Title:VarTitle | lc:RT:bf2:ParallelTitle,,,,,,,https://staff.loc.gov/wikis/display/BP2/Marva+cataloging+updates#Marvacatalogingupdates-Work/ExpressionTitles
,,,bf:content,Content type,true,true,,,,http://id.loc.gov/vocabulary/contentTypes,IRIstem,,text,http://id.loc.gov/vocabulary/contentTypes/txt,bf:Content,https://original.rdatoolkit.org/6.9.html
,,,bf:language,"Language (008 [1st], 041 $a [others])",false,true,,,,http://id.loc.gov/vocabulary/languages,IRIstem,,,,bf:Language,https://staff.loc.gov/wikis/display/BP2/Marva+cataloging+updates#Marvacatalogingupdates-Languages(041)
,,,bf:classification,LC call number,false,true,bnode,,lc:RT:bf2:LCC,,,,,,,
,,,bf:relation,Input transcribed series,false,true,bnode,,lc:RT:bf2:SeriesHub,,,,,,,"https://staff.loc.gov/wikis/display/BP2/Marva+cataloging+updates#Marvacatalogingupdates-Series(490,8XX)"
,,,bf:hasInstance,Add BIBFRAME Instance,false,true,bnode,,lc:RT:bf2:Monograph:Instance,,,,,,,
lc:RT:bf2:Identifiers:Agent,Assigner,bf:Organization,rdfs:label,Assigner,false,true,literal,,,,,,,,,
lc:RT:bf2:Identifiers:Agent2,ISSN agency,bf:Agent,bf:code,ISSN centre,false,true,literal,,,,,,,,,
lc:RT:bf2:Identifiers:AudioIssue,Audio issue number,bf:AudioIssueNumber,rdf:value,Audio issue number,false,true,literal,,,,,,,,,
,,,bf:assigner,Source of number,false,true,bnode,,lc:RT:bf2:Identifiers:Agent,,,,,,,
,,,bf:qualifier,Qualifier,false,true,literal,,,,,,,,,
lc:RT:bf2:Identifiers:Barcode,Barcode,bf:Barcode,rdf:value,Barcode,false,false,literal,,,,,,,,,
lc:RT:bf2:Identifiers:Coden,CODEN,bf:Coden,rdf:value,CODEN,false,true,literal,,,,,,,,,
,,,bf:status,Invalid/canceled?,false,true,,,,http://id.loc.gov/vocabulary/mstatus,IRIstem,,,,bf:Status,
lc:RT:bf2:Identifiers:Copyright,Copyright registration number,bf:CopyrightNumber,rdf:value,Copyright registration number,false,false,literal,,,,,,,,,
,,,bf:assigner,Assigning agency,false,true,,,,http://id.loc.gov/vocabulary/organizations,IRIstem,,U.S. Copyright Office,http://id.loc.gov/vocabulary/organizations/dlcco,bf:Organization,
,,,bf:date,Date,false,true,literal,,,,,,,,,
lc:RT:bf2:Identifiers:DDC,DDC shelfmark,bf:ShelfMarkDcc,rdfs:label,Dewey call number,false,true,literal,,,,,,,,,
lc:RT:bf2:Identifiers:Distributor,Music distributor number,bf:MusicDistributorNumber,rdf:value,Music distributor number,false,false,literal,,,,,,,,,
,,,bf:assigner,Source of number,false,true,bnode,,lc:RT:bf2:Identifiers:Agent,,,,,,,http://access.rdatoolkit.org/2.15.html
,,,bf:qualifier,Qualifier,false,true,literal,,,,,,,,,
lc:RT:bf2:Identifiers:EAN,EAN,bf:Ean,rdf:value,EAN,false,false,literal,,,,,,,,,
,,,bf:qualifier,Qualifier,false,true,literal,,,,,,,,,
lc:RT:bf2:Identifiers:Eidr,EIDR,bf:Eidr,rdf:value,EIDR,false,false,literal,,,,,,,,,
lc:RT:bf2:Identifiers:GPONumber,GPO Item Number,bf:Identifier,rdf:value,GPO Item Number,false,true,literal,,,,,,,,,
,,,bf:assigner,Assigning agency,false,true,,,,http://id.loc.gov/vocabulary/organizations,IRIstem,,"United States, Government Publishing Office",http://id.loc.gov/vocabulary/organizations/dgpo,bf:Agent,
,,,bf:status,Canceled/invalid ?,false,true,,,,http://id.loc.gov/vocabulary/mstatus,IRIstem,,,,bf:Status,
lc:RT:bf2:Identifiers:Gtin14,GTIN-14,bf:Gtin14Number,rdf:value,GTIN-14 number,false,true,literal,,,,,,,,,
lc:RT:bf2:Identifiers:ISBN,ISBN,bf:Isbn,rdf:value,ISBN,false,false,literal,,,,,,,,,
,,,bf:qualifier,Qualifier,false,true,literal,,,,,,,,,
,,,bf:status,Invalid/canceled?,false,true,,,,http://id.loc.gov/vocabulary/mstatus,IRIstem,,,,bf:Status,
lc:RT:bf2:Identifiers:ISMN,ISMN,bf:Ismn,rdf:value,ISMN,false,false,literal,,,,,,,,,
,,,bf:qualifier,Qualifier,false,true,literal,,,,,,,,,
lc:RT:bf2:Identifiers:ISRC,ISRC,bf:Isrc,rdf:value,ISRC,false,false,literal,,,,,,,,,
,,,bf:qualifier,Qualifier,false,true,literal,,,,,,,,,
lc:RT:bf2:Identifiers:ISSN,ISSN,bf:Issn,rdf:value,ISSN,false,false,literal,,,,,,,,,
,,,bf:assigner,Assigning agency,false,true,bnode,,lc:RT:bf2:Identifiers:Agent2,,,,,,,
,,,bf:status,Incorrect/canceled?,false,true,,,,http://id.loc.gov/vocabulary/mstatus,IRIstem,,,,bf:Status,
lc:RT:bf2:Identifiers:ISSNL,ISSN-L,bf:IssnL,rdf:value,ISSN-L,false,false,literal,,,,,,,,,
,,,bf:assigner,Assigning agency,false,true,bnode,,lc:RT:bf2:Identifiers:Agent2,,,,,,,
,,,bf:status,Incorrect/canceled?,false,true,,,,http://id.loc.gov/vocabulary/mstatus,IRIstem,,,,bf:Status,
lc:RT:bf2:Identifiers:LC,LC item call number,bf:ShelfMarkLcc,rdfs:label,Item call number,false,true,literal,,,,,,,,,
lc:RT:bf2:Identifiers:LCCN,LCCN,bf:Lccn,rdf:value,LCCN,false,false,literal,,,,,,,,,
,,,bf:status,Invalid/canceled?,false,true,,,,http://id.loc.gov/vocabulary/mstatus,IRIstem,,,,bf:Status,
lc:RT:bf2:Identifiers:Local,Local system number,bf:Local,rdf:value,Local system number,false,false,literal,,,,,,,,,
,,,bf:assigner,Source of number,false,true,,,,http://id.loc.gov/vocabulary/organizations,IRIstem,,,,bf:Agent,
,,,bf:status,Invalid/canceled?,false,true,,,,http://id.loc.gov/vocabulary/mstatus,IRIstem,,,,bf:Status,
lc:RT:bf2:Identifiers:Matrix,Matrix number,bf:MatrixNumber,rdf:value,Matrix number,false,false,literal,,,,,,,,,
,,,bf:assigner,Source of number,false,true,bnode,,lc:RT:bf2:Identifiers:Agent,,,,,,,
,,,bf:qualifier,Qualifier,false,true,literal,,,,,,,,,
lc:RT:bf2:Identifiers:MusicPlate,Music plate number,bf:MusicPlate,rdf:value,Music plate number,false,false,literal,,,,,,,,,
,,,bf:assigner,Publisher name,false,true,bnode,,lc:RT:bf2:Identifiers:Agent,,,,,,,
,,,bf:qualifier,Qualifier,false,true,literal,,,,,,,,,
lc:RT:bf2:Identifiers:MusicPub,Music publisher number,bf:MusicPublisherNumber,rdf:value,Music publisher number,false,false,literal,,,,,,,,,
,,,bf:assigner,Label name,false,true,bnode,,lc:RT:bf2:Identifiers:Agent,,,,,,,
,,,bf:qualifier,Qualifier,false,true,literal,,,,,,,,,
lc:RT:bf2:Identifiers:Nbn,National bibliographic number,bf:Nbn,rdf:value,National bibliographic number,false,true,literal,,,,,,,,,
,,,bf:qualifier,Qualifier,false,true,literal,,,,,,,,,
,,,bf:status,Invalid/canceled?,false,true,,,,http://id.loc.gov/vocabulary/mstatus,IRIstem,,,,bf:Status,
,,,bf:source,Source,false,true,,,,http://id.loc.gov/vocabulary/nationalbibschemes,IRIstem,,,,bf:Source,
lc:RT:bf2:Identifiers:Oclc,OCLC number,bf:OclcNumber,rdf:value,OCLC number,false,true,literal,,,,,,,,,
,,,bf:status,Invalid/canceled?,false,true,,,,http://id.loc.gov/vocabulary/mstatus,IRIstem,,,,bf:Status,
lc:RT:bf2:Identifiers:Other,Other identifier,bf:Identifier,rdf:value,Other identifier,false,false,literal,,,,,,,,,
,,,bf:qualifier,Qualifier,false,true,literal,,,,,,,,,
,,,bf:source,Source,false,true,,,,http://id.loc.gov/vocabulary/identifiers,IRIstem,,,,bf:Source,
lc:RT:bf2:Identifiers:PostalReg,Postal registration number,bf:PostalRegistration,rdf:value,Postal registration number,false,true,literal,,,,,,,,,
,,,bf:assigner,Assigning agency,false,true,,,,https://id.loc.gov/vocabulary/organizations,IRIstem,,"United States, Postal Service",http://id.loc.gov/vocabulary/organizations/dpo,bf:Organization,
lc:RT:bf2:Identifiers:PubNumber,Publisher number,bf:PublisherNumber,rdf:value,Publisher number,false,false,literal,,,,,,,,,
,,,bf:assigner,Label name,false,true,bnode,,lc:RT:bf2:Identifiers:Agent,,,,,,,
,,,bf:qualifier,Qualifier,false,true,literal,,,,,,,,,
lc:RT:bf2:Identifiers:ReportNum,Report number,bf:ReportNumber,rdf:value,Report number,false,true,literal,,,,,,,,,
,,,bf:status,Status,false,true,,,,http://id.loc.gov/vocabulary/mstatus,IRIstem,,,,bf:Status,
lc:RT:bf2:Identifiers:STRN,Standard technical report number,bf:Strn,rdf:value,Standard technical report number,false,false,literal,,,,,,,,,
,,,bf:qualifier,Qualifier,false,true,literal,,,,,,,,,
lc:RT:bf2:Identifiers:Shelfmark,Accession or copy number,bf:ShelfMark,rdfs:label,Accession or copy number,false,true,literal,,,,,,,,,
lc:RT:bf2:Identifiers:Source,Source,bf:Source,rdfs:label,Source,false,true,literal,,,,,,,,,
lc:RT:bf2:Identifiers:StockNumber,Stock number,bf:StockNumber,rdf:value,Stock number,false,true,literal,,,,,,,,,
lc:RT:bf2:Identifiers:UPC,Universal Product Code (UPC),bf:Upc,rdf:value,Universal Product Code (UPC),false,false,literal,,,,,,,,,
,,,bf:qualifier,Qualifier,false,true,literal,,,,,,,,,
lc:RT:bf2:Identifiers:VidRecNumber,Video recording number,bf:VideoRecordingNumber,rdf:value,Video recording number,false,true,literal,,,,,,,,,
,,,bf:assigner,Label name,false,true,bnode,,lc:RT:bf2:Identifiers:Agent,,,,,,,
,,,bf:qualifier,Qualifier,false,true,literal,,,,,,,,,
lc:RT:bf2:ImmAcqSource,Immediate source of acquisition,bf:ImmediateAcquisition,rdfs:label,Immediate source of acquisition,false,true,literal,,,,,,,,,
,,,bflc:applicableInstitution,Applicable institution,false,true,,,,https://id.loc.gov/vocabulary/organizations,IRIstem,,"United States, Library of Congress",http://id.loc.gov/vocabulary/organizations/dlc,bf:Organization,
lc:RT:bf2:InstanceTitle,Instance title,bf:Title,bflc:nonSortNum,Non-sort character count,false,true,literal,,,,,,,,,
,,,bf:mainTitle,Title,false,false,literal,,,,,,,,,
,,,bf:partNumber,Part number,false,true,literal,,,,,,,,,
,,,bf:partName,Part name,false,true,literal,,,,,,,,,
,,,bf:subtitle,Other title information,false,false,literal,,,,,,,,,
lc:RT:bf2:Item:Access,Access policy,bf:AccessPolicy,rdfs:label,Access policy,false,true,literal,,,,,,,,,
,,,bf:qualifier,Qualifier,false,true,literal,,,,,,,,,
lc:RT:bf2:Item:Chronology,Chronology,bf:Chronology,rdfs:label,Chronology,false,true,literal,,,,,,,,,
lc:RT:bf2:Item:Description,Item-specific information,bf:Item,bf:contribution,Agents/Collections associated with Item,false,true,bnode,,lc:RT:bf2:Agents:Contribution,,,,,,bf:Contribution,
,,,bf:genreForm,Genre/Form,false,true,bnode,,lc:RT:bf2:Form | lc:RT:bf2:RareMat:RBMS,,,,,,,
,,,bf:note,Notes about the Item,false,true,bnode,,lc:RT:bf2:Note,,,,,,bf:Note,
,,,bf:custodialHistory,Custodial history/provenance,false,true,literal,,,,,,,,,
lc:RT:bf2:Item:Digital,Digital item,bf:Item,bf:heldBy,Held by,false,true,,,,http://id.loc.gov/vocabulary/organizations,IRIstem,,United States. Library of Congress,http://id.loc.gov/vocabulary/organizations/dlc,bf:Agent,
,,,bf:electronicLocator,URL,false,true,,,,,,,,,bf:Item,
,,,bf:note,Note,false,true,bnode,,lc:RT:bf2:Note,,,,,,,
lc:RT:bf2:Item:Enumeration,Enumeration,bf:Enumeration,rdfs:label,Enumeration,false,true,literal,,,,,,,,,
lc:RT:bf2:Item:LCC,Additional call numbers,bf:ClassificationLcc,bf:classificationPortion,Classification number,false,true,literal,,,,,,,,,
,,,bf:itemPortion,Additional class number information,false,true,literal,,,,,,,,,
,,,bf:note,Note,false,true,bnode,,lc:RT:bf2:NoteSimple,,,,,,,
lc:RT:bf2:Item:Location,Location,bf:Sublocation,rdfs:label,Location,false,true,literal,,,,,,,,,
lc:RT:bf2:Item:Retention,Retention policy,bf:RetentionPolicy,rdfs:label,Retention policy,false,true,literal,,,,,,,,,
lc:RT:bf2:Item:Retention2,Retention policy (test),bf:RetentionPolicy,rdfs:label,Retention policy,false,true,literal,,,,,,,,,
,,,bf:originDate,Action date,false,true,literal,,,,,,,,,
,,,bf:date,Expiration date,false,true,literal,,,,,,,,,
,,,bflc:appliesTo,Applies to,false,true,bnode,,lc:RT:bf2:AppliesTo,,,,,,,
lc:RT:bf2:Item:Use,Use or reproduction policy,bf:UsePolicy,rdfs:label,Use or reproduction policy,false,true,literal,,,,,,,,,
lc:RT:bf2:LCC,Library of Congress classification,bf:ClassificationLcc,bf:classificationPortion,Classification number,false,true,literal,,,,,,,,,
,,,bf:itemPortion,Additional call number information,false,true,literal,,,,,,,,,
,,,bf:assigner,Assigning agency,false,true,,,,http://id.loc.gov/vocabulary/organizations,IRIstem,,"United States, Library of Congress",http://id.loc.gov/vocabulary/organizations/dlc,bf:Agent,
,,,bf:status,Used by assigning agency?,false,true,,,,http://id.loc.gov/vocabulary/mstatus,IRIstem,,used by assigner,http://id.loc.gov/vocabulary/mstatus/uba,bf:Status,
lc:RT:bf2:LangNote,Language note,bf:Note,rdf:type,Type of resource,false,true,,,,https://id.loc.gov/vocabulary/resourceComponents/suggest2?q=*&memberOf=http://id.loc.gov/vocabulary/resourceComponents/collection_LanguageNote,IRIstem,,,http://id.loc.gov/vocabulary/mnotetype/lang,,
,,,bf:language,Language code,false,true,,,,http://id.loc.gov/vocabulary/languages | https://id.loc.gov/vocabulary/iso639-3,IRIstem,,,,bf:Language,
lc:RT:bf2:LangResource,Language resource,bf:Work,rdf:type,Type of resource,false,true,,,,https://id.loc.gov/vocabulary/resourceComponents/suggest2?q=*&memberOf=http://id.loc.gov/vocabulary/resourceComponents/collection_LanguageResource,IRIstem,,,,,
,,,bf:language,Language code,false,true,,,,http://id.loc.gov/vocabulary/languages | https://id.loc.gov/vocabulary/iso639-3,IRIstem,,,,bf:Language,
lc:RT:bf2:Language2,Language,bf:Language,owl:sameAs,Language code,false,false,,,,http://id.loc.gov/vocabulary/languages | http://id.loc.gov/vocabulary/iso639-3,IRIstem,,,,,
lc:RT:bf2:LccMlc,MLC class number,bf:ClassificationLcc,bf:classificationPortion,MLC number,false,true,literal,,,,,,,,,
,,,bf:assigner,Assigning agency,false,true,,,,http://id.loc.gov/vocabulary/organizations,IRIstem,,"United States, Library of Congress",http://id.loc.gov/vocabulary/organizations/dlc,bf:Agent,
,,,bf:status,Used by assigning agency?,false,true,,,,http://id.loc.gov/vocabulary/mstatus,IRIstem,,used by assigner,http://id.loc.gov/vocabulary/mstatus/uba,bf:Status,
lc:RT:bf2:Lcdgt,Demographic terms,bflc:CreatorCharacteristic,owl:sameAs,Search LCDGT,false,true,,,,,,,,,bflc:CreatorCharacteristic,
,,,bf:source,Thesaurus,false,true,,,,http://id.loc.gov/vocabulary/subjectSchemes,IRIstem,,LCDGT,http://id.loc.gov/vocabulary/subjectSchemes/lcdgt,bf:Source,
lc:RT:bf2:MIBluRayDVD:AccCont,Accessibility content,bf:ContentAccessibility,rdfs:label,Accessibility content,false,true,literal,,,,,,,,,
lc:RT:bf2:MIBluRayDVD:Aspect,Aspect ratio (Numeric),bf:AspectRatio,rdf:value,Numerical values of Aspect ratio,false,true,literal,,,,,,,,,http://access.rdatoolkit.org/7.19.1.3.html
lc:RT:bf2:MIBluRayDVD:EncFmt,Encoding format,bf:EncodingFormat,rdfs:label,Encoding format,false,true,literal,,,,,,,,,http://original.rdatoolkit.org/3.19.3.html
lc:RT:bf2:MIBluRayDVD:Event,Event,bf:Event,rdfs:label,Event,false,true,literal,,,,,,,,,
,,,bf:date,Date of event,false,true,literal,,,,,,,,,
lc:RT:bf2:MIBluRayDVD:FileType,File type,bf:FileType,owl:sameAs,Lookup,false,false,,,,http://id.loc.gov/vocabulary/mfiletype,IRIstem,,,,bf:FileType,http://original.rdatoolkit.org/3.19.2.html
lc:RT:bf2:MIBluRayDVD:Instance,BIBFRAME Instance,bf:Instance,bf:instanceOf,Instance of,false,false,bnode,,lc:RT:bf2:MIBluRayDVD:Work,,,,,,,
,,,bf:title,Title information,true,true,bnode,,lc:RT:bf2:InstanceTitle | lc:RT:bf2:Title:VarTitle | lc:RT:bf2:ParallelTitle,,,,,,,https://original.rdatoolkit.org/rdachp2_rda2-3376.html
,,,bf:responsibilityStatement,Statement of responsibility,false,true,literal,,,,,,,,,http://original.rdatoolkit.org/2.4.2.html
,,,bf:editionStatement,Edition statement,false,true,literal,,,,,,,,,http://original.rdatoolkit.org/2.5.html
,,,bf:provisionActivity,Provision activity,false,true,bnode,,lc:RT:bf2:PubInfoNew | lc:RT:bf2:DistInfoNew | lc:RT:bf2:ManuInfoNew | lc:RT:bf2:ProdInfoNew,,,,,,,https://staff.loc.gov/wikis/display/BP2/Marva+cataloging+updates#Marvacatalogingupdates-ProvisionActivity(264)
,,,bf:copyrightDate,Copyright date,false,true,literal,,,,,,,,,http://original.rdatoolkit.org/2.11.html
,,,bf:originPlace,Place of origin,false,true,,,,http://id.loc.gov/authorities/names,IRIstem,,,,bf:Place,
,,,bf:issuance,Mode of Issuance,false,true,,,,http://id.loc.gov/vocabulary/issuance,IRIstem,,single unit,http://id.loc.gov/vocabulary/issuance/mono,bf:Issuance,http://original.rdatoolkit.org/2.13.html
,,,bf:identifiedBy,Identifiers,false,true,bnode,,lc:RT:bf2:Identifiers:LCCN | lc:RT:bf2:Identifiers:Copyright | lc:RT:bf2:Identifiers:UPC | lc:RT:bf2:Identifiers:ISBN | lc:RT:bf2:Identifiers:Oclc | lc:RT:bf2:Identifiers:PubNumber | lc:RT:bf2:Identifiers:EAN | lc:RT:bf2:Identifiers:Other | lc:RT:bf2:Identifiers:Local | lc:RT:bf2:Identifiers:Gtin14 | lc:RT:bf2:Identifiers:VidRecNumber,,,,,,,
,,,bf:note,Notes about the Instance,false,true,bnode,,lc:RT:bf2:Note,,,,,,,http://original.rdatoolkit.org/2.17.html
,,,bf:supplementaryContent,Supplementary content URL,false,true,bnode,,lc:RT:bf2:SupplContentNote,,,,,,,
,,,bf:immediateAcquisition,Immediate source of acquisition note,false,true,bnode,,lc:RT:bf2:ImmAcqSource,,,,,,,
,,,bf:tableOfContents,Contents,false,true,bnode,,lc:RT:bf2:Contents,,,,,,,
,,,bf:media,Media type,false,true,,,,http://id.loc.gov/vocabulary/mediaTypes,IRIstem,,video,http://id.loc.gov/vocabulary/mediaTypes/v,bf:Media,http://original.rdatoolkit.org/3.2.html
,,,bf:carrier,Carrier type,false,true,,,,http://id.loc.gov/vocabulary/carriers,IRIstem,,videodisc,http://id.loc.gov/vocabulary/carriers/vd,bf:Carrier,http://original.rdatoolkit.org/3.3.html
,,,bf:extent,Physical description,false,true,bnode,,lc:RT:bf2:Extent,,,,,,,https://original.rdatoolkit.org/3.4.html
,,,bf:dimensions,Dimensions,false,true,literal,,,,,,,,,http://original.rdatoolkit.org/3.5.html
,,,bf:duration,Duration,false,true,literal,,,,,,,,,http://original.rdatoolkit.org/7.22.html
,,,bf:contentAccessibility,"Accessibility content (Closed captions, etc.)",false,true,bnode,,lc:RT:bf2:ContAccess,,,,,,,
,,,bf:genreForm,LCGFT accessibility term (Video recordings for ... ),false,true,bnode,,lc:RT:bf2:Form,,,,,,,
,,,bf:aspectRatio,Aspect ratio,false,true,,,,http://id.loc.gov/vocabulary/maspect,IRIstem,,,,bf:AspectRatio,http://original.rdatoolkit.org/rdachp7_rda7-1486.html
,,,bf:aspectRatio,Aspect ratio (numeric),false,true,bnode,,lc:RT:bf2:MIBluRayDVD:Aspect,,,,,,,http://original.rdatoolkit.org/rdachp7_rda7-1486.html
,,,bf:soundCharacteristic,Sound characteristics,false,true,bnode,,lc:RT:bf2:TypeRec | lc:RT:bf2:RecMedium | lc:RT:bf2:MIBluRayDVD:Playback | lc:RT:bf2:SpecPlayback,,,,,,,http://original.rdatoolkit.org/rdachp7_rda7-1451.html
,,,bf:videoCharacteristic,Video characteristics/Broadcast standard,false,true,,,,http://id.loc.gov/vocabulary/mbroadstd,IRIstem,,,,bf:BroadcastStandard,http://original.rdatoolkit.org/rdachp3_rda3-5138.html
,,,bf:digitalCharacteristic,Digital file characteristics,false,true,bnode,,lc:RT:bf2:MIBluRayDVD:FileType | lc:RT:bf2:RegEncoding | lc:RT:bf2:MIBluRayDVD:EncFmt | lc:RT:bf2:Resolution,,,,,,,
,,,bf:systemRequirement,System requirements,false,true,bnode,,lc:RT:bf2:SysReq,,,,,,,http://original.rdatoolkit.org/3.20.1.3.html
,,,bf:electronicLocator,URL of Instance,false,true,bnode,,lc:RT:bf2:URL,,,,,,,
,,,bf:hasItem,Has Item,false,true,bnode,,lc:RT:bf2:MIBluRayDVD:Item,,,,,,,
lc:RT:bf2:MIBluRayDVD:Item,BIBFRAME Item,bf:Item,bf:electronicLocator,URL of Item,false,true,bnode,,lc:RT:bf2:URL,,,,,,,
,,,bf:contribution,Collection/contribution,false,true,bnode,,lc:RT:bf2:Agents:bfContribution,,,,,,bf:Contribution,
,,,bf:note,Notes on the Item,false,true,bnode,,lc:RT:bf2:NoteLc,,,,,,,
,,,bf:usageAndAccessPolicy,"Lending, reproduction, and retention policies",false,true,bnode,,lc:RT:bf2:Item:Access | lc:RT:bf2:Item:Use | lc:RT:bf2:Item:Retention,,,,,,,
,,,bf:enumerationAndChronology,Enumeration,false,true,bnode,,lc:RT:bf2:Item:Enumeration,,,,,,,
,,,bf:date,Received date,false,true,literal,,,,,,,,,
,,,bf:immediateAcquisition,Immediate source of acquisition note,false,true,bnode,,lc:RT:bf2:ImmAcqSource,,,,,,,
lc:RT:bf2:MIBluRayDVD:Playback,Playback channels,bf:PlaybackChannels,bf:PlaybackChannels,Lookup,false,false,,,,http://id.loc.gov/vocabulary/mplayback,IRIstem,,,,,http://access.rdatoolkit.org/3.16.8.html
lc:RT:bf2:MIBluRayDVD:Work,BIBFRAME Work,bf:Work,bf:title,Title information,true,true,bnode,,lc:RT:bf2:WorkTitle | lc:RT:bf2:Title:VarTitle | lc:RT:bf2:ParallelTitle,,,,,,,https://staff.loc.gov/wikis/display/BP2/Marva+cataloging+updates#Marvacatalogingupdates-Work/ExpressionTitles
,,,bf:genreForm,Genre/Form,false,true,bnode,,lc:RT:bf2:Form,,,,,,bf:GenreForm,
,,,bf:originDate,Date of Work,false,true,literal,,,,,,,,http://www.loc.gov/standards/datetime/pre-submission.html,http://original.rdatoolkit.org/6.4.html
,,,bf:originPlace,Place of origin of the Work,false,true,,,,http://id.loc.gov/authorities/names,IRIstem,,,,bf:Place,http://original.rdatoolkit.org/6.5.html
,,,bf:historyOfWork,History of the Work,false,true,literal,,,,,,,,,http://original.rdatoolkit.org/rdachp6_rda6-3332.html
,,,bf:temporalCoverage,(Time) coverage of the content,false,true,literal,,,,,,,,,http://original.rdatoolkit.org/7.3.html
,,,bf:identifiedBy,Identifiers,false,true,bnode,,lc:RT:bf2:Identifiers:Eidr | lc:RT:bf2:Identifiers:Copyright,,,,,,,
,,,bf:intendedAudience,Intended audience,false,true,bnode,,lc:RT:bf2:Audience,,,,,,,https://original.rdatoolkit.org/7.7.html
,,,bf:contribution,Creator of Work,false,true,bnode,,lc:RT:bflc:Agents:PrimaryContribution,,,,,,bf:PrimaryContribution,
,,,bf:contribution,Contribution,false,true,bnode,,lc:RT:bf2:Agents:Contribution,,,,,,bf:Contribution,
,,,bf:geographicCoverage,Geographic coverage,false,true,bnode,,lc:RT:bf2:Form:Geog,,,,,,,
,,,bf:subject,Subjects,false,true,bnode,,lc:RT:bf2:Components | lc:RT:bf2:Topic:Place:Components | lc:RT:bf2:Topic:SubjectWork,,,,,,,http://original.rdatoolkit.org/rdachp23_rda23-12.html
,,,bf:note,Notes about the Work,false,true,bnode,,lc:RT:bf2:Note,,,,,,,
,,,bf:tableOfContents,Contents,false,true,bnode,,lc:RT:bf2:Contents,,,,,,,
,,,bf:summary,Summary,false,true,bnode,,lc:RT:bf2:Summary,,,,,,,https://original.rdatoolkit.org/7.10.html
,,,bf:content,Content type,false,true,,,,http://id.loc.gov/vocabulary/contentTypes,IRIstem,,two-dimensional moving image,http://id.loc.gov/vocabulary/contentTypes/tdi,bf:Content,http://original.rdatoolkit.org/6.9.html
,,,bf:language,"Language (008 [1st], 041 $a [others])",false,true,,,,http://id.loc.gov/vocabulary/languages,IRIstem,,,,bf:Language,https://staff.loc.gov/wikis/display/BP2/Marva+cataloging+updates#Marvacatalogingupdates-Languages(041)
,,,bf:accompaniedBy,Language resource (041 $bdefgt),false,true,bnode,,lc:RT:bf2:LangResource,,,,,,,https://staff.loc.gov/wikis/display/BP2/Marva+cataloging+updates#Marvacatalogingupdates-Languages(041)
,,,bf:note,Language note (041 $hijkmnpqr),false,true,bnode,,lc:RT:bf2:LangNote,,,,,,,https://staff.loc.gov/wikis/display/BP2/Marva+cataloging+updates#Marvacatalogingupdates-Languages(041)
,,,bf:capture,Capture information,false,true,bnode,,lc:RT:bf2:Capture,,,,,,,
,,,bf:eventContentOf,Event,false,true,bnode,,lc:RT:bf2:MIBluRayDVD:Event,,,,,,,
,,,bf:contentAccessibility,Accessibility content,false,true,bnode,,lc:RT:bf2:MIBluRayDVD:AccCont,,,,,,,http://original.rdatoolkit.org/7.14.html
,,,bf:supplementaryContent,Supplementary content,false,true,,,,http://id.loc.gov/vocabulary/msupplcont,IRIstem,,,,bf:SupplementaryContent,https://original.rdatoolkit.org/7.16.html
,,,bf:colorContent,Color content,false,true,,,,http://id.loc.gov/vocabulary/mcolor,IRIstem,,,,bf:ColorContent,http://original.rdatoolkit.org/7.17.html
,,,bf:soundContent,Sound content,false,true,,,,http://id.loc.gov/vocabulary/msoundcontent,IRIstem,,,,bf:SoundContent,
,,,bflc:movingImageTechnique,Moving image technique,false,true,,,,http://id.loc.gov/vocabulary/mtechnique,IRIstem,,,,bflc:MovingImageTechnique,
,,,bf:aspectRatio,Aspect ratio,false,true,,,,http://id.loc.gov/vocabulary/maspect,IRIstem,,,,bf:AspectRatio,http://original.rdatoolkit.org/rdachp7_rda7-1486.html
,,,bf:aspectRatio,Aspect ratio (numeric),false,true,bnode,,lc:RT:bf2:MIBluRayDVD:Aspect,,,,,,,http://original.rdatoolkit.org/rdachp7_rda7-1486.html
,,,bf:duration,Duration,false,true,literal,,,,,,,,,http://original.rdatoolkit.org/7.22.html
,,,bf:classification,Classification numbers,false,true,bnode,,lc:RT:bf2:LCC | lc:RT:bf2:NLM | lc:RT:bf2:DDC,,,,,,,
,,,bf:relation,Search related work/series,false,true,bnode,,lc:RT:bf2:RelWorkLookup,,,,,,,"https://staff.loc.gov/wikis/display/BP2/Marva+cataloging+updates#Marvacatalogingupdates-Hubs(240;X00,X10,X11with$t;X30)"
,,,bf:relation,Input transcribed series,false,true,bnode,,lc:RT:bf2:SeriesHub,,,,,,bf:Relation,"https://staff.loc.gov/wikis/display/BP2/Marva+cataloging+updates#Marvacatalogingupdates-Series(490,8XX)"
,,,bf:hasInstance,Add BIBFRAME Instance,false,true,bnode,,lc:RT:bf2:MIBluRayDVD:Instance,,,,,,,
lc:RT:bf2:MOPEnsemble,Ensemble,bf:MusicEnsemble,bf:MusicEnsemble,Ensemble lookup,false,false,,,,http://id.loc.gov/authorities/performanceMediums,IRIstem,,,,bf:MusicEnsemble,
,,,bf:count,Number,false,true,literal,,,,,,,,,
,,,bf:ensembleType,Type of ensemble,false,true,literal,,,,,,,,,
,,,bf:note,Note,false,true,bnode,,lc:RT:bf2:Note,,,,,,,
lc:RT:bf2:MOPInstrument,Instrument,bf:MusicInstrument,bf:MusicInstrument,Instrument lookup,false,false,,,,http://id.loc.gov/authorities/performanceMediums,IRIstem,,,,bf:MusicInstrument,
,,,bf:count,Number,false,true,literal,,,,,,,,,
,,,bf:instrumentalType,Type of instrument,false,true,literal,,,,,,,,,
,,,bf:note,Note,false,true,bnode,,lc:RT:bf2:Note,,,,,,,
lc:RT:bf2:MOPStatement,Medium of performance statement,bf:MusicMedium,bflc:readMarc382,MARC 382 field,false,true,literal,,,,,,,,,http://original.rdatoolkit.org/7.21.html
,,,rdfs:label,Medium of performance text,false,true,literal,,,,,,,,,
lc:RT:bf2:MOPVoice,Voice,bf:MusicVoice,bf:MusicVoice,Voice lookup,false,false,,,,http://id.loc.gov/authorities/performanceMediums,IRIstem,,,,bf:MusicVoice,
,,,bf:count,Number,false,true,literal,,,,,,,,,
,,,bf:voiceType,Type of voice,false,true,literal,,,,,,,,,
,,,bf:note,Note,false,true,bnode,,lc:RT:bf2:Note,,,,,,,
lc:RT:bf2:ManuInfoNew,Manufacture,bf:Manufacture,bf:date,EDTF date (to/from 008),false,true,literal,,,,,,,,,
,,,bf:place,Search place of publication (to/from 008),false,true,,,,http://id.loc.gov/vocabulary/countries,IRIstem,,,,bf:Place,
,,,bflc:simplePlace,Place (to/from 26X $a),false,true,literal,,,,,,,,,
,,,bflc:simpleAgent,Name (to/from 26X $b),false,true,literal,,,,,,,,,
,,,bflc:simpleDate,Date (to/from 26X $c),false,true,literal,,,,,,,,,
lc:RT:bf2:MarcGT,TGM Terms,bf:GenreForm,owl:sameAs,Search TGM,false,true,,,,http://id.loc.gov/vocabulary/graphicMaterials,IRIstem,,,,bf:GenreForm,
,,,bf:source,Source,false,false,,,,,,,Thesaurus for graphic materials: TGM II,http://id.loc.gov/vocabulary/genreFormSchemes/gmgpc,bf:Source,
lc:RT:bf2:MonoColl:Instance,BIBFRAME Instance,bf:Instance,bf:instanceOf,Instance of,false,false,bnode,,lc:RT:bf2:MonoColl:Work,,,,,,,
,,,bf:title,Title information,true,true,bnode,,lc:RT:bf2:InstanceTitle | lc:RT:bf2:Title:VarTitle | lc:RT:bf2:ParallelTitle,,,,,,,https://original.rdatoolkit.org/rdachp2_rda2-3376.html
,,,bf:responsibilityStatement,Statement of responsibility,false,true,literal,,,,,,,,,https://original.rdatoolkit.org/2.4.2.html
,,,bf:editionStatement,Edition statement,false,true,literal,,,,,,,,,https://original.rdatoolkit.org/2.5.html
,,,bf:provisionActivity,Provision activity,false,true,bnode,,lc:RT:bf2:PubInfoNew | lc:RT:bf2:DistInfoNew | lc:RT:bf2:ManuInfoNew | lc:RT:bf2:ProdInfoNew,,,,,,,https://staff.loc.gov/wikis/display/BP2/Marva+cataloging+updates#Marvacatalogingupdates-ProvisionActivity(264)
,,,bf:issuance,Mode of issuance,true,true,,,,http://id.loc.gov/vocabulary/issuance,IRIstem,,single unit,http://id.loc.gov/vocabulary/issuance/mono,bf:Issuance,https://original.rdatoolkit.org/2.13.html
,,,bf:identifiedBy,Identifiers,false,true,bnode,,lc:RT:bf2:Identifiers:LCCN | lc:RT:bf2:Identifiers:ISBN | lc:RT:bf2:Identifiers:Oclc | lc:RT:bf2:Identifiers:Other | lc:RT:bf2:Identifiers:Local | lc:RT:bf2:Identifiers:EAN | lc:RT:bf2:Identifiers:Nbn,,,,,,,
,,,bf:note,Notes about the Instance,false,true,bnode,,lc:RT:bf2:Note,,,,,,,https://staff.loc.gov/wikis/display/BP2/Marva+cataloging+updates#Marvacatalogingupdates-Notesonnotes
,,,bf:media,Media type,true,true,,,,http://id.loc.gov/vocabulary/mediaTypes,IRIstem,,unmediated,http://id.loc.gov/vocabulary/mediaTypes/n,bf:Media,https://original.rdatoolkit.org/3.2.html
,,,bf:extent,Physical description,false,true,bnode,,lc:RT:bf2:Extent,,,,,,,https://original.rdatoolkit.org/3.4.html
,,,bf:dimensions,Dimensions,false,true,literal,,,,,,,,,https://original.rdatoolkit.org/3.5.html
,,,bf:carrier,Carrier type,true,true,,,,http://id.loc.gov/vocabulary/carriers,IRIstem,,volume,http://id.loc.gov/vocabulary/carriers/nc,bf:Carrier,https://original.rdatoolkit.org/3.3.html
,,,bf:hasItem,Has Item,false,true,bnode,,lc:RT:bf2:MonoColl:Item,,,,,,,
lc:RT:bf2:MonoColl:Item,BIBFRAME Item,bf:Item,bf:electronicLocator,URL of Item,false,true,bnode,,lc:RT:bf2:URL,,,,,,,http://access.rdatoolkit.org/4.6.html
,,,bf:contribution,Collection/contribution,false,true,bnode,,lc:RT:bf2:Agents:bfContribution,,,,,,bf:Contribution,
,,,bf:note,Notes about the Item,false,true,bnode,,lc:RT:bf2:NoteLc,,,,,,,
,,,bf:enumerationAndChronology,Enumeration and chronology of Item,false,true,bnode,,lc:RT:bf2:Item:Enumeration | lc:RT:bf2:Item:Chronology,,,,,,,
,,,bf:immediateAcquisition,Immediate source of acquisition,false,true,bnode,,lc:RT:bf2:ImmAcqSource,,,,,,,
lc:RT:bf2:MonoColl:Work,BIBFRAME Work,bf:Work,bf:expressionOf,Expression of [search for a Hub],false,true,,,,https://id.loc.gov/resources/hubs,IRIstem,,,,bf:Hub,https://staff.loc.gov/wikis/display/BP2/Marva+cataloging+updates#Marvacatalogingupdates-Work/ExpressionTitles
,,,bf:title,Title information,true,true,bnode,,lc:RT:bf2:WorkTitle | lc:RT:bf2:Title:VarTitle | lc:RT:bf2:ParallelTitle,,,,,,,https://staff.loc.gov/wikis/display/BP2/Marva+cataloging+updates#Marvacatalogingupdates-Work/ExpressionTitles
,,,bf:contribution,Contributors,false,true,bnode,,lc:RT:bf2:Agents:Contribution,,,,,,bf:Contribution,
,,,bf:note,Notes about the Work,false,true,bnode,,lc:RT:bf2:Note,,,,,,,
,,,bf:tableOfContents,Contents,false,true,bnode,,lc:RT:bf2:Contents,,,,,,,
,,,bf:summary,Summary,false,true,bnode,,lc:RT:bf2:Summary,,,,,,,https://original.rdatoolkit.org/7.10.html
,,,bf:subject,Subjects,false,true,bnode,,lc:RT:bf2:Components | lc:RT:bf2:Topic:SubjectWork | lc:RT:bf2:Topic:Place:Components | lc:RT:bf2:Topic:Childrens:Components,,,,,,,https://staff.loc.gov/wikis/display/BP2/Marva+cataloging+updates#Marvacatalogingupdates-Subjects(6XX)
,,,bf:geographicCoverage,Geographic coverage,false,true,bnode,,lc:RT:bf2:Form:Geog,,,,,,,
,,,bf:genreForm,Genre/Form,false,true,bnode,,lc:RT:bf2:Form,,,,,,bf:GenreForm,
,,,bf:classification,Classification numbers,false,true,bnode,,lc:RT:bf2:LCC | lc:RT:bf2:DDC | lc:RT:bf2:NLM | lc:RT:bf2:OtherClass,,,,,,,
,,,bf:intendedAudience,Intended audience,false,true,,,,http://id.loc.gov/vocabulary/maudience,IRIstem,,,,bf:IntendedAudience,https://staff.loc.gov/wikis/display/BP2/Marva+cataloging+updates#Marvacatalogingupdates-MonographConsiderations(andMARC008)
,,,bf:content,Content type,true,true,,,,http://id.loc.gov/vocabulary/contentTypes,IRIstem,,text,http://id.loc.gov/vocabulary/contentTypes/txt,bf:Content,https://original.rdatoolkit.org/6.9.html
,,,bf:language,"Language (008 [1st], 041 $a [others])",false,true,,,,http://id.loc.gov/vocabulary/languages,IRIstem,,,,bf:Language,https://staff.loc.gov/wikis/display/BP2/Marva+cataloging+updates#Marvacatalogingupdates-Languages(041)
,,,bf:illustrativeContent,Illustrative content,false,true,,,,http://id.loc.gov/vocabulary/millus,IRIstem,,,,bf:Illustration,https://staff.loc.gov/wikis/display/BP2/Marva+cataloging+updates#Marvacatalogingupdates-MonographConsiderations(andMARC008)
,,,bf:colorContent,Color content,false,true,,,,http://id.loc.gov/vocabulary/mcolor,IRIstem,,,,bf:ColorContent,https://original.rdatoolkit.org/7.17.html
,,,bf:supplementaryContent,Supplementary content,false,true,,,,http://id.loc.gov/vocabulary/msupplcont,IRIstem,,,,bf:SupplementaryContent,https://staff.loc.gov/wikis/display/BP2/Marva+cataloging+updates#Marvacatalogingupdates-MonographConsiderations(andMARC008)
,,,bf:hasInstance,Add BIBFRAME Instance,false,true,bnode,,lc:RT:bf2:MonoColl:Instance,,,,,,,
lc:RT:bf2:Monograph:Dissertation,Dissertation,bf:Dissertation,bf:note,Dissertation note,false,true,bnode,,lc:RT:bf2:NoteSimple,,,,,,,
,,,bf:degree,Degree,false,true,literal,,,,,,,,,
,,,bf:grantingInstitution,Institution,false,true,,,,http://id.loc.gov/authorities/names,IRIstem,,,,bf:Agent,
,,,bf:date,Date,false,true,literal,,,,,,,,,
lc:RT:bf2:Monograph:Instance,BIBFRAME Instance,bf:Instance,bf:instanceOf,Instance of,false,false,bnode,,lc:RT:bf2:Monograph:Work,,,,,,,
,,,bf:title,Title information,true,true,bnode,,lc:RT:bf2:InstanceTitle | lc:RT:bf2:Title:VarTitle | lc:RT:bf2:ParallelTitle,,,,,,,https://original.rdatoolkit.org/rdachp2_rda2-3376.html
,,,bf:responsibilityStatement,Statement of responsibility,false,true,literal,,,,,,,,,http://original.rdatoolkit.org/2.4.2.html
,,,bf:editionStatement,Edition statement,false,true,literal,,,,,,,,,http://original.rdatoolkit.org/2.5.html
,,,bf:provisionActivity,Provision activity,false,true,bnode,,lc:RT:bf2:PubInfoNew | lc:RT:bf2:DistInfoNew | lc:RT:bf2:ManuInfoNew | lc:RT:bf2:ProdInfoNew,,,,,,,https://staff.loc.gov/wikis/display/BP2/Marva+cataloging+updates#Marvacatalogingupdates-ProvisionActivity(264)
,,,bf:copyrightDate,Copyright date,false,true,literal,,,,,,,,,http://original.rdatoolkit.org/2.11.html
,,,bf:identifiedBy,Identifiers,false,true,bnode,,lc:RT:bf2:Identifiers:LCCN | lc:RT:bf2:Identifiers:ISBN | lc:RT:bf2:Identifiers:Oclc | lc:RT:bf2:Identifiers:Other | lc:RT:bf2:Identifiers:Local | lc:RT:bf2:Identifiers:EAN | lc:RT:bf2:Identifiers:Nbn,,,,,,,
,,,bf:issuance,Mode of issuance,true,true,,,,http://id.loc.gov/vocabulary/issuance,IRIstem,,single unit,http://id.loc.gov/vocabulary/issuance/mono,bf:Issuance,http://original.rdatoolkit.org/2.13.html
,,,bf:extent,Physical description,false,true,bnode,,lc:RT:bf2:Extent,,,,,,,https://original.rdatoolkit.org/3.4.html
,,,bf:dimensions,Dimensions,false,true,literal,,,,,,,,,http://original.rdatoolkit.org/3.5.html
,,,bf:media,Media type,true,true,,,,http://id.loc.gov/vocabulary/mediaTypes,IRIstem,,unmediated,http://id.loc.gov/vocabulary/mediaTypes/n,bf:Media,http://original.rdatoolkit.org/3.2.html
,,,bf:carrier,Carrier type,true,true,,,,http://id.loc.gov/vocabulary/carriers,IRIstem,,volume,http://id.loc.gov/vocabulary/carriers/nc,bf:Carrier,http://original.rdatoolkit.org/3.3.html
,,,bf:note,Notes about the Instance,false,true,bnode,,lc:RT:bf2:Note,,,,,,,http://original.rdatoolkit.org/2.17.html
,,,bf:supplementaryContent,Supplementary content URL,false,true,bnode,,lc:RT:bf2:SupplContentNote,,,,,,,
,,,bf:immediateAcquisition,Immediate source of acquisition note,false,true,bnode,,lc:RT:bf2:ImmAcqSource,,,,,,,
,,,bf:acquisitionSource,Acquisitions identifiers,false,true,bnode,,lc:RT:bf2:AcqSource,,,,,,,
,,,bf:usageAndAccessPolicy,Access policy,false,true,bnode,,lc:RT:bf2:Item:Access,,,,,,,
,,,bf:notation,Braille?,false,true,,,,http://id.loc.gov/vocabulary/mtactile,IRIstem,,,,bf:TactileNotation,
,,,bf:electronicLocator,URL of Instance,false,true,bnode,,lc:RT:bf2:URL,,,,,,rdfs:Resource,http://original.rdatoolkit.org/4.6.html
,,,bflc:projectedProvisionDate,Projected publication date (YYMM),false,false,literal,,,,,,,,,http://id.loc.gov/ontologies/bflc.html#p_projectedProvisionDate
,,,bf:hasItem,Has Item,false,true,bnode,,lc:RT:bf2:Monograph:Item,,,,,,,
lc:RT:bf2:Monograph:Item,BIBFRAME Item,bf:Item,bf:electronicLocator,URL of Item,false,true,bnode,,lc:RT:bf2:URL,,,,,,,http://original.rdatoolkit.org/4.6.html
,,,bf:contribution,Collection/contribution,false,true,bnode,,lc:RT:bf2:Agents:bfContribution,,,,,,bf:Contribution,
,,,bf:note,Notes about the Item,false,true,bnode,,lc:RT:bf2:NoteLc,,,,,,,
,,,bf:enumerationAndChronology,Enumeration And Chronology of Item,false,true,bnode,,lc:RT:bf2:Item:Enumeration | lc:RT:bf2:Item:Chronology,,,,,,,
,,,bf:immediateAcquisition,Immediate source of acquisition,false,true,bnode,,lc:RT:bf2:ImmAcqSource,,,,,,,
,,,bf:custodialHistory,Custodial history/Provenance,false,true,literal,,,,,,,,,
lc:RT:bf2:Monograph:Work,BIBFRAME Work,bf:Work,bf:expressionOf,Expression of [search for a Hub],false,true,,,,https://id.loc.gov/resources/hubs,IRIstem,,,,bf:Hub,https://staff.loc.gov/wikis/display/BP2/Marva+cataloging+updates#Marvacatalogingupdates-Work/ExpressionTitles
,,,bf:contribution,Creator of Work,false,true,bnode,,lc:RT:bflc:Agents:PrimaryContribution | lc:RT:bf2:Agent:PersonTest,,,,,,bf:PrimaryContribution,
,,,bf:title,Title information,true,true,bnode,,lc:RT:bf2:WorkTitle | lc:RT:bf2:Title:VarTitle | lc:RT:bf2:ParallelTitle,,,,,,,https://staff.loc.gov/wikis/display/BP2/Marva+cataloging+updates#Marvacatalogingupdates-Work/ExpressionTitles
,,,bf:contribution,Contributors,false,true,bnode,,lc:RT:bf2:Agents:Contribution,,,,,,bf:Contribution,
,,,bf:note,Notes about the Work,false,true,bnode,,lc:RT:bf2:Note,,,,,,,
,,,bf:tableOfContents,Contents,false,true,bnode,,lc:RT:bf2:Contents,,,,,,,
,,,bf:summary,Summary,false,true,bnode,,lc:RT:bf2:Summary,,,,,,,https://original.rdatoolkit.org/7.10.html
,,,bf:subject,Subjects,false,true,bnode,,lc:RT:bf2:Components | lc:RT:bf2:Topic:SubjectWork | lc:RT:bf2:Topic:Place:Components | lc:RT:bf2:Topic:Childrens:Components | lc:RT:bf2:Topic:Event,,,,,,,https://guides.loc.gov/c.php?g=1170551&p=8987775&preview=003264c97f504caf990125066b248e24
,,,bf:geographicCoverage,Geographic coverage,false,true,bnode,,lc:RT:bf2:Form:Geog,,,,,,,
,,,bf:genreForm,Genre/Form,false,true,,,,http://id.loc.gov/authorities/genreForms,IRIstem,,,,bf:GenreForm,
,,,bf:classification,Classification numbers,false,true,bnode,,lc:RT:bf2:LCC | lc:RT:bf2:DDC | lc:RT:bf2:NLM | lc:RT:bf2:NAL | lc:RT:bf2:OtherClass,,,,,,,
,,,bf:intendedAudience,Intended audience,false,true,bnode,,lc:RT:bf2:Audience,,,,,,,
,,,bf:content,Content type,true,true,,,,http://id.loc.gov/vocabulary/contentTypes,IRIstem,,text,http://id.loc.gov/vocabulary/contentTypes/txt,bf:Content,http://original.rdatoolkit.org/6.9.html
,,,bf:language,"Language (008 [1st], 041 $a [others])",false,true,,,,http://id.loc.gov/vocabulary/languages,IRIstem,,,,bf:Language,https://staff.loc.gov/wikis/display/BP2/Marva+cataloging+updates#Marvacatalogingupdates-Languages(041)
,,,bf:language,ISO 639-3 language (MARC 041 $a),false,true,,,,http://id.loc.gov/vocabulary/iso639-3,IRIstem,,,,bf:Language,
,,,bf:accompaniedBy,Language resource (041 $bdefgt),false,true,bnode,,lc:RT:bf2:LangResource,,,,,,,https://staff.loc.gov/wikis/display/BP2/Marva+cataloging+updates#Marvacatalogingupdates-Languages(041)
,,,bf:note,Language note (041 $hijkmnpqr),false,true,bnode,,lc:RT:bf2:LangNote,,,,,,,https://staff.loc.gov/wikis/display/BP2/Marva+cataloging+updates#Marvacatalogingupdates-Languages(041)
,,,bf:notation,Notation note,false,true,bnode,,lc:RT:bf2:Notation,,,,,,,
,,,bf:illustrativeContent,Illustrative content,false,true,,,,http://id.loc.gov/vocabulary/millus,IRIstem,,,,bf:Illustration,http://original.rdatoolkit.org/7.15.html
,,,bf:colorContent,Color content,false,true,,,,http://id.loc.gov/vocabulary/mcolor,IRIstem,,,,bf:ColorContent,http://original.rdatoolkit.org/7.17.html
,,,bf:supplementaryContent,Supplementary content,false,false,,,,http://id.loc.gov/vocabulary/msupplcont,IRIstem,,,,bf:SupplementaryContent,https://original.rdatoolkit.org/7.16.html
,,,bflc:governmentPubType,Government publication,false,true,,,,http://id.loc.gov/vocabulary/mgovtpubtype,IRIstem,,,,bflc:GovernmentPubType,
,,,bf:relation,Search related work/series,false,true,bnode,,lc:RT:bf2:RelWorkLookup,,,,,,,"https://staff.loc.gov/wikis/display/BP2/Marva+cataloging+updates#Marvacatalogingupdates-Hubs(240;X00,X10,X11with$t;X30)"
,,,bf:relation,Input transcribed series,false,true,bnode,,lc:RT:bf2:SeriesHub,,,,,,bf:Relation,"https://staff.loc.gov/wikis/display/BP2/Marva+cataloging+updates#Marvacatalogingupdates-Series(490,8XX)"
,,,bf:originDate,Date of Work,false,true,literal,,,,,,,,,http://origonal.rdatoolkit.org/6.4.html
,,,bf:originPlace,Country of origin of the Work,false,true,,,,http://id.loc.gov/vocabulary/countries,IRIstem,,,,bf:Place,http://original.rdatoolkit.org/6.5.html
,,,bf:temporalCoverage,(Time) coverage of the content,false,true,literal,,,,,,,,,http://original.rdatoolkit.org/7.3.html
,,,bf:contentAccessibility,Accessibility content,false,true,bnode,,lc:RT:bf2:ContAccess,,,,,,,
,,,bf:dissertation,Dissertation,false,true,bnode,,lc:RT:bf2:Monograph:Dissertation,,,,,,,http://original.rdatoolkit.org/7.9.html
,,,bflc:creatorCharacteristic,Creator characteristic,false,true,,,,http://id.loc.gov/authorities/demographicTerms/collection_LCDGT_General,IRIstem,,,,bflc:CreatorCharacteristic,
,,,bf:hasInstance,Add BIBFRAME Instance,false,true,bnode,,lc:RT:bf2:Monograph:Instance,,,,,,,
lc:RT:bf2:MonographNR:Contents,Contents note,bf:TableOfContents,rdfs:label,Contents note,false,true,,,,,,,,,,
,,,rdf:value,URI for contents,false,true,literal,,,,,,,,,
lc:RT:bf2:MonographNR:InstTitle,Title in Original Script (unused),bf:Title,bflc:nonSortNum,Non-sort character count,false,true,literal,,,,,,,,,
,,,bf:mainTitle,Main Title,false,true,,,,,,,,,,
,,,bf:partNumber,Part number,false,true,,,,,,,,,,
,,,bf:partName,Part name,false,true,,,,,,,,,,
,,,bf:subtitle,Subtitle,false,true,,,,,,,,,,
lc:RT:bf2:MonographNR:Instance,BIBFRAME Instance,bf:Instance,bf:instanceOf,Instance of,false,false,bnode,,lc:RT:bf2:MonographNR:Work,,,,,,,
,,,bf:title,Title Information,true,true,bnode,,lc:RT:bf2:InstanceTitle | lc:RT:bf2:Title:VarTitle | lc:RT:bf2:ParallelTitle,,,,,,,http://original.rdatoolkit.org/rdachp2_rda2-3075.html
,,,bf:responsibilityStatement,Statement of Responsibility,false,true,literal,,,,,,,,,http://access.rdatoolkit.org/2.4.2.html
,,,bf:editionStatement,Edition Statement,false,true,literal,,,,,,,,,http://access.rdatoolkit.org/2.5.html
,,,bf:provisionActivity,Provision Activity,false,true,bnode,,lc:RT:bf2:PubInfoNew | lc:RT:bf2:DistInfoNew | lc:RT:bf2:ManuInfoNew | lc:RT:bf2:ProdInfoNew,,,,,,,
,,,bf:copyrightDate,Copyright Date,false,true,literal,,,,,,,,,http://access.rdatoolkit.org/2.11.html
,,,bf:issuance,Mode of Issuance,false,true,,,,http://id.loc.gov/vocabulary/issuance,IRIstem,,single unit,http://id.loc.gov/vocabulary/issuance/mono,,http://access.rdatoolkit.org/2.13.html
,,,bf:identifiedBy,Identifiers,false,true,bnode,,lc:RT:bf2:Identifiers:LCCN | lc:RT:bf2:Identifiers:ISBN | lc:RT:bf2:Identifiers:Oclc | lc:RT:bf2:Identifiers:Other | lc:RT:bf2:Identifiers:Local,,,,,,,
,,,bf:extent,Extent,false,true,bnode,,lc:RT:bf2:Extent,,,,,,,http://original.rdatoolkit.org/rdachp3_rda3-2080.html
,,,bf:dimensions,Dimensions,false,true,literal,,,,,,,,,http://access.rdatoolkit.org/3.5.html
,,,bf:media,Media type,false,true,,,,http://id.loc.gov/vocabulary/mediaTypes,IRIstem,,unmediated,http://id.loc.gov/vocabulary/mediaTypes/n,,http://access.rdatoolkit.org/3.2.html
,,,bf:carrier,Carrier type,false,true,,,,http://id.loc.gov/vocabulary/carriers,IRIstem,,volume,http://id.loc.gov/vocabulary/carriers/nc,,http://access.rdatoolkit.org/3.3.html
,,,bf:note,Notes about the Instance,false,true,bnode,,lc:RT:bf2:MonographNR:Note,,,,,,,http://access.rdatoolkit.org/2.17.html
,,,bf:supplementaryContent,Supplementary Content note,false,true,bnode,,lc:RT:bf2:SupplContentNote,,,,,,,
,,,bf:immediateAcquisition,Immediate source of acquisition note,false,true,bnode,,lc:RT:bf2:ImmAcqSource,,,,,,,
,,,bf:electronicLocator,URL of Instance,false,true,bnode,,lc:RT:bf2:URL,,,,,,,http://access.rdatoolkit.org/4.6.html
,,,bf:hasItem,Has Item,false,true,bnode,,lc:RT:bf2:MonographNR:Item,,,,,,,Item which is an example of the described Instance.
,,,bflc:projectedProvisionDate,Projected publication date (YYMM),false,false,literal,,,,,,,,,http://id.loc.gov/ontologies/bflc.html#p_projectedProvisionDate
lc:RT:bf2:MonographNR:Item,BIBFRAME Item,bf:Item,bf:electronicLocator,URL of Item,false,true,bnode,,lc:RT:bf2:URL,,,,,,,
,,,bf:agent,Collection,false,true,bnode,,lc:RT:bf2:Agents:Contribution,,,,,,,
,,,bf:note,Notes about the Item,false,true,bnode,,lc:RT:bf2:NoteLc,,,,,,,
,,,bf:enumerationAndChronology,Enumeration And Chronology of Item,false,true,bnode,,lc:RT:bf2:Item:Chronology | lc:RT:bf2:Item:Enumeration,,,,,,,
lc:RT:bf2:MonographNR:Note,Note,bf:Note,rdfs:label,Note,false,true,,,,,,,,,,
lc:RT:bf2:MonographNR:NoteSimple,Simple Note,bf:Note,rdfs:label,Note,false,true,,,,,,,,,,A human-readable name for the subject.
lc:RT:bf2:MonographNR:Summary,Summary note,bf:Summary,rdfs:label,Summary note,false,true,,,,,,,,,,
lc:RT:bf2:MonographNR:Work,BIBFRAME Work,bf:Work,bf:contribution,Creator of Work,false,true,bnode,,lc:RT:bflc:Agents:PrimaryContribution,,,,,,bf:PrimaryContribution,http://access.rdatoolkit.org/19.2.html
,,,bf:title,Title Information,true,true,bnode,,lc:RT:bf2:WorkTitle | lc:RT:bf2:Title:VarTitle | lc:RT:bf2:ParallelTitle,,,,,,,http://original.rdatoolkit.org/rdachp6_rda6-1935.html
,,,bf:genreForm,Form/Genre,false,true,bnode,,lc:RT:bf2:Form,,,,,,,http://access.rdatoolkit.org/6.3.html
,,,bf:originDate,Date of Work,false,true,literal,,,,,,,,,http://access.rdatoolkit.org/6.4.html
,,,bf:originPlace,Place of Origin of the Work,false,true,,,,http://id.loc.gov/vocabulary/countries,IRIstem,,,,,http://access.rdatoolkit.org/6.5.html
,,,bf:temporalCoverage,(Time) Coverage of the Content,false,true,literal,,,,,,,,,http://access.rdatoolkit.org/7.3.html
,,,bf:intendedAudience,Intended Audience,false,true,,,,http://id.loc.gov/bflists/intendedAudiences,IRIstem,,,,,http://original.rdatoolkit.org/rdachp7_rda7-634.html
,,,bf:contribution,Contribution,false,true,bnode,,lc:RT:bf2:Agents:Contribution,,,,,,,http://access.rdatoolkit.org/19.3.html
,,,bf:note,Notes about the Work,false,true,bnode,,lc:RT:bf2:MonographNR:Note,,,,,,,
,,,bf:tableOfContents,Contents,false,true,bnode,,lc:RT:bf2:MonographNR:Contents,,,,,,,
,,,bf:summary,Summary,false,true,bnode,,lc:RT:bf2:MonographNR:Summary,,,,,,,http://original.rdatoolkit.org/rdachp7_rda7-774.html
,,,bf:geographicCoverage,(Geographic) Coverage of the Content,false,true,bnode,,lc:RT:bf2:Form:Geog,,,,,,,https://staff.loc.gov/wikis/display/BP2/Marva+cataloging+updates#Marvacatalogingupdates-GeographicCoverage(043)
,,,bf:subject,Subject of the Work,false,true,bnode,,lc:RT:bf2:Components | lc:RT:bf2:Topic:Place:Components | lc:RT:bf2:Topic:SubjectWork,,,,,,,http://access.rdatoolkit.org/rdachp23_rda23-12.html
,,,bf:classification,Classification numbers,false,true,bnode,,lc:RT:bf2:LCC | lc:RT:bf2:DDC | lc:RT:bf2:NLM | lc:RT:bf2:OtherClass,,,,,,,
,,,bf:content,Content Type,false,true,,,,http://id.loc.gov/vocabulary/contentTypes,IRIstem,,text,http://id.loc.gov/vocabulary/contentTypes/txt,,http://access.rdatoolkit.org/6.9.html
,,,bf:language,Language (008 field),false,true,,,,http://id.loc.gov/vocabulary/languageshttp://id.loc.gov/vocabulary/languages,IRIstem,,,,bf:Language,
,,,bf:accompaniedBy,Language resource (041 $bdefgt),false,true,bnode,,lc:RT:bf2:LangResource,,,,,,,http://access.rdatoolkit.org/6.11.html
,,,bf:note,Language note (041 $hijkmnpqr),false,true,bnode,,lc:RT:bf2:LangNote,,,,,,,
,,,bf:notation,Script,false,true,,,,http://id.loc.gov/vocabulary/mscript,IRIstem,,,,bf:Notation,http://access.rdatoolkit.org/7.13.2.html
,,,bf:illustrativeContent,Illustrative Content,false,true,,,,http://id.loc.gov/vocabulary/millus,IRIstem,,,,,http://access.rdatoolkit.org/7.15.html
,,,bf:colorContent,Color Content,false,true,,,,http://id.loc.gov/vocabulary/mcolor,IRIstem,,,,,http://access.rdatoolkit.org/7.17.html
,,,bf:supplementaryContent,Supplementary Content,false,false,,,,http://id.loc.gov/vocabulary/msupplcont,IRIstem,,,,,http://original.rdatoolkit.org/rdachp7_rda7-1213.html
,,,bf:relation,Input Transcribed Series,false,true,bnode,,lc:RT:bf2:SeriesHubInput,,,,,,,
,,,bf:relation,Search Series Hub (optional),false,true,bnode,,lc:RT:bf2:SeriesHubLookup,,,,,,,
,,,bf:relation,Search related work,false,true,bnode,,lc:RT:bf2:RelatedWork,,,,,,,
,,,bf:hasInstance,Add BIBFRAME Instance,false,true,bnode,,lc:RT:bf2:MonographNR:Instance,,,,,,,
lc:RT:bf2:NAL,NAL classification,bf:ClassificationNal,bf:classificationPortion,Classification number,false,true,literal,,,,,,,,,
,,,bf:itemPortion,Additional call number information,false,true,literal,,,,,,,,,
,,,bf:assigner,Assigning agency,false,true,literal,,,,,,"United States, National Agricultural Library",http://id.loc.gov/vocabulary/organizations/dnal,bf:Agent,
,,,bf:status,Used by assigning agency?,false,true,,,,http://id.loc.gov/vocabulary/mstatus,IRIstem,,used by assigner,http://id.loc.gov/vocabulary/mstatus/uba,bf:Status,
lc:RT:bf2:NLM,National Library of Medicine classification,bf:ClassificationNlm,bf:classificationPortion,NLM classification number,false,true,literal,,,,,,,,,
,,,bf:itemPortion,Additional call number information,false,true,literal,,,,,,,,,
,,,bf:assigner,Assigning agency,false,true,,,,http://id.loc.gov/vocabulary/organizations,IRIstem,,"United States, National Library of Medicine",http://id.loc.gov/vocabulary/organizations/dnlm,bf:Agent,
,,,bf:status,Used by assigning agency?,false,true,,,,https://id.loc.gov/vocabulary/mstatus,IRIstem,,used by assigner,http://id.loc.gov/vocabulary/mstatus/uba,bf:Status,
lc:RT:bf2:NotatedMusic:Instance,BIBFRAME Instance,bf:Instance,bf:instanceOf,Instance of,false,false,bnode,,lc:RT:bf2:NotatedMusic:Work,,,,,,,
,,,bf:title,Title information,true,true,bnode,,lc:RT:bf2:InstanceTitle | lc:RT:bf2:Title:VarTitle | lc:RT:bf2:ParallelTitle | lc:RT:bf2:Title:CollTitle,,,,,,,https://original.rdatoolkit.org/rdachp2_rda2-3376.html
,,,bf:responsibilityStatement,Statement of responsibility,false,true,literal,,,,,,,,,http://original.rdatoolkit.org/2.4.2.html
,,,bf:editionStatement,Edition statement,false,true,literal,,,,,,,,,http://original.rdatoolkit.org/2.5.html
,,,bf:provisionActivity,Provision activity,false,true,bnode,,lc:RT:bf2:PubInfoNew | lc:RT:bf2:DistInfoNew | lc:RT:bf2:ManuInfoNew | lc:RT:bf2:ProdInfoNew,,,,,,,https://staff.loc.gov/wikis/display/BP2/Marva+cataloging+updates#Marvacatalogingupdates-ProvisionActivity(264)
,,,bf:copyrightDate,Copyright date,false,true,literal,,,,,,,,,http://original.rdatoolkit.org/2.11.html
,,,bf:issuance,Mode of issuance,false,true,,,,http://id.loc.gov/vocabulary/issuance,IRIstem,,single unit,http://id.loc.gov/vocabulary/issuance/mono,bf:Issuance,http://original.rdatoolkit.org/2.13.html
,,,bf:identifiedBy,Identifiers,false,true,bnode,,lc:RT:bf2:Identifiers:LCCN | lc:RT:bf2:Identifiers:ISBN | lc:RT:bf2:Identifiers:ISMN | lc:RT:bf2:Identifiers:UPC | lc:RT:bf2:Identifiers:Distributor | lc:RT:bf2:Identifiers:MusicPlate | lc:RT:bf2:Identifiers:MusicPub | lc:RT:bf2:Identifiers:Oclc | lc:RT:bf2:Identifiers:Other | lc:RT:bf2:Identifiers:Local | lc:RT:bf2:Identifiers:Copyright,,,,,,,
,,,bf:note,Notes about the Instance,false,true,bnode,,lc:RT:bf2:Note,,,,,,,http://original.rdatoolkit.org/2.17.html
,,,bf:supplementaryContent,Supplementary content URL,false,true,bnode,,lc:RT:bf2:SupplContentNote,,,,,,,
,,,bf:media,Media type,false,true,,,,http://id.loc.gov/vocabulary/mediaTypes,IRIstem,,unmediated,http://id.loc.gov/vocabulary/mediaTypes/n,bf:Media,http://original.rdatoolkit.org/3.2.html
,,,bf:carrier,Carrier type,false,true,,,,http://id.loc.gov/vocabulary/carriers,IRIstem,,volume,http://id.loc.gov/vocabulary/carriers/nc,bf:Carrier,http://original.rdatoolkit.org/3.3.html
,,,bf:extent,Physical description,false,true,bnode,,lc:RT:bf2:Extent,,,,,,,https://original.rdatoolkit.org/3.4.html
,,,bf:dimensions,Dimensions,false,true,literal,,,,,,,,,http://original.rdatoolkit.org/3.5.html
,,,bf:baseMaterial,Base material,false,true,,,,http://id.loc.gov/vocabulary/mmaterial,IRIstem,,,,bf:BaseMaterial,http://original.rdatoolkit.org/3.6.html
,,,bf:productionMethod,Production method,false,true,,,,http://id.loc.gov/vocabulary/mproduction,IRIstem,,,,bf:ProductionMethod,http://original.rdatoolkit.org/3.9.1.3.html
,,,bf:duration,Duration,false,true,literal,,,,,,,,,http://original.rdatoolkit.org/7.22.html
,,,bf:musicFormat,Format,false,true,,,,http://id.loc.gov/vocabulary/mmusicformat,IRIstem,,,,bf:MusicFormat,
,,,bf:electronicLocator,URL of Instance,false,true,bnode,,lc:RT:bf2:URL,,,,,,,http://original.rdatoolkit.org/4.6.html
,,,bf:hasItem,Has Item,false,true,bnode,,lc:RT:bf2:NotatedMusic:Item,,,,,,,
lc:RT:bf2:NotatedMusic:Item,BIBFRAME Item,bf:Item,bf:electronicLocator,URL of Item,false,true,bnode,,lc:RT:bf2:URL,,,,,,,
,,,bf:contribution,Collection/contribution,false,true,bnode,,lc:RT:bf2:Agents:bfContribution,,,,,,bf:Contribution,
,,,bf:note,Notes about the Item,false,true,bnode,,lc:RT:bf2:NoteLc,,,,,,,
lc:RT:bf2:NotatedMusic:Work,BIBFRAME Work,bf:Work,bf:contribution,Creator of Work,false,true,bnode,,lc:RT:bflc:Agents:PrimaryContribution,,,,,,bf:PrimaryContribution,
,,,bf:title,Title information,true,true,bnode,,lc:RT:bf2:WorkTitle | lc:RT:bf2:Title:VarTitle | lc:RT:bf2:ParallelTitle,,,,,,,https://staff.loc.gov/wikis/display/BP2/Marva+cataloging+updates#Marvacatalogingupdates-Work/ExpressionTitles
,,,bf:genreForm,Genre/Form,false,true,bnode,,lc:RT:bf2:Form,,,,,,bf:GenreForm,
,,,bf:musicMedium,Medium of performance statements,false,true,bnode,,lc:RT:bf2:MOPStatement,,,,,,,
,,,pom:hasMediumType,has Medium Type (new),false,true,bnode,,lc:RT:bf2:PMOMedPerf:EnsembleSize,,,,,,,
,,,pom:hasMediumComponent,has Medium Component (new),false,true,bnode,,lc:RT:bf2:PMOMedPerf:MediumComp,,,,,,,
,,,bf:subject,Subjects,false,true,bnode,,lc:RT:bf2:Components | lc:RT:bf2:Topic:Place:Components | lc:RT:bf2:Topic:SubjectWork,,,,,,,http://original.rdatoolkit.org/rdachp23_rda23-12.html
,,,bf:musicOpusNumber,Music opus number,false,true,literal,,,,,,,,,http://original.rdatoolkit.org/6.16.1.3.2.html
,,,bf:musicSerialNumber,Music serial number,false,true,literal,,,,,,,,,http://original.rdatoolkit.org/6.16.html
,,,bf:originPlace,Place of origin of the Work,false,true,,,,http://id.loc.gov/vocabulary/countries,IRIstem,,,,bf:Place,http://original.rdatoolkit.org/6.5.html
,,,bf:musicThematicNumber,Thematic index number,false,true,literal,,,,,,,,,http://original.rdatoolkit.org/rdachp6_rda6-4781.html
,,,bf:musicKey,Key,false,true,literal,,,,,,,,,http://original.rdatoolkit.org/6.17.html
,,,bf:originDate,Date of Work,false,true,literal,,,,,,,,,http://original.rdatoolkit.org/6.4.html
,,,bf:classification,Classification numbers,false,true,bnode,,lc:RT:bf2:LCC | lc:RT:bf2:DDC,,,,,,,
,,,bf:tableOfContents,Contents,false,true,bnode,,lc:RT:bf2:Contents,,,,,,,
,,,bf:intendedAudience,Intended audience,false,true,bnode,,lc:RT:bf2:Audience,,,,,,,http://original.rdatoolkit.org/7.7.html
,,,bf:contribution,Contribution,false,true,bnode,,lc:RT:bf2:Agents:Contribution,,,,,,bf:Contribution,http://original.rdatoolkit.org/19.3.html
,,,bf:content,Content type,false,true,,,,http://id.loc.gov/vocabulary/contentTypes,IRIstem,,Notated music,http://id.loc.gov/vocabulary/contentTypes/ntm,bf:Content,http://original.rdatoolkit.org/6.9.html
,,,bf:notation,Form of musical notation,false,true,,,,,,,,,bf:MusicNotation,
,,,bf:summary,Summary,false,true,bnode,,lc:RT:bf2:Summary,,,,,,,https://original.rdatoolkit.org/7.10.html
,,,bf:illustrativeContent,Illustrative content,false,true,,,,,,,,,bf:Illustration,http://original.rdatoolkit.org/7.15.html
,,,bf:musicFormat,Format of notated music,false,true,,,,http://id.loc.gov/vocabulary/mmusicformat,IRIstem,,,,bf:MusicFormat,http://original.rdatoolkit.org/7.20.html
,,,bf:language,"Language (008 [1st], 041 $a [others])",false,true,,,,http://id.loc.gov/vocabulary/languages,IRIstem,,,,bf:Language,https://staff.loc.gov/wikis/display/BP2/Marva+cataloging+updates#Marvacatalogingupdates-Languages(041)
,,,bf:accompaniedBy,Language resource (041 $bdefgt),false,true,bnode,,lc:RT:bf2:LangResource,,,,,,,https://staff.loc.gov/wikis/display/BP2/Marva+cataloging+updates#Marvacatalogingupdates-Languages(041)
,,,bf:note,Language note (041 $hijkmnpqr),false,true,bnode,,lc:RT:bf2:LangNote,,,,,,,https://staff.loc.gov/wikis/display/BP2/Marva+cataloging+updates#Marvacatalogingupdates-Languages(041)
,,,bf:supplementaryContent,Supplementary content,false,true,,,,http://id.loc.gov/vocabulary/msupplcont,IRIstem,,,,bf:SupplementaryContent,https://original.rdatoolkit.org/7.16.html
,,,bf:notation,Script,false,true,,,,http://id.loc.gov/vocabulary/mscript,IRIstem,,,,bf:Script,http://original.rdatoolkit.org/7.13.2.html
,,,bf:colorContent,Color content,false,true,,,,http://id.loc.gov/vocabulary/mcolor,IRIstem,,,,bf:ColorContent,http://original.rdatoolkit.org/7.17.html
,,,bf:note,Notes about the Work,false,true,bnode,,lc:RT:bf2:Note,,,,,,,
,,,bf:duration,Duration,false,true,literal,,,,,,,,,http://original.rdatoolkit.org/7.22.html
,,,bf:relation,Search related work/series,false,true,bnode,,lc:RT:bf2:RelWorkLookup,,,,,,,"https://staff.loc.gov/wikis/display/BP2/Marva+cataloging+updates#Marvacatalogingupdates-Hubs(240;X00,X10,X11with$t;X30)"
,,,bf:relation,Input transcribed series,false,true,bnode,,lc:RT:bf2:SeriesHub,,,,,,bf:Relation,"https://staff.loc.gov/wikis/display/BP2/Marva+cataloging+updates#Marvacatalogingupdates-Series(490,8XX)"
,,,bf:hasInstance,Add BIBFRAME Instance,false,true,bnode,,lc:RT:bf2:NotatedMusic:Instance,,,,,,,
lc:RT:bf2:Notation,Notation note,bf:Notation,rdfs:label,Notation note,false,true,literal,,,,,,,,,
lc:RT:bf2:Note,Note,bf:Note,rdfs:label,Note,false,false,literal,,,,,,,,,
,,,rdf:type,Note type,false,true,,,,https://id.loc.gov/vocabulary/mnotetype,IRIstem,,,,,
lc:RT:bf2:NoteLc,LC-specific note,bf:Note,rdfs:label,Note,false,true,literal,,,,,,,,,
,,,rdf:type,Note type,false,true,,,,http://id.loc.gov/vocabulary/mnotetype,IRIstem,,,,,
,,,bflc:applicableInstitution,Applicable institution,false,true,,,,http://id.loc.gov/vocabulary/organizations,IRIstem,,DLC,http://id.loc.gov/vocabulary/organizations/dlc,bflc:ApplicableInstitution,
lc:RT:bf2:NoteSimple,Simple note,bf:Note,rdfs:label,Note,false,true,literal,,,,,,,,,
lc:RT:bf2:OtherClass,Other classification,bf:Classification,bf:classificationPortion,Other classification number,false,true,literal,,,,,,,,,
,,,bf:itemPortion,Additional class number information,false,true,literal,,,,,,,,,
,,,bf:assigner,Assigner,false,true,,,,http://id.loc.gov/vocabulary/organizations,IRIstem,,,,bf:Agent,
lc:RT:bf2:PMOAgentPerf,"Agent, Role, Medium of Performance (test)",bf:Contribution,bf:agent,Agent,false,true,bnode,,lc:RT:bf2:Agent:Person,,,,,,,
,,,bf:role,Role,false,true,bnode,,lc:RT:bf2:Agent:Role,,,,,,,
,,,pom:hasMediumOfPerformance,Medium of Performance,false,true,,,,http://id.loc.gov/authorities/performanceMediums,IRIstem,,,,pom:IndividualMediumOfPerformance,
lc:RT:bf2:PMOMedPerf:DecMedTest,Declared Medium (unused),pom:DeclaredMedium,pom:hasMediumPart,has Medium Part,false,true,bnode,,lc:RT:bf2:PMOMedPerf:MedPart2,,,,,,,
,,,pom:hasMediumPart,OR has Doubling Medium Part,false,true,bnode,,lc:RT:bf2:PMOMedPerf:Doubling,,,,,,,
,,,pom:hasDistinctPartCount,Total Distinct Part Count,false,true,literal,,,,,,,,,
,,,pom:hasRequiredPerformerCount,Total Required Performer Count,false,true,literal,,,,,,,,,
,,,pom:hasEnsembleCount,Total Ensemble Count,false,true,literal,,,,,,,,,
lc:RT:bf2:PMOMedPerf:Doubling,Doubling MoP (unused),pom:MediumPart,pom:hasDoublingMediumOfPerformance,Doubling Medium of Performance,false,true,bnode,,lc:RT:bf2:PMOMedPerf:MedPerfI1 | lc:RT:bf2:PMOMedPerf:MedPerfI2,,,,,,,
lc:RT:bf2:PMOMedPerf:EnsembleSize,Ensemble size,pom:MediumType,owl:sameAs,Search Ensemble size,false,true,,,,http://id.loc.gov/vocabulary/ensemblesize,IRIstem,,,,,
,,,bflc:appliesTo,Applies to,false,true,bnode,,lc:RT:bf2:AppliesTo,,,,,,,
lc:RT:bf2:PMOMedPerf:MedPart,Medium Part/Performed (unused),pom:MediumPart,pom:hasMediumOfPerformance,has Medium of Performance,false,true,bnode,,lc:RT:bf2:PMOMedPerf:MedPerfI1 | lc:RT:bf2:PMOMedPerf:MedPerfI2,,,,,,,
lc:RT:bf2:PMOMedPerf:MedPart2,Medium Part/Declared (unused),pom:MediumPart,pom:hasMediumOfPerformance,has Medium of Performance,false,true,bnode,,lc:RT:bf2:PMOMedPerf:MedPerfI1 | lc:RT:bf2:PMOMedPerf:MedPerfI2,,,,,,,
lc:RT:bf2:PMOMedPerf:MedPartType,Medium Part Type (unused),pom:MediumPartType,rdfs:label,Medium Part Type,false,true,literal,,,,,,,,,
lc:RT:bf2:PMOMedPerf:MedPerfI1,Individual MoP (unused),pom:IndividualMediumOfPerformance,owl:sameAs,Individual Instrument or Voice,false,false,,,,http://id.loc.gov/authorities/performanceMediums,IRIstem,,,,,
,,,pom:hasDistinctPartCount,Distinct Part Count,false,true,literal,,,,,,,,,
,,,pom:hasRequiredPerformerCount,Required Performer Count,false,true,literal,,,,,,,,,
,,,bf:note,Note,false,true,bnode,,lc:RT:bf2:Note,,,,,,,
lc:RT:bf2:PMOMedPerf:MedPerfI2,Ensemble MoP (unused),pom:EnsembleMediumOfPerformance,owl:sameAs,Ensemble,false,false,,,,http://id.loc.gov/authorities/performanceMediums,IRIstem,,,,pom:EnsembleMediumOfPerformance,
,,,pom:hasEnsembleCount,has Ensemble Count,false,true,literal,,,,,,,,,
,,,bf:note,Note,false,true,bnode,,lc:RT:bf2:Note,,,,,,,
lc:RT:bf2:PMOMedPerf:MediumComp,Medium Component,pom:MediumComponent,pom:hasMediumOfPerformance,Medium of Performance,false,true,,,,http://id.loc.gov/authorities/performanceMediums,IRIstem,,,,pom:MediumOfPerformance,
,,,pom:hasMediumCount,has Medium Count,false,true,literal,,,,,,,,,
,,,pom:hasComponentQualifier,has Component Qualifier,false,true,,,,https://preprod-8080.id.loc.gov/vocabulary/pmocomponent,IRIstem,,,,pom:MediumComponentQualifier,
,,,bf:note,Note,false,true,bnode,,lc:RT:bf2:NoteSimple,,,,,,,
,,,pom:hasNumberOfHands,has Number of Hands,false,true,literal,,,,,,,,,
,,,bflc:appliesTo,Applies to:,false,true,bnode,,lc:RT:bf2:AppliesTo,,,,,,,
,,,bf:status,Status (partial),false,true,,,,http://id.loc.gov/vocabulary/mstatus,IRIstem,,,,bf:Status,
lc:RT:bf2:PMOMedPerf:PerfMed,Performed Medium (unused),pom:PerformedMedium,pom:hasMediumPart,has Medium Part,false,true,bnode,,lc:RT:bf2:PMOMedPerf:MedPart,,,,,,,
,,,pom:hasMediumPart,OR has Doubling Medium Part,false,true,bnode,,lc:RT:bf2:PMOMedPerf:Doubling,,,,,,,
,,,pom:hasEnsembleCount,Total Ensemble Count,false,true,literal,,,,,,,,,
,,,pom:hasDistinctPartCount,Total Distinct Part Count,false,true,literal,,,,,,,,,
,,,pom:hasRequiredPerformerCount,Total Required Performer Count,false,true,literal,,,,,,,,,
,,,bflc:appliesTo,Applies to,false,true,bnode,,lc:RT:bf2:AppliesTo,,,,,,,
lc:RT:bf2:ParallelTitle,Parallel title,bf:ParallelTitle,bf:mainTitle,Parallel title,false,false,literal,,,,,,,,,
,,,bf:subtitle,Other title information,false,true,literal,,,,,,,,,
,,,bf:partNumber,Part number,false,true,literal,,,,,,,,,
,,,bf:partName,Part name,false,true,literal,,,,,,,,,
,,,bf:date,Date,false,true,literal,,,,,,,,,
,,,bf:note,Note,false,true,bnode,,lc:RT:bf2:NoteSimple,,,,,,,
lc:RT:bf2:Place,Place,bf:Place,bf:Place,Search LCNAF/LCSH,false,false,,,,http://id.loc.gov/authorities/names | http://id.loc.gov/authorities/subjects,IRIstem,,,,,
lc:RT:bf2:Place:Country,Place (country file),bf:Place,owl:sameAs,Search country code list,false,true,,,,http://id.loc.gov/vocabulary/countries,IRIstem,,,,,
lc:RT:bf2:PlaceHierarchy,Hierarchical place,mads:HierarchicalGeographic,mads:componentList,Hierarchical place,false,true,bnode,,lc:RT:bf2:PlaceMadsCountry,,,,,,bf:Place,
lc:RT:bf2:PlaceMadsCountry,Hierarchical place - elements,mads:HierarchicalGeographic,mads:Country,Country,false,true,literal,,,,,,,,,
,,,mads:State,State,false,true,literal,,,,,,,,,
,,,mads:County,County,false,true,literal,,,,,,,,,
,,,mads:City,City,false,true,literal,,,,,,,,,
lc:RT:bf2:Playback,Playback channels,bf:PlaybackChannels,bf:PlaybackChannels,Lookup,false,false,,,,http://id.loc.gov/vocabulary/mplayback,IRIstem,,,,,http://original.rdatoolkit.org/3.16.8.html
lc:RT:bf2:PlayingSpeed,Playing speed,bf:PlayingSpeed,rdfs:label,Playing speed,false,true,literal,,,,,,,,,http://original.rdatoolkit.org/3.16.4.html
lc:RT:bf2:PrintGroup:AcqSource,Source of acquisition,bf:AcquisitionSource,bf:identifiedBy,Identifier,false,true,bnode,,lc:RT:bf2:Identifiers:StockNumber,,,,,,,
,,,bf:acquisitionTerms,Terms of acquisition,false,true,literal,,,,,,,,,Used with Work or Instance
lc:RT:bf2:PrintGroup:Arrangement,Arrangement of materials,bf:CollectionArrangement,rdfs:label,Arrangement of materials,false,true,literal,,,,,,,,,
lc:RT:bf2:PrintGroup:Instance,Instance,bf:Instance,bf:instanceOf,Instance Of,false,false,bnode,,lc:RT:bf2:PrintGroup:Work,,,,,,,
,,,bf:title,Title,false,true,bnode,,lc:RT:bf2:InstanceTitle | lc:RT:bf2:Title:CollTitle,,,,,,,
,,,bf:responsibilityStatement,Statement of responsibility,false,true,literal,,,,,,,,,
,,,bf:editionStatement,Edition statement,false,true,literal,,,,,,,,,
,,,bf:provisionActivity,Provision activity,false,true,bnode,,lc:RT:bf2:ProdInfoNew | lc:RT:bf2:PubInfoNew,,,,,,,https://staff.loc.gov/wikis/display/BP2/Marva+cataloging+updates#Marvacatalogingupdates-ProvisionActivity(264)
,,,bf:copyrightDate,Copyright date,false,true,literal,,,,,,,,,
,,,bf:identifiedBy,Identifiers,false,true,bnode,,lc:RT:bf2:Identifiers:LCCN | lc:RT:bf2:Identifiers:Copyright | lc:RT:bf2:Identifiers:Other | lc:RT:bf2:Identifiers:Local | lc:RT:bf2:Identifiers:Oclc,,,,,,,
,,,bf:note,Notes about the Instance,false,true,bnode,,lc:RT:bf2:PrintPhoto:Note,,,,,,,
,,,bf:supplementaryContent,Supplementary content URL,false,true,bnode,,lc:RT:bf2:SupplContentNote,,,,,,,
,,,bf:immediateAcquisition,Immediate source of acquisition note,false,true,bnode,,lc:RT:bf2:ImmAcqSource,,,,,,,
,,,bf:issuance,Mode of issuance,false,true,,,,http://id.loc.gov/vocabulary/issuance,IRIstem,,single unit,http://id.loc.gov/vocabulary/issuance/mono,bf:Issuance,
,,,bf:media,Media type,false,true,,,,http://id.loc.gov/vocabulary/mediaTypes,IRIstem,,unmediated,http://id.loc.gov/vocabulary/mediaTypes/n,bf:Media,
,,,bf:carrier,Carrier type,false,true,,,,http://id.loc.gov/vocabulary/carriers,IRIstem,,sheet,http://id.loc.gov/vocabulary/carriers/nb,bf:Carrier,
,,,bf:extent,Physical description,false,true,bnode,,lc:RT:bf2:Extent,,,,,,,
,,,bf:dimensions,Dimensions,false,true,literal,,,,,,,,,
,,,bf:baseMaterial,Base material,false,true,,,,http://id.loc.gov/vocabulary/mmaterial,IRIstem,,,,bf:BaseMaterial,
,,,bf:digitalCharacteristic,File type,false,true,,,,http://id.loc.gov/vocabulary/mfiletype,IRIstem,,image file,http://id.loc.gov/vocabulary/mfiletype/image,bf:FileType,
,,,bf:usageAndAccessPolicy,Usage and access policies,false,true,bnode,,lc:RT:bf2:Item:Access | lc:RT:bf2:Item:Use,,,,,,,
,,,bf:hasItem,Add Item information,false,true,bnode,,lc:RT:bf2:PrintGroup:Item,,,,,,,
lc:RT:bf2:PrintGroup:Item,Item,bf:Item,bf:acquisitionSource,Local copy identifier,false,true,bnode,,lc:RT:bf2:PrintGroup:AcqSource,,,,,,,
,,,bf:electronicLocation,URL of digital item,false,true,bnode,,lc:RT:bf2:URL,,,,,,,
,,,bf:contribution,Collection/contribution,false,true,bnode,,lc:RT:bf2:Agents:bfContribution,,,,,,bf:Contribution,
,,,bf:note,Notes about the Item,false,true,bnode,,lc:RT:bf2:PrintPhoto:Note,,,,,,,
,,,bf:custodialHistory,Custodial history,false,true,literal,,,,,,,,,
lc:RT:bf2:PrintGroup:Note,Note,bf:Note,rdfs:label,Note,false,true,literal,,,,,,,,,
,,,bf:noteType,Note type,false,true,,,,http://id.loc.gov/vocabulary/mnotetype,IRIstem,,,,,
,,,rdf:value,URL related to Note,false,true,literal,,,,,,,,,
lc:RT:bf2:PrintGroup:TGMGenre,TGM Genre,bf:GenreForm,mads:componentList,Search TGM,false,true,bnode,,lc:RT:bf2:PrintPhoto:TGMGenreSearch | lc:RT:bf2:PrintPhoto:TGMTemporal,,,,,,mads:ComponentList,
,,,bf:source,Source of term,false,false,,,,http://id.loc.gov/vocabulary/genreFormSchemes,IRIstem,,gmgpc,http://id.loc.gov/vocabulary/genreFormSchemes/gmgpc,bf:Source,
lc:RT:bf2:PrintGroup:TGMGenreSearch,Search TGM (Genre),mads:GenreForm,mads:authoritativeLabel,Search TGM,false,true,,,,http://id.loc.gov/vocabulary/graphicMaterials,IRIstem,,,,,
lc:RT:bf2:PrintGroup:TGMSearch,Search TGM (Topic),mads:Topic,mads:authoritativeLabel,Search TGM,false,true,,,,http://id.loc.gov/vocabulary/graphicMaterials,IRIstem,,,,,
lc:RT:bf2:PrintGroup:TGMSubject,TGM Subject,bf:Topic,mads:componentList,Search TGM,false,true,bnode,,lc:RT:bf2:PrintGroup:TGMSearch | lc:RT:bf2:Topic:madsTopicSubdivision | lc:RT:bf2:Topic:madsGeographic | lc:RT:bf2:PrintGroup:TGMTemporal,,,,,,mads:ComplexSubject,
,,,bf:source,Source of term,false,false,,,,http://id.loc.gov/vocabulary/subjectSchemes,IRIstem,,lctgm,http://id.loc.gov/vocabulary/subjectSchemes/lctgm,bf:Source,
lc:RT:bf2:PrintGroup:TGMTemporal,Chronological subdivision,mads:Temporal,rdfs:label,Chronological subdivision,false,true,literal,,,,,,,,,
lc:RT:bf2:PrintGroup:Work,Work,bf:Work,bf:title,Title,false,true,bnode,,lc:RT:bf2:WorkTitle | lc:RT:bf2:Title:VarTitle | lc:RT:bf2:ParallelTitle,,,,,,,https://staff.loc.gov/wikis/display/BP2/Marva+cataloging+updates#Marvacatalogingupdates-Work/ExpressionTitles
,,,bf:contribution,Creator,false,true,bnode,,lc:RT:bflc:Agents:PrimaryContribution,,,,,,bf:PrimaryContribution,
,,,bf:contribution,Contributor(s),false,true,bnode,,lc:RT:bf2:Agents:Contribution,,,,,,bf:Contribution,
,,,bf:genreForm,Genre/Form,false,true,bnode,,lc:RT:bf2:Form | lc:RT:bf2:PrintGroup:TGMGenre,,,,,,bf:GenreForm,
,,,bf:subject,Subjects,false,true,bnode,,lc:RT:bf2:PrintGroup:TGMSubject | lc:RT:bf2:Components | lc:RT:bf2:Topic:Place:Components | lc:RT:bf2:Topic:SubjectWork,,,,,,,
,,,bf:originPlace,Place associated with the Work,false,true,,,,http://id.loc.gov/vocabulary/countries,IRIstem,,,,bf:Place,
,,,bf:temporalCoverage,Time coverage of the Work,false,true,literal,,,,,,,,,
,,,bf:content,Content type,false,true,,,,http://id.loc.gov/vocabulary/contentTypes,IRIstem,,still image,http://id.loc.gov/vocabulary/contentTypes/sti,bf:Content,
,,,bf:note,Notes about the Work,false,true,bnode,,lc:RT:bf2:PrintPhoto:Note,,,,,,,
,,,bf:tableOfContents,Contents,false,true,bnode,,lc:RT:bf2:Contents,,,,,,,
,,,bf:summary,Summary,false,true,bnode,,lc:RT:bf2:Summary,,,,,,,
,,,bf:illustrativeContent,Illustrative content,false,true,,,,http://id.loc.gov/vocabulary/millus,IRIstem,,,,bf:Illustration,
,,,bf:colorContent,Color content,false,true,,,,http://id.loc.gov/vocabulary/mcolor,IRIstem,,,,bf:ColorContent,
,,,bf:language,"Language (008 [1st], 041 $a [others])",false,true,,,,http://id.loc.gov/vocabulary/languages,IRIstem,,,,bf:Language,https://staff.loc.gov/wikis/display/BP2/Marva+cataloging+updates#Marvacatalogingupdates-Languages(041)
,,,bf:accompaniedBy,Language resource (041 $bdefgt),false,true,bnode,,lc:RT:bf2:LangResource,,,,,,,https://staff.loc.gov/wikis/display/BP2/Marva+cataloging+updates#Marvacatalogingupdates-Languages(041)
,,,bf:note,Language note (041 $hijkmnpqr),false,true,bnode,,lc:RT:bf2:LangNote,,,,,,,https://staff.loc.gov/wikis/display/BP2/Marva+cataloging+updates#Marvacatalogingupdates-Languages(041)
,,,bf:geographicCoverage,Geographic coverage,false,true,bnode,,lc:RT:bf2:Form:Geog,,,,,,,
,,,bf:geographicCoverage,GeoNames (geographic coverage),false,true,bnode,,lc:RT:bf2:GeoNames,,,,,,bf:GeographicCoverage,
,,,bf:collectionArrangement,Arrangement of materials,false,true,bnode,,lc:RT:bf2:PrintGroup:Arrangement,,,,,,,
,,,bf:relation,Input transcribed series,false,true,bnode,,lc:RT:bf2:SeriesHub,,,,,,bf:Relation,"https://staff.loc.gov/wikis/display/BP2/Marva+cataloging+updates#Marvacatalogingupdates-Series(490,8XX)"
,,,bf:relation,Search related work/series,false,true,bnode,,lc:RT:bf2:RelWorkLookup,,,,,,bf:Relation,"https://staff.loc.gov/wikis/display/BP2/Marva+cataloging+updates#Marvacatalogingupdates-Series(490,8XX)"
,,,bf:hasInstance,Add Instance information,false,true,bnode,,lc:RT:bf2:PrintGroup:Instance,,,,,,,
lc:RT:bf2:PrintPhoto:AcqSource,Source of acquisition,bf:AcquisitionSource,bf:identifiedBy,Identifier,false,true,bnode,,lc:RT:bf2:Identifiers:StockNumber,,,,,,,
,,,bf:acquisitionTerms,Terms of acquisition,false,true,literal,,,,,,,,,Used with Work or Instance
lc:RT:bf2:PrintPhoto:Arrangement,Arrangement of materials,bf:CollectionArrangement,rdfs:label,Arrangement of materials,false,true,literal,,,,,,,,,
lc:RT:bf2:PrintPhoto:Instance,Instance,bf:Instance,bf:instanceOf,Instance Of,false,false,bnode,,lc:RT:bf2:PrintPhoto:Work,,,,,,,
,,,bf:title,Title,false,true,bnode,,lc:RT:bf2:InstanceTitle | lc:RT:bf2:Title:CollTitle,,,,,,,
,,,bf:responsibilityStatement,Statement of responsibility,false,true,literal,,,,,,,,,
,,,bf:editionStatement,Edition statement,false,true,literal,,,,,,,,,
,,,bf:provisionActivity,Provision activity,false,true,bnode,,lc:RT:bf2:ProdInfoNew | lc:RT:bf2:PubInfoNew,,,,,,,https://staff.loc.gov/wikis/display/BP2/Marva+cataloging+updates#Marvacatalogingupdates-ProvisionActivity(264)
,,,bf:copyrightDate,Copyright date,false,true,literal,,,,,,,,,
,,,bf:identifiedBy,Identifiers,false,true,bnode,,lc:RT:bf2:Identifiers:LCCN | lc:RT:bf2:Identifiers:Copyright | lc:RT:bf2:Identifiers:Other | lc:RT:bf2:Identifiers:Local | lc:RT:bf2:Identifiers:Oclc,,,,,,,
,,,bf:note,Notes about the Instance,false,true,bnode,,lc:RT:bf2:PrintPhoto:Note,,,,,,,
,,,bf:supplementaryContent,Supplementary content URL,false,true,bnode,,lc:RT:bf2:SupplContentNote,,,,,,,
,,,bf:immediateAcquisition,Immediate source of acquisition note,false,true,bnode,,lc:RT:bf2:ImmAcqSource,,,,,,,
,,,bf:issuance,Mode of issuance,false,true,,,,http://id.loc.gov/vocabulary/issuance,IRIstem,,single unit,http://id.loc.gov/vocabulary/issuance/mono,bf:Issuance,
,,,bf:media,Media type,false,true,,,,http://id.loc.gov/vocabulary/mediaTypes,IRIstem,,unmediated,http://id.loc.gov/vocabulary/mediaTypes/n,bf:Media,
,,,bf:carrier,Carrier type,false,true,,,,http://id.loc.gov/vocabulary/carriers,IRIstem,,sheet,http://id.loc.gov/vocabulary/carriers/nb,bf:Carrier,
,,,bf:extent,Physical description,false,true,bnode,,lc:RT:bf2:Extent,,,,,,,
,,,bf:dimensions,Dimensions,false,true,literal,,,,,,,,,
,,,bf:baseMaterial,Base material,false,true,,,,http://id.loc.gov/vocabulary/mmaterial,IRIstem,,,,bf:BaseMaterial,
,,,bf:digitalCharacteristic,File type,false,true,,,,http://id.loc.gov/vocabulary/mfiletype,IRIstem,,image file,http://id.loc.gov/vocabulary/mfiletype/image,bf:FileType,
,,,bf:electronicLocation,URL,false,true,bnode,,lc:RT:bf2:URL,,,,,,,
,,,bf:usageAndAccessPolicy,Usage and access policies,false,true,bnode,,lc:RT:bf2:Item:Access | lc:RT:bf2:Item:Use,,,,,,,
,,,bf:hasItem,Add Item information,false,true,bnode,,lc:RT:bf2:PrintPhoto:Item,,,,,,,
lc:RT:bf2:PrintPhoto:Item,Item,bf:Item,bf:acquisitionSource,Local copy identifier,false,true,bnode,,lc:RT:bf2:PrintPhoto:AcqSource,,,,,,,
,,,bf:electronicLocation,URL of digital item,false,true,bnode,,lc:RT:bf2:URL,,,,,,,
,,,bf:contribution,Collection/contribution,false,true,bnode,,lc:RT:bf2:Agents:bfContribution,,,,,,bf:Contribution,
,,,bf:note,Notes about the Item,false,true,bnode,,lc:RT:bf2:PrintPhoto:Note,,,,,,,
,,,bf:custodialHistory,Custodial history,false,true,literal,,,,,,,,,
lc:RT:bf2:PrintPhoto:Note,Note,bf:Note,rdfs:label,Note,false,true,literal,,,,,,,,,
,,,bf:noteType,Note type,false,true,,,,http://id.loc.gov/vocabulary/mnotetype,IRIstem,,,,,
,,,rdf:value,URL related to Note,false,true,literal,,,,,,,,,
,,,bflc:applicableInstitution,Applicable institution,false,true,,,,http://id.loc.gov/vocabulary/organizations,IRIstem,,DLC,http://id.loc.gov/vocabulary/organizations/dlc,bflc:ApplicableInstitution,
lc:RT:bf2:PrintPhoto:TGMGenre,TGM Genre,bf:GenreForm,bf:genreForm,Search TGM,false,true,,,,http://id.loc.gov/vocabulary/graphicMaterials,IRIstem,,,,,
,,,rdfs:label,Add subdivision,false,true,literal,,,,,,,,,
,,,bf:source,Source of term,false,false,,,,http://id.loc.gov/vocabulary/genreFormSchemes,IRIstem,,gmgpc,http://id.loc.gov/vocabulary/genreFormSchemes/gmgpc,bf:Source,
lc:RT:bf2:PrintPhoto:TGMGenreSearch,Search TGM (Genre),mads:GenreForm,mads:authoritativeLabel,Search TGM,false,true,,,,http://id.loc.gov/vocabulary/graphicMaterials,IRIstem,,,,,
lc:RT:bf2:PrintPhoto:TGMSearch,Search TGM (Topic),mads:Topic,mads:authoritativeLabel,Search TGM,false,true,,,,http://id.loc.gov/vocabulary/graphicMaterials,IRIstem,,,,,
lc:RT:bf2:PrintPhoto:TGMSubject,TGM Subject,bf:Topic,mads:componentList,Search TGM,false,true,bnode,,lc:RT:bf2:PrintPhoto:TGMSearch | lc:RT:bf2:Topic:madsTopicSubdivision | lc:RT:bf2:Topic:madsGeographic | lc:RT:bf2:PrintPhoto:TGMTemporal,,,,,,,
,,,bf:source,Source of term,false,false,,,,http://id.loc.gov/vocabulary/subjectSchemes,IRIstem,,lctgm,http://id.loc.gov/vocabulary/subjectSchemes/lctgm,bf:Source,
lc:RT:bf2:PrintPhoto:TGMTemporal,Chronological subdivision,mads:Temporal,rdfs:label,Chronological subdivision,false,true,literal,,,,,,,,,
lc:RT:bf2:PrintPhoto:Work,Work,bf:Work,bf:title,Title,false,true,bnode,,lc:RT:bf2:WorkTitle | lc:RT:bf2:Title:VarTitle | lc:RT:bf2:ParallelTitle,,,,,,,https://staff.loc.gov/wikis/display/BP2/Marva+cataloging+updates#Marvacatalogingupdates-Work/ExpressionTitles
,,,bf:contribution,Creator,false,true,bnode,,lc:RT:bflc:Agents:PrimaryContribution,,,,,,bf:PrimaryContribution,
,,,bf:contribution,Contributor(s),false,true,bnode,,lc:RT:bf2:Agents:Contribution,,,,,,bf:Contribution,
,,,bf:genreForm,Genre/Form,false,true,bnode,,lc:RT:bf2:PrintPhoto:TGMGenre,,,,,,,
,,,bf:subject,Subjects,false,true,bnode,,lc:RT:bf2:PrintPhoto:TGMSubject | lc:RT:bf2:Components | lc:RT:bf2:Topic:Place:Components | lc:RT:bf2:Topic:SubjectWork,,,,,,,
,,,bf:originPlace,Place associated with the Work,false,true,,,,http://id.loc.gov/vocabulary/countries,IRIstem,,,,bf:Place,
,,,bf:temporalCoverage,Time coverage of the Work,false,true,literal,,,,,,,,,
,,,bf:content,Content type,false,true,,,,http://id.loc.gov/vocabulary/contentTypes,IRIstem,,still image,http://id.loc.gov/vocabulary/contentTypes/sti,bf:Content,
,,,bf:note,Notes about the Work,false,true,bnode,,lc:RT:bf2:PrintPhoto:Note,,,,,,,
,,,bf:tableOfContents,Contents,false,true,bnode,,lc:RT:bf2:Contents,,,,,,,
,,,bf:summary,Summary,false,true,bnode,,lc:RT:bf2:Summary,,,,,,,
,,,bf:illustrativeContent,Illustrative content,false,true,,,,http://id.loc.gov/vocabulary/millus,IRIstem,,,,bf:Illustration,
,,,bf:colorContent,Color content,false,true,,,,http://id.loc.gov/vocabulary/mcolor,IRIstem,,,,bf:ColorContent,
,,,bf:language,"Language (008 [1st], 041 $a [others])",false,true,,,,http://id.loc.gov/vocabulary/languages,IRIstem,,,,bf:Language,https://staff.loc.gov/wikis/display/BP2/Marva+cataloging+updates#Marvacatalogingupdates-Languages(041)
,,,bf:accompaniedBy,Language resource (041 $bdefgt),false,true,bnode,,lc:RT:bf2:LangResource,,,,,,,https://staff.loc.gov/wikis/display/BP2/Marva+cataloging+updates#Marvacatalogingupdates-Languages(041)
,,,bf:note,Language note (041 $hijkmnpqr),false,true,bnode,,lc:RT:bf2:LangNote,,,,,,,https://staff.loc.gov/wikis/display/BP2/Marva+cataloging+updates#Marvacatalogingupdates-Languages(041)
,,,bf:geographicCoverage,Geographic coverage,false,true,bnode,,lc:RT:bf2:Form:Geog,,,,,,,
,,,bf:geographicCoverage,GeoNames (geographic coverage),false,true,bnode,,lc:RT:bf2:GeoNames,,,,,,bf:GeographicCoverage,
,,,bf:collectionArrangement,Arrangement of materials,false,true,bnode,,lc:RT:bf2:PrintPhoto:Arrangement,,,,,,,
,,,bf:relation,Input transcribed series,false,true,bnode,,lc:RT:bf2:SeriesHub,,,,,,bf:Relation,"https://staff.loc.gov/wikis/display/BP2/Marva+cataloging+updates#Marvacatalogingupdates-Series(490,8XX)"
,,,bf:relation,Search related work/series,false,true,bnode,,lc:RT:bf2:RelWorkLookup,,,,,,bf:Relation,"https://staff.loc.gov/wikis/display/BP2/Marva+cataloging+updates#Marvacatalogingupdates-Series(490,8XX)"
,,,bf:hasInstance,Add Instance information,false,true,bnode,,lc:RT:bf2:PrintPhoto:Instance,,,,,,,
lc:RT:bf2:ProdInfoNew,Production,bf:Production,bf:date,EDTF date (to/from 008),false,true,literal,,,,,,,,,
,,,bf:place,Search place of publication (to/from 008),false,true,,,,http://id.loc.gov/vocabulary/countries,IRIstem,,,,bf:Place,
,,,bflc:simplePlace,Place (to/from 26X $a),false,true,literal,,,,,,,,,
,,,bflc:simpleAgent,Name (to/from 26X $b),false,true,literal,,,,,,,,,
,,,bflc:simpleDate,Date (to/from 26X $c),false,true,literal,,,,,,,,,
lc:RT:bf2:ProjFormat,Presentation format,bf:PresentationFormat,bf:PresentationFormat,Lookup,false,false,,,,http://id.loc.gov/vocabulary/mpresformat,IRIstem,,,,,http://original.rdatoolkit.org/3.17.2.html
lc:RT:bf2:ProjSpeed,Projection speed,bf:ProjectionSpeed,rdfs:label,Projection speed,false,true,literal,,,,,,,,,
lc:RT:bf2:PubInfoNew,Publication,bf:Publication,bf:date,EDTF date (to/from 008),false,false,literal,,,,,,,,,
,,,bf:place,Search place of publication (to/from 008),false,true,,,,http://id.loc.gov/vocabulary/countries,IRIstem,,,,bf:Place,
,,,bflc:simplePlace,Place (to/from 26X $a),false,true,literal,,,,,,,,,
,,,bflc:simpleAgent,Name (to/from 26X $b),false,true,literal,,,,,,,,,
,,,bflc:simpleDate,Date (to/from 26X $c),false,true,literal,,,,,,,,,
lc:RT:bf2:RareMat:Instance,BIBFRAME Instance,bf:Instance,bf:instanceOf,Instance of,false,false,bnode,,lc:RT:bf2:RareMat:Work,,,,,,,
,,,bf:title,Title information,true,true,bnode,,lc:RT:bf2:InstanceTitle | lc:RT:bf2:Title:VarTitle | lc:RT:bf2:ParallelTitle | lc:RT:bf2:Title:CollTitle,,,,,,,https://original.rdatoolkit.org/rdachp2_rda2-3376.html
,,,bf:responsibilityStatement,Statement of responsiblity,false,true,literal,,,,,,,,,http://original.rdatoolkit.org/2.4.2.html
,,,bf:editionStatement,Edition statement,false,true,literal,,,,,,,,,http://original.rdatoolkit.org/2.5.html
,,,bf:contribution,Contributors,false,true,bnode,,lc:RT:bf2:Agents:Contribution,,,,,,bf:Contribution,http://original.rdatoolkit.org/19.3.html
,,,bf:provisionActivity,Provision activity,false,true,bnode,,lc:RT:bf2:PubInfoNew | lc:RT:bf2:DistInfoNew | lc:RT:bf2:ManuInfoNew | lc:RT:bf2:ProdInfoNew,,,,,,,https://staff.loc.gov/wikis/display/BP2/Marva+cataloging+updates#Marvacatalogingupdates-ProvisionActivity(264)
,,,bf:copyrightDate,Copyright date,false,true,literal,,,,,,,,,http://original.rdatoolkit.org/2.11.html
,,,bf:genreForm,Genre/Form,false,true,bnode,,lc:RT:bf2:Form | lc:RT:bf2:RareMat:RBMS,,,,,,,
,,,bf:identifiedBy,Identifiers,false,true,bnode,,lc:RT:bf2:Identifiers:LCCN | lc:RT:bf2:Identifiers:ISBN | lc:RT:bf2:Identifiers:Oclc | lc:RT:bf2:Identifiers:Other | lc:RT:bf2:Identifiers:Local,,,,,,,
,,,bf:note,References and notes,false,true,bnode,,lc:RT:bf2:RareMat:RefNote,,,,,,,
,,,bf:supplementaryContent,Supplementary content URL,false,true,bnode,,lc:RT:bf2:SupplContentNote,,,,,,,
,,,bf:issuance,Mode of issuance,false,true,,,,http://id.loc.gov/vocabulary/issuance,IRIstem,,single unit,http://id.loc.gov/vocabulary/issuance/mono,bf:Issuance,http://original.rdatoolkit.org/2.13.html
,,,bf:media,Media type,false,true,,,,http://id.loc.gov/vocabulary/mediaTypes,IRIstem,,unmediated,http://id.loc.gov/vocabulary/mediaTypes/n,,http://original.rdatoolkit.org/3.2.html
,,,bf:carrier,Carrier type,false,true,,,,http://id.loc.gov/vocabulary/carriers,IRIstem,,volume,http://id.loc.gov/vocabulary/carriers/nc,bf:Carrier,http://original.rdatoolkit.org/3.3.html
,,,bf:extent,Physical description,false,true,bnode,,lc:RT:bf2:Extent,,,,,,,https://original.rdatoolkit.org/3.4.html
,,,bf:dimensions,Dimensions,false,true,literal,,,,,,,,,http://original.rdatoolkit.org/3.5.html
,,,bf:bookFormat,Book format,false,true,,,,http://id.loc.gov/vocabulary/bookformat,IRIstem,,,,bf:BookFormat,
,,,bf:hasItem,Has Item,false,true,bnode,,lc:RT:bf2:RareMat:Item,,,,,,,
lc:RT:bf2:RareMat:Item,BIBFRAME Item,bf:Item,bf:classification,Classification number,false,true,bnode,,lc:RT:bf2:RareMat:ItemLcc,,,,,,,
,,,bf:contribution,Agents/collections associated with Item,false,true,bnode,,lc:RT:bf2:Agents:bfContribution,,,,,,bf:Contribution,
,,,bf:custodialHistory,Custodial history/provenance,false,true,literal,,,,,,,,,http://original.rdatoolkit.org/2.18.html
,,,bf:immediateAcquisition,Immediate source of acquisition,false,true,bnode,,lc:RT:bf2:ImmAcqSource,,,,,,,
,,,bf:note,Notes about the Item,false,true,bnode,,lc:RT:bf2:NoteLc,,,,,,,
,,,bf:genreForm,Genre/Form,false,true,bnode,,lc:RT:bf2:Form | lc:RT:bf2:RareMat:RBMS,,,,,,,
,,,bf:usageAndAccessPolicy,Usage and access policy,false,true,bnode,,lc:RT:bf2:Item:Access | lc:RT:bf2:Item:Use | lc:RT:bf2:Item:Retention,,,,,,,
,,,bf:title,Item title,false,true,bnode,,lc:RT:bf2:Title:VarTitle,,,,,,,
lc:RT:bf2:RareMat:ItemLcc,Library of Congress classification,bf:ClassificationLcc,bf:classificationPortion,Classification number,false,true,literal,,,,,,,,,
,,,bf:itemPortion,Additional call number information,false,true,literal,,,,,,,,,
,,,bf:note,Copy note,false,true,bnode,,lc:RT:bf2:NoteSimple,,,,,,,
lc:RT:bf2:RareMat:Note,Note,bf:Note,rdfs:label,Note,false,true,literal,,,,,,,,,
,,,bf:noteType,Note type,false,true,,,,http://id.loc.gov/vocabulary/mnotetype,IRIstem,,,,,
,,,bflc:applicableInstitution,Applicable institution,false,true,,,,,,,United States. Library of Congress,http://id.loc.gov/authorities/names/n78089035,bf:Agent,
lc:RT:bf2:RareMat:RBMS,RBMS term,bf:GenreForm,owl:sameAs,Search RBMS,false,true,,,,https://id.loc.gov/vocabulary/rbmscv,IRIstem,,,,,
,,,bf:source,Source,false,true,,,,http://id.loc.gov/vocabulary/genreFormSchemes,IRIstem,,RBMS Controlled Vocabularies,http://id.loc.gov/vocabulary/genreFormSchemes/rbmscv,bf:Source,
lc:RT:bf2:RareMat:RefNote,References and notes,bf:Note,rdfs:label,Note/name of source,false,false,literal,,,,,,,,,
,,,rdf:type,Note type,false,true,,,,http://id.loc.gov/vocabulary/mnotetype,IRIstem,,reference citation,http://id.loc.gov/vocabulary/mnotetype/refcitation,,
,,,bflc:citation,Location within source,false,true,literal,,,,,,,,,
,,,bf:enumerationAndChronology,Coverage of source,false,true,bnode,,lc:RT:bf2:RareMat:RefNoteCoverage,,,,,,,
,,,bf:electronicLocator,URL,false,true,bnode,,lc:RT:bf2:URL,,,,,,,
,,,bflc:appliesTo,Applies to,false,true,bnode,,lc:RT:bf2:AppliesTo,,,,,,,
,,,bflc:applicableInstitution,Applicable institution,false,true,,,,http://id.loc.gov/vocabulary/organizations,IRIstem,,,,bflc:ApplicableInstitution,
lc:RT:bf2:RareMat:RefNoteCoverage,Coverage of source,bf:EnumerationAndChronology,rdfs:label,Coverage of source,false,true,literal,,,,,,,,,
lc:RT:bf2:RareMat:Work,BIBFRAME Work,bf:Work,bf:expressionOf,Expression of [search for a Hub],false,true,,,,https://id.loc.gov/resources/hubs,IRIstem,,,,bf:Hub,
,,,bf:contribution,Creator of Work,false,true,bnode,,lc:RT:bflc:Agents:PrimaryContribution,,,,,,bf:PrimaryContribution,
,,,bf:title,Title information,true,true,bnode,,lc:RT:bf2:WorkTitle | lc:RT:bf2:Title:VarTitle | lc:RT:bf2:ParallelTitle,,,,,,,https://staff.loc.gov/wikis/display/BP2/Marva+cataloging+updates#Marvacatalogingupdates-Work/ExpressionTitles
,,,bf:contribution,Contribution,false,true,bnode,,lc:RT:bf2:Agents:Contribution,,,,,,bf:Contribution,
,,,bf:subject,Subjects,false,true,bnode,,lc:RT:bf2:Components | lc:RT:bf2:Topic:SubjectWork,,,,,,,http://original.rdatoolkit.org/rdachp23_rda23-12.html
,,,bf:geographicCoverage,Geographic coverage,false,true,bnode,,lc:RT:bf2:Form:Geog,,,,,,,
,,,bf:genreForm,Genre/Form,false,true,,,,http://id.loc.gov/authorities/genreForms,IRIstem,,,,bf:GenreForm,
,,,bf:classification,Classification numbers,false,true,bnode,,lc:RT:bf2:LCC | lc:RT:bf2:DDC,,,,,,,
,,,bf:intendedAudience,Intended audience,false,true,bnode,,lc:RT:bf2:Audience,,,,,,,http://original.rdatoolkit.org/7.7.html
,,,bf:content,Content type,false,true,,,,http://id.loc.gov/vocabulary/contentTypes,IRIstem,,text,http://id.loc.gov/vocabulary/contentTypes/txt,bf:Content,http://original.rdatoolkit.org/6.9.html
,,,bf:note,Notes about the Work,false,true,bnode,,lc:RT:bf2:RareMat:Note,,,,,,,
,,,bf:tableOfContents,Contents,false,true,bnode,,lc:RT:bf2:Contents,,,,,,,
,,,bf:summary,Summary,false,true,bnode,,lc:RT:bf2:Summary,,,,,,,https://original.rdatoolkit.org/7.10.html
,,,bf:language,"Language (008 [1st], 041 $a [others])",false,true,,,,http://id.loc.gov/vocabulary/languages,IRIstem,,,,bf:Language,https://staff.loc.gov/wikis/display/BP2/Marva+cataloging+updates#Marvacatalogingupdates-Languages(041)
,,,bf:accompaniedBy,Language resource (041 $bdegt),false,true,bnode,,lc:RT:bf2:LangResource,,,,,,,https://staff.loc.gov/wikis/display/BP2/Marva+cataloging+updates#Marvacatalogingupdates-Languages(041)
,,,bf:note,Language note (041 $hijkmnpqr),false,true,bnode,,lc:RT:bf2:LangNote,,,,,,,https://staff.loc.gov/wikis/display/BP2/Marva+cataloging+updates#Marvacatalogingupdates-Languages(041)
,,,bf:supplementaryContent,Supplementary content,false,true,,,,http://id.loc.gov/vocabulary/msupplcont,IRIstem,,,,bf:SupplementaryContent,https://original.rdatoolkit.org/7.16.html
,,,bf:illustrativeContent,Illustrative content,false,true,,,,http://id.loc.gov/vocabulary/millus,IRIstem,,,,bf:Illustration,http://original.rdatoolkit.org/7.15.html
,,,bf:colorContent,Color content,false,true,,,,http://id.loc.gov/vocabulary/mcolor,IRIstem,,,,bf:ColorContent,http://original.rdatoolkit.org/7.17.html
,,,bf:relation,Search related work/series,false,true,bnode,,lc:RT:bf2:RelWorkLookup,,,,,,,
,,,bf:relation,Input transcribed series,false,true,bnode,,lc:RT:bf2:SeriesHub,,,,,,bf:Relation,"https://staff.loc.gov/wikis/display/BP2/Marva+cataloging+updates#Marvacatalogingupdates-Series(490,8XX)"
,,,bf:hasInstance,Add BIBFRAME Instance,false,true,bnode,,lc:RT:bf2:RareMat:Instance,,,,,,,
lc:RT:bf2:RecGen,Recording generation,bf:Generation,bf:Generation,Lookup,false,false,,,,http://id.loc.gov/vocabulary/mgeneration,IRIstem,,,,,
lc:RT:bf2:RecMedium,Recording medium (optical),bf:RecordingMedium,bf:RecordingMedium,Lookup,false,false,,,,http://id.loc.gov/vocabulary/mrecmedium,IRIstem,,,,,http://original.rdatoolkit.org/3.16.3.html
lc:RT:bf2:RecMedium2,Recording medium (magnetic),bf:RecordingMedium,bf:RecordingMedium,Lookup,false,false,,,,http://id.loc.gov/vocabulary/mrecmedium,IRIstem,,,,,http://original.rdatoolkit.org/3.16.3.html
lc:RT:bf2:RegEncoding,Regional encoding,bf:RegionalEncoding,bf:RegionalEncoding,Lookup,false,false,,,,http://id.loc.gov/vocabulary/mregencoding,IRIstem,,,,,http://original.rdatoolkit.org/3.19.6.3.html
lc:RT:bf2:RelWorkInput,Related work not in LC catalog,bf:Relation,bf:title,Title,false,true,bnode,,lc:RT:bf2:RelWorkInputTitle,,,,,,,
,,,bf:contribution,Contributor,false,true,bnode,,lc:RT:bf2:Agent:bfPerson | lc:RT:bf2:Agent:bfCorp | lc:RT:bf2:Agent:bfConf | lc:RT:bf2:Agent:bfFamily | lc:RT:bf2:Agent:bfJurisdiction,,,,,,bf:Contribution,
,,,bf:identifiedBy,Identifiers,false,true,bnode,,lc:RT:bf2:RelWorkInputNumber,,,,,,,
,,,bf:note,Note,false,true,bnode,,lc:RT:bf2:NoteSimple,,,,,,,
,,,bflc:appliesTo,Applies to,false,true,bnode,,lc:RT:bf2:AppliesTo,,,,,,,
,,,bf:relationship,Relationship designator,false,true,,,,http://id.loc.gov/vocabulary/relationship,IRIstem,,,,bf:Relationship,
lc:RT:bf2:RelWorkInputNumber,Input OCLC number,bf:OclcNumber,rdf:value,Input OCLC number,false,true,literal,,,,,,,,,
lc:RT:bf2:RelWorkInputTitle,Input title,bf:Title,bflc:nonSortNum,Non-sort character count,false,true,literal,,,,,,,,,
,,,bf:mainTitle,Input title,false,true,literal,,,,,,,,,
lc:RT:bf2:RelWorkLookup,Search related work/series,bf:Relation,bf:associatedResource,Search related works/series,false,true,,,,https://preprod-8088.id.loc.gov/resources/works/ | https://preprod-8088.id.loc.gov/resources/hubs/,IRIstem,,,,,
,,,bf:seriesEnumeration,Series enumeration (if applicable),false,true,literal,,,,,,,,,
,,,bf:relationship,Relationship designator,false,true,,,,http://id.loc.gov/vocabulary/relationship,IRIstem,,,,bf:Relationship,
lc:RT:bf2:Resolution,Resolution,bf:Resolution,rdfs:label,Resolution,false,true,literal,,,,,,,,,http://original.rdatoolkit.org/3.19.5.html
lc:RT:bf2:Serial:EnumerationAndChronology,Enumeration and chronology,bf:EnumerationAndChronology,bf:firstIssue,Alphanumeric designation of First issue or Part of sequence,false,true,literal,,,,,,,,,http://access.rdatoolkit.org/rdachp2_rda2-5592.html
,,,bf:firstIssue,Chronological designation of First issue or Part of sequence,false,true,literal,,,,,,,,,http://access.rdatoolkit.org/rdachp2_rda2-5667.html
,,,bf:lastIssue,Alphanumeric designation of Last issue or Part of sequence,false,true,literal,,,,,,,,,http://access.rdatoolkit.org/rdachp2_rda2-5759.html
,,,bf:lastIssue,Chronological designation of Last issue or Part of sequence,false,true,literal,,,,,,,,,http://access.rdatoolkit.org/rdachp2_rda2-5813.html
lc:RT:bf2:Serial:Frequency,Frequency,bf:Frequency,owl:sameAs,Lookup frequency,false,false,,,,http://id.loc.gov/vocabulary/frequencies,IRIstem,,,,,http://access.rdatoolkit.org/2.14.html
,,,bf:date,Dates associated with frequency,false,true,literal,,,,,,,,,
,,,bf:status,Current or ceased?,false,true,,,,http://id.loc.gov/vocabulary/mstatus,IRIstem,,,,bf:Status,
,,,bf:note,Note,false,true,bnode,,lc:RT:bf2:NoteSimple,,,,,,,
lc:RT:bf2:Serial:Instance,BIBFRAME Instance,bf:Instance,bf:instanceOf,Instance of,false,false,bnode,,lc:RT:bf2:Serial:Work,,,,,,,
,,,bf:title,Title information,true,true,bnode,,lc:RT:bf2:InstanceTitle | lc:RT:bf2:Title:VarTitle | lc:RT:bf2:Title:AbbrTitle | lc:RT:bf2:ParallelTitle,,,,,,,https://original.rdatoolkit.org/rdachp2_rda2-3376.html
,,,bf:responsibilityStatement,Statement of responsibility,false,true,literal,,,,,,,,,http://original.rdatoolkit.org/2.4.2.html
,,,bf:editionStatement,Edition statement,false,true,literal,,,,,,,,,http://original.rdatoolkit.org/2.5.html
,,,bf:provisionActivity,Provision activity,false,true,bnode,,lc:RT:bf2:Serial:PubInfo | lc:RT:bf2:DistInfoNew | lc:RT:bf2:ManuInfoNew | lc:RT:bf2:ProdInfoNew,,,,,,,https://staff.loc.gov/wikis/display/BP2/Marva+cataloging+updates#Marvacatalogingupdates-ProvisionActivity(264)
,,,bf:copyrightDate,Copyright date,false,true,literal,,,,,,,,,http://original.rdatoolkit.org/2.11.html
,,,bf:issuance,Mode of issuance,false,true,,,,http://id.loc.gov/vocabulary/issuance,IRIstem,,serial,http://id.loc.gov/vocabulary/issuance/serl,bf:Issuance,http://original.rdatoolkit.org/2.13.html
,,,bf:pubFrequency,Publication frequency (new),false,true,bnode,,lc:RT:bf2:Serial:PubFreq,,,,,,,
,,,bf:frequency,Frequency,false,true,bnode,,lc:RT:bf2:Serial:Frequency,,,,,,,
,,,bf:firstIssue,First issue date or designation,false,true,literal,,,,,,,,,http://original.rdatoolkit.org/2.6.2.html
,,,bf:lastIssue,Last issue date or designation,false,true,literal,,,,,,,,,http://original.rdatoolkit.org/2.6.4.html
,,,bf:identifiedBy,Identifiers,false,true,bnode,,lc:RT:bf2:Identifiers:LCCN | lc:RT:bf2:Identifiers:Other | lc:RT:bf2:Identifiers:Local | lc:RT:bf2:Identifiers:Oclc | lc:RT:bf2:Identifiers:Nbn,,,,,,,
,,,bf:media,Media type,false,true,,,,http://id.loc.gov/vocabulary/mediaTypes,IRIstem,,unmediated,http://id.loc.gov/vocabulary/mediaTypes/n,bf:Media,http://original.rdatoolkit.org/3.2.html
,,,bf:carrier,Carrier type,false,true,,,,http://id.loc.gov/vocabulary/carriers,IRIstem,,volume,http://id.loc.gov/vocabulary/carriers/nc,bf:Carrier,http://original.rdatoolkit.org/3.3.html
,,,bf:extent,Physical description,false,true,bnode,,lc:RT:bf2:Extent,,,,,,,https://original.rdatoolkit.org/3.4.html
,,,bf:dimensions,Dimensions,false,true,literal,,,,,,,,,http://original.rdatoolkit.org/3.5.html
,,,bf:note,Notes about the Instance,false,true,bnode,,lc:RT:bf2:Note,,,,,,,http://original.rdatoolkit.org/2.17.html
,,,bf:supplementaryContent,Supplementary content URL,false,true,bnode,,lc:RT:bf2:SupplContentNote,,,,,,,
,,,bf:acquisitionSource,"Acquisitions source (Note, Stock number)",false,true,bnode,,lc:RT:bf2:AcqSource,,,,,,,
,,,bflc:projectedProvisionDate,Projected publication date (YYMM),false,false,literal,,,,,,,,,http://id.loc.gov/ontologies/bflc.html#p_projectedProvisionDate
,,,bf:electronicLocator,URL of Instance,false,true,bnode,,lc:RT:bf2:URL,,,,,,,http://original.rdatoolkit.org/4.6.html
,,,bf:hasItem,Has Item,false,true,bnode,,lc:RT:bf2:Serial:Item,,,,,,,Item which is an example of the described Instance.
lc:RT:bf2:Serial:Item,BIBFRAME Item,bf:Item,bf:electronicLocator,URL of Item,false,true,bnode,,lc:RT:bf2:URL,,,,,,,
,,,bf:contribution,Collection/contribution,false,true,bnode,,lc:RT:bf2:Agents:bfContribution,,,,,,bf:Contribution,
,,,bf:note,Notes about the Item,false,true,bnode,,lc:RT:bf2:NoteLc,,,,,,,
,,,bf:enumerationAndChronology,Enumeration and chronology,false,true,bnode,,lc:RT:bf2:Item:Enumeration | lc:RT:bf2:Item:Chronology,,,,,,,
,,,bf:acquisitionSource,Contact information,false,true,literal,,,,,,,,,http://original.rdatoolkit.org/rdachp4_rda4-93.html
,,,bf:usageAndAccessPolicy,"Lending, reproduction, and retention policies",false,true,bnode,,lc:RT:bf2:Item:Access | lc:RT:bf2:Item:Use | lc:RT:bf2:Item:Retention,,,,,,,
lc:RT:bf2:Serial:PubFreq,Publication Frequency (new),bf:PubFrequency,bf:frequency,Search frequency,false,true,,,,http://id.loc.gov/vocabulary/frequencies,IRIstem,,,,bf:Frequency,
,,,bf:firstIssue,First issue,false,true,literal,,,,,,,,,
,,,bf:lastIssue,Last issue,false,true,literal,,,,,,,,,
,,,bf:date,Dates associated with frequency,false,true,literal,,,,,,,,,
,,,bf:status,Frequency status,false,true,,,,http://id.loc.gov/vocabulary/mstatus,IRIstem,,,,bf:Status,
lc:RT:bf2:Serial:PubInfo,Publication,bf:Publication,bf:date,EDTF date (to/from 008),false,true,literal,,,,,,,,,
,,,bf:place,Search place of publication (to/from 008),false,true,,,,http://id.loc.gov/vocabulary/countries,IRIstem,,,,bf:Place,
,,,bflc:simplePlace,Place (to/from 26X $a),false,true,literal,,,,,,,,,
,,,bflc:simpleAgent,Name (to/from 26X $b),false,true,literal,,,,,,,,,
,,,bflc:simpleDate,Date (to/from 26X $c),false,true,literal,,,,,,,,,
,,,bflc:appliesTo,Applies to (from 26X $3),false,true,bnode,,lc:RT:bf2:AppliesTo,,,,,,,
,,,bf:status,Status,false,true,,,,https://id.loc.gov/vocabulary/mstatus,IRIstem,,,,bf:Status,
lc:RT:bf2:Serial:Title,Title,bf:Title,bf:mainTitle,Title Proper,false,true,literal,,,,,,,,,http://access.rdatoolkit.org/2.3.2.html
,,,bf:partNumber,"Designation of Part, Section or Supplement",false,true,literal,,,,,,,,,http://access.rdatoolkit.org/2.3.1.7.html
,,,bf:partName,"Title of Part, Section or Supplement",false,true,literal,,,,,,,,,http://access.rdatoolkit.org/2.3.1.7.html
lc:RT:bf2:Serial:Work,BIBFRAME Work,bf:Work,bf:contribution,Creator of Work,false,true,bnode,,lc:RT:bflc:Agents:PrimaryContribution,,,,,,bf:PrimaryContribution,
,,,bf:title,Title information,true,true,bnode,,lc:RT:bf2:WorkTitle | lc:RT:bf2:Title:VarTitle | lc:RT:bf2:Title:KeyTitle | lc:RT:bf2:Title:AbbrTitle | lc:RT:bf2:ParallelTitle,,,,,,,https://staff.loc.gov/wikis/display/BP2/Marva+cataloging+updates#Marvacatalogingupdates-Work/ExpressionTitles
,,,bf:genreForm,Genre/Form,false,true,bnode,,lc:RT:bf2:Form,,,,,,bf:GenreForm,
,,,bflc:serialPubType,Type of continuing resource,false,true,,,,https://id.loc.gov/vocabulary/mserialpubtype,IRIstem,,,,bflc:SerialPubType,
,,,bflc:governmentPubType,Government publication,false,true,,,,http://id.loc.gov/vocabulary/mgovtpubtype,IRIstem,,,,bflc:GovernmentPubType,
,,,bf:originDate,Date of Work,false,true,literal,,,,,,,,,http://original.rdatoolkit.org/6.4.html
,,,bf:originPlace,Place of origin of the Work,false,true,,,,http://id.loc.gov/vocabulary/countries,IRIstem,,,,bf:Place,http://original.rdatoolkit.org/6.5.html
,,,bf:temporalCoverage,(Time) coverage of the content,false,true,literal,,,,,,,,,http://original.rdatoolkit.org/7.3.html
,,,bf:identifiedBy,Identifiers,false,true,bnode,,lc:RT:bf2:Identifiers:ISSN | lc:RT:bf2:Identifiers:ISSNL,,,,,,,
,,,bf:intendedAudience,Intended audience,false,true,bnode,,lc:RT:bf2:Audience,,,,,,,http://original.rdatoolkit.org/7.7.html
,,,bf:contribution,Contribution,false,true,bnode,,lc:RT:bf2:Agents:Contribution,,,,,,bf:Contribution,http://original.rdatoolkit.org/19.3.html
,,,bf:geographicCoverage,Geographic coverage,false,true,bnode,,lc:RT:bf2:Form:Geog,,,,,,,
,,,bf:subject,Subjects,false,true,bnode,,lc:RT:bf2:Components | lc:RT:bf2:Topic:Place:Components | lc:RT:bf2:Topic:SubjectWork,,,,,,,http://original.rdatoolkit.org/rdachp23_rda23-12.html
,,,bf:classification,Classification numbers,false,true,bnode,,lc:RT:bf2:LCC | lc:RT:bf2:DDC | lc:RT:bf2:NLM | lc:RT:bf2:OtherClass,,,,,,,
,,,bf:note,Notes about the Work,false,true,bnode,,lc:RT:bf2:Note,,,,,,,
,,,bf:tableOfContents,Contents,false,true,bnode,,lc:RT:bf2:Contents,,,,,,,
,,,bf:summary,Summary,false,true,bnode,,lc:RT:bf2:Summary,,,,,,,https://original.rdatoolkit.org/7.10.html
,,,bf:content,Content type,false,true,,,,http://id.loc.gov/vocabulary/contentTypes,IRIstem,,text,http://id.loc.gov/vocabulary/contentTypes/txt,bf:Content,http://original.rdatoolkit.org/6.9.html
,,,bf:language,"Language (008 [1st], 041 $a [others])",false,true,,,,http://id.loc.gov/vocabulary/languages,IRIstem,,,,bf:Language,https://staff.loc.gov/wikis/display/BP2/Marva+cataloging+updates#Marvacatalogingupdates-Languages(041)
,,,bf:accompaniedBy,Language resource (041 $bdefgt),false,true,bnode,,lc:RT:bf2:LangResource,,,,,,,https://staff.loc.gov/wikis/display/BP2/Marva+cataloging+updates#Marvacatalogingupdates-Languages(041)
,,,bf:note,Language note (041 $hijkmnpqr),false,true,bnode,,lc:RT:bf2:LangNote,,,,,,,https://staff.loc.gov/wikis/display/BP2/Marva+cataloging+updates#Marvacatalogingupdates-Languages(041)
,,,bf:notation,Script,false,true,,,,http://id.loc.gov/vocabulary/mscript,IRIstem,,,,bf:Script,http://original.rdatoolkit.org/7.13.2.html
,,,bf:illustrativeContent,Illustrative content,false,true,,,,http://id.loc.gov/vocabulary/millus,IRIstem,,,,bf:Illustration,http://original.rdatoolkit.org/7.15.html
,,,bf:colorContent,Color content,false,true,,,,http://id.loc.gov/vocabulary/mcolor,IRIstem,,,,bf:ColorContent,http://original.rdatoolkit.org/7.17.html
,,,bf:supplementaryContent,Supplementary content,false,true,,,,http://id.loc.gov/vocabulary/msupplcont,IRIstem,,,,bf:SupplementaryContent,https://original.rdatoolkit.org/7.16.html
,,,bf:place,Hierarchical place,false,true,bnode,,lc:RT:bf2:PlaceHierarchy,,,,,,bf:Place,
,,,bf:electronicLocator,URL of Work,false,true,bnode,,lc:RT:bf2:URL,,,,,,,
,,,bf:relation,Search related work/series,false,true,bnode,,lc:RT:bf2:RelWorkLookup,,,,,,,"https://staff.loc.gov/wikis/display/BP2/Marva+cataloging+updates#Marvacatalogingupdates-Hubs(240;X00,X10,X11with$t;X30)"
,,,bf:relation,Related work not in LC catalog,false,true,bnode,,lc:RT:bf2:RelWorkInput,,,,,,,"https://staff.loc.gov/wikis/display/BP2/Marva+cataloging+updates#Marvacatalogingupdates-Hubs(240;X00,X10,X11with$t;X30)"
,,,bf:relation,Input transcribed series,false,true,bnode,,lc:RT:bf2:SeriesHub,,,,,,bf:Relation,"https://staff.loc.gov/wikis/display/BP2/Marva+cataloging+updates#Marvacatalogingupdates-Series(490,8XX)"
,,,bf:hasInstance,Add BIBFRAME Instance,false,true,bnode,,lc:RT:bf2:Serial:Instance,,,,,,,
lc:RT:bf2:SeriesHub,Input transcribed series,bf:Relation,bf:associatedResource,Series Hub,false,true,bnode,,lc:RT:bf2:SeriesHubInput,,,,transcribed,http://id.loc.gov/vocabulary/mstatus/t,bf:Series,
,,,bflc:appliesTo,Applies to,false,true,bnode,,lc:RT:bf2:AppliesTo,,,,,,,
,,,bf:seriesEnumeration,Series enumeration,false,true,literal,,,,,,,,,
,,,bf:relationship,Relationship,false,true,,,,http://id.loc.gov/vocabulary/relationship,IRIstem,,Series,http://id.loc.gov/vocabulary/relationship/series,bf:Relationship,
lc:RT:bf2:SeriesHubInput,Series (input),bf:Series,bf:title,Title,false,true,bnode,,lc:RT:bf2:SeriesHubTitle,,,,,,,
,,,bf:status,Status,false,true,,,,http://id.loc.gov/vocabulary/mstatus,IRIstem,,,,bf:Status,
,,,bf:identifiedBy,ISSN,false,true,bnode,,lc:RT:bf2:SeriesHubIssn,,,,,,,
lc:RT:bf2:SeriesHubIssn,Series Hub ISSN,bf:Issn,rdf:value,ISSN,false,true,literal,,,,,,,,,
lc:RT:bf2:SeriesHubIssnCancelled,"Issn, Cancelled",bf:Issn,rdf:value,Cancelled ISSN,false,true,literal,,,,,,,,,
,,,bf:status,ISSN Status,true,true,,,,,,,Cancelled,http://id.loc.gov/vocabulary/mstatus/cancinv,,
lc:RT:bf2:SeriesHubLookup,Search series Hub,bf:Relation,bf:associatedResource,Search series Hub,false,true,,,,https://preprod-8080.id.loc.gov/resources/hubs,IRIstem,,,,bf:Hub,
,,,bf:seriesEnumeration,Series enumeration,false,true,literal,,,,,,,,,
,,,bf:relationship,Relationship,false,true,,,,http://id.loc.gov/vocabulary/relationship,IRIstem,,Series,http://id.loc.gov/vocabulary/relationship/series,bf:Relationship,
lc:RT:bf2:SeriesHubTitle,Series Hub title,bf:Title,bflc:nonSortNum,Non-sort character count,false,true,literal,,,,,,,,,
,,,bf:mainTitle,Title,false,true,literal,,,,,,,,,
lc:RT:bf2:SimpleAuthority:Authority,Authority,mads:Authority,mads:authoritativeLabel,Authoritative Label,true,false,literal,,,,,,,,,
,,,mads:hasVariant,Variant,false,true,bnode,,lc:RT:bf2:SimpleAuthority:Variant,,,,,,,
,,,rdf:type,Type,false,true,,,,http://id.loc.gov/vocabulary/madsrdfTypes,IRIstem,,,,,
,,,mads:useInstead,Use Instead,false,false,,,,http://id.loc.gov/entities/providers,IRIstem,,,,,
lc:RT:bf2:SimpleAuthority:Variant,Variant,mads:Variant,mads:variantLabel,Variant Label,true,false,literal,,,,,,,,,
,,,mads:hasSource,Source,false,true,bnode,,lc:RT:bf2:SimpleAuthority:Variant:Source,,,,,,,
lc:RT:bf2:SimpleAuthority:Variant:Source,Source,mads:Source,mads:citation-source,Citation Source,false,true,literal,,,,,,,,,
,,,mads:citation-status,Citation Status,false,false,literal,,,,,,,,,
,,,mads:citationNote,Citation Note,false,true,literal,,,,,,,,,
lc:RT:bf2:SoundCD:Instance,BIBFRAME Instance,bf:Instance,bf:instanceOf,Instance of,false,false,bnode,,lc:RT:bf2:SoundCD:Work,,,,,,bf:Work,
,,,bf:title,Title information,true,true,bnode,,lc:RT:bf2:InstanceTitle | lc:RT:bf2:Title:VarTitle | lc:RT:bf2:ParallelTitle,,,,,,,https://original.rdatoolkit.org/rdachp2_rda2-3376.html
,,,bf:responsibilityStatement,Statement of responsibility,false,true,literal,,,,,,,,,http://original.rdatoolkit.org/2.4.2.html
,,,bf:editionStatement,Edition statement,false,true,literal,,,,,,,,,http://original.rdatoolkit.org/2.5.html
,,,bf:provisionActivity,Provision activity,false,true,bnode,,lc:RT:bf2:PubInfoNew | lc:RT:bf2:ManuInfoNew | lc:RT:bf2:DistInfoNew | lc:RT:bf2:ProdInfoNew,,,,,,,https://staff.loc.gov/wikis/display/BP2/Marva+cataloging+updates#Marvacatalogingupdates-ProvisionActivity(264)
,,,bf:copyrightDate,Copyright date,false,true,literal,,,,,,,,,http://original.rdatoolkit.org/2.11.html
,,,bf:issuance,Mode of issuance,false,true,,,,http://id.loc.gov/vocabulary/issuance,IRIstem,,single unit,http://id.loc.gov/vocabulary/issuance/mono,bf:Issuance,http://original.rdatoolkit.org/2.13.html
,,,bf:identifiedBy,Identifiers,false,true,bnode,,lc:RT:bf2:Identifiers:LCCN | lc:RT:bf2:Identifiers:AudioIssue | lc:RT:bf2:Identifiers:UPC | lc:RT:bf2:Identifiers:EAN | lc:RT:bf2:Identifiers:ISBN | lc:RT:bf2:Identifiers:Copyright | lc:RT:bf2:Identifiers:Other | lc:RT:bf2:Identifiers:Local | lc:RT:bf2:Identifiers:Distributor | lc:RT:bf2:Identifiers:ISRC | lc:RT:bf2:Identifiers:ISMN | lc:RT:bf2:Identifiers:Gtin14 | lc:RT:bf2:Identifiers:Oclc,,,,,,,
,,,bf:note,Notes about the Instance,false,true,bnode,,lc:RT:bf2:Note,,,,,,,http://original.rdatoolkit.org/2.17.html
,,,bf:supplementaryContent,Supplementary content URL,false,true,bnode,,lc:RT:bf2:SupplContentNote,,,,,,,
,,,bf:media,Media type,false,true,,,,http://id.loc.gov/vocabulary/mediaTypes,IRIstem,,audio,http://id.loc.gov/vocabulary/mediaTypes/s,bf:Media,http://original.rdatoolkit.org/3.2.html
,,,bf:carrier,Carrier type,false,true,,,,http://id.loc.gov/vocabulary/carriers,IRIstem,,audio disc,http://id.loc.gov/vocabulary/carriers/sd,bf:Carrier,http://original.rdatoolkit.org/3.3.html
,,,bf:extent,Physical description,false,true,bnode,,lc:RT:bf2:Extent,,,,,,,https://original.rdatoolkit.org/3.4.html
,,,bf:dimensions,Dimensions,false,false,literal,,,,,,,,,http://original.rdatoolkit.org/3.5.html
,,,bf:duration,Duration,false,true,literal,,,,,,,,,http://original.rdatoolkit.org/rdachp7_rda7-1572.html
,,,bf:baseMaterial,Base material,false,true,,,,http://id.loc.gov/vocabulary/mmaterial,IRIstem,,plastic,http://id.loc.gov/vocabulary/mmaterial/pla,bf:BaseMaterial,http://original.rdatoolkit.org/3.6.html
,,,bf:soundCharacteristic,Sound characteristics,false,true,bnode,,lc:RT:bf2:TypeRec | lc:RT:bf2:RecMedium | lc:RT:bf2:PlayingSpeed | lc:RT:bf2:Playback | lc:RT:bf2:SpecPlayback | lc:RT:bf2:CaptureStorage,,,,,,,
,,,bf:digitalCharacteristic,Digital characteristics,false,true,bnode,,lc:RT:bf2:FileType | lc:RT:bf2:EncFmt,,,,,,,
,,,bf:systemRequirement,System requirement,false,true,bnode,,lc:RT:bf2:SysReq,,,,,,,http://original.rdatoolkit.org/rdachp3_rda3-5469.html
,,,bf:electronicLocator,URL of Instance,false,true,bnode,,lc:RT:bf2:URL,,,,,,,http://access.rdatoolkit.org/4.6.html
,,,bf:hasItem,Has Item,false,true,bnode,,lc:RT:bf2:SoundCD:Item,,,,,,,
lc:RT:bf2:SoundCD:Item,BIBFRAME Item,bf:Item,bf:electronicLocator,URL of Item,false,true,bnode,,lc:RT:bf2:URL,,,,,,,
,,,bf:contribution,Collection/contribution,false,true,bnode,,lc:RT:bf2:Agents:bfContribution,,,,,,bf:Contribution,
,,,bf:note,Notes about the Item,false,true,bnode,,lc:RT:bf2:NoteLc,,,,,,,
lc:RT:bf2:SoundCD:Work,BIBFRAME Work,bf:Work,bf:contribution,Creator of Work,false,true,bnode,,lc:RT:bflc:Agents:PrimaryContribution,,,,,,bf:PrimaryContribution,
,,,bf:title,Title information,true,true,bnode,,lc:RT:bf2:WorkTitle | lc:RT:bf2:Title:VarTitle | lc:RT:bf2:ParallelTitle,,,,,,,https://staff.loc.gov/wikis/display/BP2/Marva+cataloging+updates#Marvacatalogingupdates-Work/ExpressionTitles
,,,bf:genreForm,Genre/Form,false,true,bnode,,lc:RT:bf2:Form,,,,,,bf:GenreForm,
,,,bf:originDate,Date of Work,false,true,literal,,,,,,,,http://www.loc.gov/standards/datetime/pre-submission.html,http://original.rdatoolkit.org/6.4.html
,,,bf:originPlace,Place of origin of the Work,false,true,,,,http://id.loc.gov/vocabulary/countries,IRIstem,,,,bf:Place,http://original.rdatoolkit.org/6.5.html
,,,bf:musicMedium,Medium of performance statement,false,true,bnode,,lc:RT:bf2:MOPStatement,,,,,,,
,,,pom:hasMediumType,has Medium Type (new),false,true,bnode,,lc:RT:bf2:PMOMedPerf:EnsembleSize,,,,,,,
,,,pom:hasMediumComponent,has Medium Component (new),false,true,bnode,,lc:RT:bf2:PMOMedPerf:MediumComp,,,,,,,
,,,bf:musicSerialNumber,Music serial number,false,true,literal,,,,,,,,,http://original.rdatoolkit.org/6.16.html
,,,bf:musicOpusNumber,Music opus number,false,true,literal,,,,,,,,,http://original.rdatoolkit.org/6.16.1.3.2.html
,,,bf:musicThematicNumber,Thematic index number,false,true,literal,,,,,,,,,http://original.rdatoolkit.org/rdachp6_rda6-4781.html
,,,bf:musicKey,Key,false,true,literal,,,,,,,,,http://original.rdatoolkit.org/6.17.html
,,,bf:temporalCoverage,(Time) coverage of the content,false,true,literal,,,,,,,,,http://original.rdatoolkit.org/7.3.html
,,,bf:intendedAudience,Intended audience,false,true,bnode,,lc:RT:bf2:Audience,,,,,,,http://original.rdatoolkit.org/7.7.html
,,,bf:contribution,Contribution,false,true,bnode,,lc:RT:bf2:Agents:Contribution,,,,,,bf:Contribution,
,,,bf:geographicCoverage,Geographic coverage,false,true,bnode,,lc:RT:bf2:Form:Geog,,,,,,,
,,,bf:subject,Subjects,false,true,bnode,,lc:RT:bf2:Components | lc:RT:bf2:Topic:Place:Components | lc:RT:bf2:Topic:SubjectWork,,,,,,,http://original.rdatoolkit.org/rdachp23_rda23-12.html
,,,bf:note,Notes about the Work,false,true,bnode,,lc:RT:bf2:Note,,,,,,,
,,,bf:tableOfContents,Contents,false,true,bnode,,lc:RT:bf2:Contents,,,,,,,
,,,bf:summary,Summary,false,true,bnode,,lc:RT:bf2:Summary,,,,,,,https://original.rdatoolkit.org/7.10.html
,,,bf:content,Content type,false,true,,,,http://id.loc.gov/vocabulary/contentTypes,IRIstem,,performed music,http://id.loc.gov/vocabulary/contentTypes/prm,bf:Content,http://original.rdatoolkit.org/6.9.html
,,,bf:language,"Language (008 [1st], 041 $a [others])",false,true,,,,http://id.loc.gov/vocabulary/languages,IRIstem,,,,bf:Language,https://staff.loc.gov/wikis/display/BP2/Marva+cataloging+updates#Marvacatalogingupdates-Languages(041)
,,,bf:language,ISO 639-3 language (041 $a),false,true,,,,http://id.loc.gov/vocabulary/iso639-3,IRIstem,,,,bf:Language,
,,,bf:accompaniedBy,Language resource (041 $bdefgt),false,true,bnode,,lc:RT:bf2:LangResource,,,,,,,https://staff.loc.gov/wikis/display/BP2/Marva+cataloging+updates#Marvacatalogingupdates-Languages(041)
,,,bf:note,Language note (041 $hijkmnpqr),false,true,bnode,,lc:RT:bf2:LangNote,,,,,,,https://staff.loc.gov/wikis/display/BP2/Marva+cataloging+updates#Marvacatalogingupdates-Languages(041)
,,,bf:capture,Capture information,false,true,bnode,,lc:RT:bf2:Capture,,,,,,,
,,,bf:supplementaryContent,Supplementary content,false,true,,,,http://id.loc.gov/vocabulary/msupplcont,IRIstem,,,,bf:SupplementaryContent,https://original.rdatoolkit.org/7.16.html
,,,bf:relation,Search related work/series,false,true,bnode,,lc:RT:bf2:RelWorkLookup,,,,,,,"https://staff.loc.gov/wikis/display/BP2/Marva+cataloging+updates#Marvacatalogingupdates-Hubs(240;X00,X10,X11with$t;X30)"
,,,bf:relation,Input transcribed series,false,true,bnode,,lc:RT:bf2:SeriesHub,,,,,,bf:Relation,"https://staff.loc.gov/wikis/display/BP2/Marva+cataloging+updates#Marvacatalogingupdates-Series(490,8XX)"
,,,bf:hasInstance,Add BIBFRAME Instance,false,true,bnode,,lc:RT:bf2:SoundCD:Instance,,,,,,,
lc:RT:bf2:SoundCDR:Instance,BIBFRAME Instance,bf:Instance,bf:instanceOf,Instance of,false,false,bnode,,lc:RT:bf2:SoundCDR:Work,,,,,,,
,,,bf:title,Title information,true,true,bnode,,lc:RT:bf2:InstanceTitle | lc:RT:bf2:Title:VarTitle | lc:RT:bf2:ParallelTitle,,,,,,,https://original.rdatoolkit.org/rdachp2_rda2-3376.html
,,,bf:responsibilityStatement,Statement of responsibility,false,true,literal,,,,,,,,,http://original.rdatoolkit.org/2.4.2.html
,,,bf:editionStatement,Edition statement,false,true,literal,,,,,,,,,http://original.rdatoolkit.org/2.5.html
,,,bf:provisionActivity,Provision activity,false,true,bnode,,lc:RT:bf2:PubInfoNew | lc:RT:bf2:ManuInfoNew | lc:RT:bf2:DistInfoNew | lc:RT:bf2:ProdInfoNew,,,,,,,https://staff.loc.gov/wikis/display/BP2/Marva+cataloging+updates#Marvacatalogingupdates-ProvisionActivity(264)
,,,bf:copyrightDate,Copyright date,false,true,literal,,,,,,,,,http://original.rdatoolkit.org/2.11.html
,,,bf:identifiedBy,Identifiers,false,true,bnode,,lc:RT:bf2:Identifiers:LCCN | lc:RT:bf2:Identifiers:AudioIssue | lc:RT:bf2:Identifiers:UPC | lc:RT:bf2:Identifiers:EAN | lc:RT:bf2:Identifiers:ISBN | lc:RT:bf2:Identifiers:Copyright | lc:RT:bf2:Identifiers:Other | lc:RT:bf2:Identifiers:Local | lc:RT:bf2:Identifiers:Distributor | lc:RT:bf2:Identifiers:ISRC | lc:RT:bf2:Identifiers:ISMN | lc:RT:bf2:Identifiers:Gtin14 | lc:RT:bf2:Identifiers:Oclc,,,,,,,
,,,bf:issuance,Mode of issuance,false,true,,,,http://id.loc.gov/vocabulary/issuance,IRIstem,,single unit,http://id.loc.gov/vocabulary/issuance/mono,bf:Issuance,http://original.rdatoolkit.org/2.13.html
,,,bf:media,Media type,false,true,,,,http://id.loc.gov/vocabulary/mediaTypes,IRIstem,,audio,http://id.loc.gov/vocabulary/mediaTypes/s,bf:Media,http://original.rdatoolkit.org/3.2.html
,,,bf:carrier,Carrier type,false,true,,,,http://id.loc.gov/vocabulary/carriers,IRIstem,,audio disc,http://id.loc.gov/vocabulary/carriers/sd,bf:Carrier,http://original.rdatoolkit.org/3.3.html
,,,bf:extent,Physical description,false,true,bnode,,lc:RT:bf2:Extent,,,,,,,https://original.rdatoolkit.org/3.4.html
,,,bf:dimensions,Dimensions,false,false,literal,,,,,,,,,http://original.rdatoolkit.org/3.5.html
,,,bf:duration,Duration,false,true,literal,,,,,,,,,http://original.rdatoolkit.org/rdachp7_rda7-1572.html
,,,bf:note,Notes about the Instance,false,true,bnode,,lc:RT:bf2:Note,,,,,,,http://access.rdatoolkit.org/2.17.html
,,,bf:supplementaryContent,Supplementary content URL,false,true,bnode,,lc:RT:bf2:SupplContentNote,,,,,,,
,,,bf:soundCharacteristic,Sound characteristics,false,true,bnode,,lc:RT:bf2:TypeRec | lc:RT:bf2:RecMedium | lc:RT:bf2:PlayingSpeed | lc:RT:bf2:Playback | lc:RT:bf2:SpecPlayback | lc:RT:bf2:CaptureStorage,,,,,,,
,,,bf:baseMaterial,Base material,false,true,,,,http://id.loc.gov/vocabulary/mmaterial,IRIstem,,plastic,http://id.loc.gov/vocabulary/mmaterial/pla,bf:BaseMaterial,http://original.rdatoolkit.org/3.6.html
,,,bf:productionMethod,Production method,false,true,,,,http://id.loc.gov/vocabulary/mproduction,IRIstem,,burning,http://id.loc.gov/vocabulary/mproduction/burn,bf:ProductionMethod,
,,,bf:digitalCharacteristic,Digital characteristics,false,true,bnode,,lc:RT:bf2:FileType | lc:RT:bf2:EncFmt,,,,,,,
,,,bf:generation,Recording generation,false,true,,,,http://id.loc.gov/vocabulary/mgeneration,IRIstem,,,,bf:Generation,http://original.rdatoolkit.org/3.10.html
,,,bf:systemRequirement,System requirement,false,true,bnode,,lc:RT:bf2:SysReq,,,,,,,http://original.rdatoolkit.org/rdachp3_rda3-5469.html
,,,bf:electronicLocator,URL of Instance,false,true,bnode,,lc:RT:bf2:URL,,,,,,,http://original.rdatoolkit.org/4.6.html
,,,bf:hasItem,Has Item,false,true,bnode,,lc:RT:bf2:SoundCDR:Item,,,,,,,
lc:RT:bf2:SoundCDR:Item,BIBFRAME Item,bf:Item,bf:electronicLocator,URL of Item,false,true,bnode,,lc:RT:bf2:URL,,,,,,,
,,,bf:contribution,Collection/contribution,false,true,bnode,,lc:RT:bf2:Agents:bfContribution,,,,,,bf:Contribution,
,,,bf:note,Notes about the Item,false,true,bnode,,lc:RT:bf2:NoteLc,,,,,,,
lc:RT:bf2:SoundCDR:Work,BIBFRAME Work,bf:Work,bf:contribution,Creator of Work,false,true,bnode,,lc:RT:bflc:Agents:PrimaryContribution,,,,,,bf:PrimaryContribution,
,,,bf:title,Title information,true,true,bnode,,lc:RT:bf2:WorkTitle | lc:RT:bf2:Title:VarTitle | lc:RT:bf2:ParallelTitle,,,,,,,https://staff.loc.gov/wikis/display/BP2/Marva+cataloging+updates#Marvacatalogingupdates-Work/ExpressionTitles
,,,bf:genreForm,Genre/Form,false,true,bnode,,lc:RT:bf2:Form,,,,,,bf:GenreForm,
,,,bf:originDate,Date of Work,false,true,literal,,,,,,,,http://www.loc.gov/standards/datetime/pre-submission.html,http://original.rdatoolkit.org/6.4.html
,,,bf:originPlace,Place of origin of the Work,false,true,,,,http://id.loc.gov/vocabulary/countries,IRIstem,,,,bf:Place,http://original.rdatoolkit.org/6.5.html
,,,bf:musicMedium,Medium of performance statement,false,true,bnode,,lc:RT:bf2:MOPStatement,,,,,,,
,,,pom:hasMediumType,has Medium Type (new),false,true,bnode,,lc:RT:bf2:PMOMedPerf:EnsembleSize,,,,,,,
,,,pom:hasMediumComponent,has Medium Component (new),false,true,bnode,,lc:RT:bf2:PMOMedPerf:MediumComp,,,,,,,
,,,bf:musicSerialNumber,Music serial number,false,true,literal,,,,,,,,,http://original.rdatoolkit.org/6.16.html
,,,bf:musicOpusNumber,Music opus number,false,true,literal,,,,,,,,,http://original.rdatoolkit.org/6.16.1.3.2.html
,,,bf:musicThematicNumber,Thematic index number,false,true,literal,,,,,,,,,http://original.rdatoolkit.org/rdachp6_rda6-4781.html
,,,bf:musicKey,Key,false,true,literal,,,,,,,,,http://original.rdatoolkit.org/6.17.html
,,,bf:temporalCoverage,(Time) coverage of the content,false,true,literal,,,,,,,,,http://original.rdatoolkit.org/7.3.html
,,,bf:intendedAudience,Intended audience,false,true,bnode,,lc:RT:bf2:Audience,,,,,,,http://original.rdatoolkit.org/7.7.html
,,,bf:contribution,Contribution,false,true,bnode,,lc:RT:bf2:Agents:Contribution,,,,,,bf:Contribution,
,,,bf:geographicCoverage,Geographic coverage,false,true,bnode,,lc:RT:bf2:Form:Geog,,,,,,,
,,,bf:subject,Subjects,false,true,bnode,,lc:RT:bf2:Components | lc:RT:bf2:Topic:Place:Components | lc:RT:bf2:Topic:SubjectWork,,,,,,,http://original.rdatoolkit.org/rdachp23_rda23-12.html
,,,bf:note,Notes about the Work,false,true,bnode,,lc:RT:bf2:Note,,,,,,,
,,,bf:tableOfContents,Contents,false,true,bnode,,lc:RT:bf2:Contents,,,,,,,
,,,bf:summary,Summary,false,true,bnode,,lc:RT:bf2:Summary,,,,,,,https://original.rdatoolkit.org/7.10.html
,,,bf:content,Content type,false,true,,,,http://id.loc.gov/vocabulary/contentTypes,IRIstem,,performed music,http://id.loc.gov/vocabulary/contentTypes/prm,bf:Content,http://original.rdatoolkit.org/6.9.html
,,,bf:language,"Language (008 [1st], 041 $a [others])",false,true,,,,http://id.loc.gov/vocabulary/languages,IRIstem,,,,bf:Language,https://staff.loc.gov/wikis/display/BP2/Marva+cataloging+updates#Marvacatalogingupdates-Languages(041)
,,,bf:language,ISO639-3 language (041 $a),false,true,,,,http://id.loc.gov/vocabulary/iso639-3,IRIstem,,,,bf:Language,
,,,bf:language,Language resource (041 $bdefgt),false,true,bnode,,lc:RT:bf2:LangResource,,,,,,,https://staff.loc.gov/wikis/display/BP2/Marva+cataloging+updates#Marvacatalogingupdates-Languages(041)
,,,bf:note,Language note (041 $hijkmnpqr),false,true,bnode,,lc:RT:bf2:LangNote,,,,,,,https://staff.loc.gov/wikis/display/BP2/Marva+cataloging+updates#Marvacatalogingupdates-Languages(041)
,,,bf:capture,Capture information,false,true,bnode,,lc:RT:bf2:Capture,,,,,,,
,,,bf:supplementaryContent,Supplementary content,false,true,,,,http://id.loc.gov/vocabulary/msupplcont,IRIstem,,,,bf:SupplementaryContent,
,,,bf:relation,Search related work/series,false,true,bnode,,lc:RT:bf2:RelWorkLookup,,,,,,,"https://staff.loc.gov/wikis/display/BP2/Marva+cataloging+updates#Marvacatalogingupdates-Hubs(240;X00,X10,X11with$t;X30)"
,,,bf:relation,Input transcribed series,false,true,bnode,,lc:RT:bf2:SeriesHub,,,,,,bf:Relation,"https://staff.loc.gov/wikis/display/BP2/Marva+cataloging+updates#Marvacatalogingupdates-Series(490,8XX)"
,,,bf:hasInstance,Add BIBFRAME Instance,false,true,bnode,,lc:RT:bf2:SoundCDR:Instance,,,,,,,
lc:RT:bf2:SoundCassette:Instance,BIBFRAME Instance,bf:Instance,bf:instanceOf,Instance of,false,false,bnode,,lc:RT:bf2:SoundCassette:Work,,,,,,,
,,,bf:title,Title information,true,true,bnode,,lc:RT:bf2:InstanceTitle | lc:RT:bf2:Title:VarTitle | lc:RT:bf2:ParallelTitle,,,,,,,https://original.rdatoolkit.org/rdachp2_rda2-3376.html
,,,bf:responsibilityStatement,Statement of responsibility,false,true,literal,,,,,,,,,http://original.rdatoolkit.org/2.4.2.html
,,,bf:editionStatement,Edition statement,false,true,literal,,,,,,,,,http://original.rdatoolkit.org/2.5.html
,,,bf:provisionActivity,Provision activity,false,true,bnode,,lc:RT:bf2:PubInfoNew | lc:RT:bf2:ManuInfoNew | lc:RT:bf2:DistInfoNew | lc:RT:bf2:ProdInfoNew,,,,,,,https://staff.loc.gov/wikis/display/BP2/Marva+cataloging+updates#Marvacatalogingupdates-ProvisionActivity(264)
,,,bf:copyrightDate,Copyright date,false,true,literal,,,,,,,,,http://original.rdatoolkit.org/2.11.html
,,,bf:issuance,Mode of issuance,false,true,,,,http://id.loc.gov/vocabulary/issuance,IRIstem,,single unit,http://id.loc.gov/vocabulary/issuance/mono,bf:Issuance,http://original.rdatoolkit.org/2.13.html
,,,bf:identifiedBy,Identifiers,false,true,bnode,,lc:RT:bf2:Identifiers:LCCN | lc:RT:bf2:Identifiers:AudioIssue | lc:RT:bf2:Identifiers:UPC | lc:RT:bf2:Identifiers:EAN | lc:RT:bf2:Identifiers:ISBN | lc:RT:bf2:Identifiers:Copyright | lc:RT:bf2:Identifiers:Other | lc:RT:bf2:Identifiers:Local | lc:RT:bf2:Identifiers:Distributor | lc:RT:bf2:Identifiers:ISRC | lc:RT:bf2:Identifiers:ISMN | lc:RT:bf2:Identifiers:Gtin14 | lc:RT:bf2:Identifiers:Oclc,,,,,,,
,,,bf:note,Notes about the Instance,false,true,bnode,,lc:RT:bf2:Note,,,,,,,http://access.rdatoolkit.org/2.17.html
,,,bf:supplementaryContent,Supplementary content URL,false,true,bnode,,lc:RT:bf2:SupplContentNote,,,,,,,
,,,bf:media,Media type,false,true,,,,http://id.loc.gov/vocabulary/mediaTypes,IRIstem,,audio,http://id.loc.gov/vocabulary/mediaTypes/s,bf:Media,http://original.rdatoolkit.org/3.2.html
,,,bf:carrier,Carrier type,false,true,,,,http://id.loc.gov/vocabulary/carriers,IRIstem,,audiocassette,http://id.loc.gov/vocabulary/carriers/ss,bf:Carrier,http://original.rdatoolkit.org/3.3.html
,,,bf:extent,Physical description,false,true,bnode,,lc:RT:bf2:Extent,,,,,,,https://original.rdatoolkit.org/3.4.html
,,,bf:dimensions,Dimensions,false,true,literal,,,,,,,,,http://original.rdatoolkit.org/3.5.html
,,,bf:duration,Duration,false,true,literal,,,,,,,,,http://original.rdatoolkit.org/rdachp7_rda7-1572.html
,,,bf:baseMaterial,Base material,false,true,,,,http://id.loc.gov/vocabulary/mmaterial,IRIstem,,polyester,http://id.loc.gov/vocabulary/mmaterial/pol,bf:BaseMaterial,http://original.rdatoolkit.org/3.6.html
,,,bf:soundCharacteristic,Sound characteristics,false,true,bnode,,lc:RT:bf2:TypeRec2 | lc:RT:bf2:RecMedium2 | lc:RT:bf2:SoundCassette:PlaySpeed | lc:RT:bf2:Playback | lc:RT:bf2:SpecPlayback | lc:RT:bf2:CaptureStorage,,,,,,,
,,,bf:systemRequirement,System requirement,false,true,bnode,,lc:RT:bf2:SysReq,,,,,,,http://original.rdatoolkit.org/rdachp3_rda3-5469.html
,,,bf:electronicLocator,URL of Instance,false,true,bnode,,lc:RT:bf2:URL,,,,,,,http://original.rdatoolkit.org/4.6.html
,,,bf:hasItem,Has Item,false,true,bnode,,lc:RT:bf2:SoundCassette:Item,,,,,,,
lc:RT:bf2:SoundCassette:Item,BIBFRAME Item,bf:Item,bf:electronicLocator,URL of Item,false,true,bnode,,lc:RT:bf2:URL,,,,,,,
,,,bf:contribution,Collection/contribution,false,true,bnode,,lc:RT:bf2:Agents:bfContribution,,,,,,bf:Contribution,
,,,bf:note,Notes about the Item,false,true,bnode,,lc:RT:bf2:NoteLc,,,,,,,
lc:RT:bf2:SoundCassette:PlaySpeed,Playing speed,bf:PlayingSpeed,bf:PlayingSpeed,Playing Speed,false,true,,,,http://id.loc.gov/vocabulary/mplayspeed,IRIstem,,1 7/8 ips,http://id.loc.gov/vocabulary/mplayspeed/l,,http://original.rdatoolkit.org/3.16.4.html
lc:RT:bf2:SoundCassette:Work,BIBFRAME Work,bf:Work,bf:contribution,Creator of Work,false,true,bnode,,lc:RT:bflc:Agents:PrimaryContribution,,,,,,bf:PrimaryContribution,
,,,bf:title,Title information,true,true,bnode,,lc:RT:bf2:WorkTitle | lc:RT:bf2:Title:VarTitle | lc:RT:bf2:ParallelTitle,,,,,,,https://staff.loc.gov/wikis/display/BP2/Marva+cataloging+updates#Marvacatalogingupdates-Work/ExpressionTitles
,,,bf:genreForm,Genre/Form,false,true,bnode,,lc:RT:bf2:Form,,,,,,bf:GenreForm,
,,,bf:originDate,Date of Work,false,true,literal,,,,,,,,http://www.loc.gov/standards/datetime/pre-submission.html,http://original.rdatoolkit.org/6.4.html
,,,bf:originPlace,Place of origin of the Work,false,true,,,,http://id.loc.gov/vocabulary/countries,IRIstem,,,,bf:Place,http://original.rdatoolkit.org/6.5.html
,,,bf:musicMedium,Medium of performance statement,false,true,bnode,,lc:RT:bf2:MOPStatement,,,,,,,
,,,pom:hasMediumType,has Medium Type (new),false,true,bnode,,lc:RT:bf2:PMOMedPerf:EnsembleSize,,,,,,,
,,,pom:hasMediumComponent,has Medium Component (new),false,true,bnode,,lc:RT:bf2:PMOMedPerf:MediumComp,,,,,,,
,,,bf:musicSerialNumber,Music serial number,false,true,literal,,,,,,,,,http://original.rdatoolkit.org/6.16.html
,,,bf:musicOpusNumber,Music opus number,false,true,literal,,,,,,,,,http://original.rdatoolkit.org/6.16.1.3.2.html
,,,bf:musicThematicNumber,Thematic index number,false,true,literal,,,,,,,,,http://original.rdatoolkit.org/rdachp6_rda6-4781.html
,,,bf:musicKey,Key,false,true,literal,,,,,,,,,http://original.rdatoolkit.org/6.17.html
,,,bf:temporalCoverage,(Time) coverage of the content,false,true,literal,,,,,,,,,http://original.rdatoolkit.org/7.3.html
,,,bf:intendedAudience,Intended audience,false,true,bnode,,lc:RT:bf2:Audience,,,,,,,http://original.rdatoolkit.org/7.7.html
,,,bf:contribution,Contribution,false,true,bnode,,lc:RT:bf2:Agents:Contribution,,,,,,bf:Contribution,
,,,bf:geographicCoverage,Geographic coverage,false,true,bnode,,lc:RT:bf2:Form:Geog,,,,,,,
,,,bf:subject,Subjects,false,true,bnode,,lc:RT:bf2:Components | lc:RT:bf2:Topic:Place:Components | lc:RT:bf2:Topic:SubjectWork,,,,,,,http://original.rdatoolkit.org/rdachp23_rda23-12.html
,,,bf:note,Notes about the Work,false,true,bnode,,lc:RT:bf2:Note,,,,,,,
,,,bf:tableOfContents,Contents,false,true,bnode,,lc:RT:bf2:Contents,,,,,,,
,,,bf:summary,Summary,false,true,bnode,,lc:RT:bf2:Summary,,,,,,,https://original.rdatoolkit.org/7.10.html
,,,bf:content,Content type,false,true,,,,http://id.loc.gov/vocabulary/contentTypes,IRIstem,,performed music,http://id.loc.gov/vocabulary/contentTypes/prm,,http://original.rdatoolkit.org/6.9.html
,,,bf:language,"Language (008 [1st], 041 $a [others])",false,true,,,,http://id.loc.gov/vocabulary/languages,IRIstem,,,,bf:Language,https://staff.loc.gov/wikis/display/BP2/Marva+cataloging+updates#Marvacatalogingupdates-Languages(041)
,,,bf:accompaniedBy,Language resource (041 $bdefgt),false,true,bnode,,lc:RT:bf2:LangResource,,,,,,,https://staff.loc.gov/wikis/display/BP2/Marva+cataloging+updates#Marvacatalogingupdates-Languages(041)
,,,bf:note,Language note (041 $hijkmnpqr),false,true,bnode,,lc:RT:bf2:LangNote,,,,,,,https://staff.loc.gov/wikis/display/BP2/Marva+cataloging+updates#Marvacatalogingupdates-Languages(041)
,,,bf:capture,Capture information,false,true,bnode,,lc:RT:bf2:Capture,,,,,,,
,,,bf:supplementaryContent,Supplementary content,false,true,,,,http://id.loc.gov/vocabulary/msupplcont,IRIstem,,,,bf:SupplementaryContent,https://original.rdatoolkit.org/7.16.html
,,,bf:relation,Search related work/series,false,true,bnode,,lc:RT:bf2:RelWorkLookup,,,,,,,"https://staff.loc.gov/wikis/display/BP2/Marva+cataloging+updates#Marvacatalogingupdates-Hubs(240;X00,X10,X11with$t;X30)"
,,,bf:relation,Input transcribed series,false,true,bnode,,lc:RT:bf2:SeriesHub,,,,,,bf:Relation,"https://staff.loc.gov/wikis/display/BP2/Marva+cataloging+updates#Marvacatalogingupdates-Series(490,8XX)"
,,,bf:hasInstance,Add BIBFRAME Instance,false,true,bnode,,lc:RT:bf2:SoundCassette:Instance,,,,,,,
lc:RT:bf2:SoundContent,Sound content,bf:SoundContent,bf:SoundContent,Lookup,false,false,,,,http://id.loc.gov/vocabulary/msoundcontent,IRIstem,,,,,
lc:RT:bf2:SpecPlayback,Special playback characteristic,bf:PlaybackCharacteristic,bf:PlaybackCharacteristic,Lookup,false,false,,,,http://id.loc.gov/vocabulary/mspecplayback,IRIstem,,,,,http://original.rdatoolkit.org/3.16.9.html
lc:RT:bf2:SubjectAgent,Subject-Agent,bf:Agent,mads:authoritativeLabel,Agents,false,true,,,,,,,,,,
lc:RT:bf2:Subjects:AgentS,Single Person,bf:Person,owl:sameAs,Search LCNAF,false,true,,,,http://id.loc.gov/authorities/names,IRIstem,,,,,
lc:RT:bf2:Subjects:Complex,Subject components,bf:Topic,mads:componentList,Search Subject components,false,true,bnode,,lc:RT:bf2:Topic:madsTopic | lc:RT:bf2:Topic:madsGeographic | lc:RT:bf2:Topic:madsTemporal | lc:RT:bf2:Topic:madsGenreForm,,,,,,mads:ComplexSubject,
,,,bf:source,Source of subject heading,false,true,,,,http://id.loc.gov/vocabulary/subjectSchemes,IRIstem,,"lcsh
lcshac","http://id.loc.gov/authorities/subjects
http://id.loc.gov/authorities/childrensSubjects",bf:Source,
lc:RT:bf2:Subjects:ConfS,Single Meeting,bf:Meeting,owl:sameAs,Search LCNAF,false,true,,,,http://id.loc.gov/authorities/names,IRIstem,,,,,
lc:RT:bf2:Subjects:CorpS,Single Organization,bf:Organization,owl:sameAs,Search LCNAF,false,true,,,,http://id.loc.gov/authorities/names,IRIstem,,,,,
lc:RT:bf2:Subjects:GeogS,Single Geographic Place,bf:Place,owl:sameAs,Search LCNAF/LCSH,false,true,,,,http://id.loc.gov/authorities/names | http://id.loc.gov/authorities/subjects,IRIstem,,,,mads:SimpleType,
lc:RT:bf2:Subjects:Simple,Simple subjects,mads:SimpleType,owl:sameAs,Search simple subjects,false,true,bnode,,lc:RT:bf2:Subjects:TopicS | lc:RT:bf2:Subjects:GeogS | lc:RT:bf2:Subjects:AgentS | lc:RT:bf2:Subjects:CorpS | lc:RT:bf2:Subjects:ConfS | lc:RT:bf2:Subjects:WorkS,,,,,,,
lc:RT:bf2:Subjects:TopicS,Single Topic,bf:Topic,owl:sameAs,Search LCSH/LCNAF,false,true,,,,http://id.loc.gov/authorities/subjects | http://id.loc.gov/authorities/names,IRIstem,,,,mads:SimpleType,
lc:RT:bf2:Subjects:WorkS,Single Work,bf:Work,owl:sameAs,Search BFDB,false,true,,,,https://preprod-8230.id.loc.gov/resources/works,IRIstem,,,,,
lc:RT:bf2:Summary,Summary note,bf:Summary,rdfs:label,Summary note,false,true,literal,,,,,,,,,
lc:RT:bf2:SupplContentNote,Supplementary Content URL,bf:SupplementaryContent,rdfs:label,Note,false,true,literal,,,,,,,,,
,,,bf:electronicLocator,URL for Supplementary Content,false,true,bnode,,lc:RT:bf2:URL,,,,,,,
lc:RT:bf2:SysReq,System requirement,bf:SystemRequirement,rdfs:label,System requirement,false,true,literal,,,,,,,,,
lc:RT:bf2:TestMixedMat:InstanceSR,BIBFRAME Instance (Sound Recording),bf:Instance,bf:title,Title information,false,true,bnode,,lc:RT:bf2:InstanceTitle | lc:RT:bf2:Title:VarTitle,,,,,,,https://original.rdatoolkit.org/rdachp2_rda2-3376.html
,,,bf:responsibilityStatement,Statement of responsibility,false,true,literal,,,,,,,,,http://original.rdatoolkit.org/2.4.2.html
,,,bf:provisionActivity,Provision activity,false,true,bnode,,lc:RT:bf2:PubInfoNew | lc:RT:bf2:DistInfoNew | lc:RT:bf2:ManuInfoNew | lc:RT:bf2:ProdInfoNew,,,,,,,https://staff.loc.gov/wikis/display/BP2/Marva+cataloging+updates#Marvacatalogingupdates-ProvisionActivity(264)
,,,bf:copyrightDate,Copyright date,false,true,literal,,,,,,,,,http://original.rdatoolkit.org/2.11.html
,,,bf:issuance,Mode of issuance,false,true,,,,http://id.loc.gov/vocabulary/issuance,IRIstem,,single unit,http://id.loc.gov/vocabulary/issuance/mono,bf:Issuance,http://original.rdatoolkit.org/2.13.html
,,,bf:identifiedBy,Identifiers,false,true,bnode,,lc:RT:bf2:Identifiers:ISBN | lc:RT:bf2:Identifiers:ISMN | lc:RT:bf2:Identifiers:PubNumber | lc:RT:bf2:Identifiers:EAN | lc:RT:bf2:Identifiers:UPC | lc:RT:bf2:Identifiers:ISRC | lc:RT:bf2:Identifiers:Other | lc:RT:bf2:Identifiers:Local | lc:RT:bf2:Identifiers:AudioIssue | lc:RT:bf2:Identifiers:Oclc,,,,,,,
,,,bf:note,Notes about the Instance,false,true,bnode,,lc:RT:bf2:Note,,,,,,,
,,,bf:supplementaryContent,Supplementary content URL,false,true,bnode,,lc:RT:bf2:SupplContentNote,,,,,,,
,,,bf:tableOfContents,Contents,false,true,literal,,,,,,,,,
,,,bf:media,Media type,false,true,,,,http://id.loc.gov/vocabulary/mediaTypes,IRIstem,,audio,http://id.loc.gov/vocabulary/mediaTypes/s,bf:Media,http://original.rdatoolkit.org/3.2.html
,,,bf:carrier,Carrier type,false,true,,,,http://id.loc.gov/vocabulary/carriers,IRIstem,,audio disc,http://id.loc.gov/vocabulary/carriers/sd,bf:Carrier,http://original.rdatoolkit.org/3.3.html
,,,bf:extent,Physical description,false,true,bnode,,lc:RT:bf2:Extent,,,,,,,https://original.rdatoolkit.org/3.4.html
,,,bf:dimensions,Dimensions,false,true,literal,,,,,,,,,http://original.rdatoolkit.org/3.5.html
,,,bf:baseMaterial,Base material,false,true,,,,http://id.loc.gov/vocabulary/mmaterial,IRIstem,,,,bf:BaseMaterial,http://original.rdatoolkit.org/3.6.html
,,,bf:soundCharacteristic,Sound characteristics,false,true,bnode,,lc:RT:bf2:TypeRec | lc:RT:bf2:RecMedium | lc:RT:bf2:PlayingSpeed | lc:RT:bf2:Playback | lc:RT:bf2:SpecPlayback | lc:RT:bf2:CaptureStorage,,,,,,,
,,,bf:digitalCharacteristic,Digital characteristics,false,true,bnode,,lc:RT:bf2:FileType | lc:RT:bf2:EncFmt,,,,,,,
,,,bf:systemRequirement,System requirement,false,true,bnode,,lc:RT:bf2:SysReq,,,,,,,http://original.rdatoolkit.org/rdachp3_rda3-5469.html
,,,bf:hasItem,Has Item,false,true,bnode,,lc:RT:bf2:TestMixedMat:Item,,,,,,,
lc:RT:bf2:TestMixedMat:InstanceVR,BIBFRAME Instance (Video Recording),bf:Instance,bf:title,Title information,false,true,bnode,,lc:RT:bf2:InstanceTitle | lc:RT:bf2:Title:VarTitle | lc:RT:bf2:ParallelTitle,,,,,,,https://original.rdatoolkit.org/rdachp2_rda2-3376.html
,,,bf:responsibilityStatement,Statement of responsibility,false,true,literal,,,,,,,,,http://original.rdatoolkit.org/2.4.2.html
,,,bf:editionStatement,Edition statement,false,true,literal,,,,,,,,,http://original.rdatoolkit.org/2.5.html
,,,bf:provisionActivity,Provision activity,false,true,bnode,,lc:RT:bf2:PubInfoNew | lc:RT:bf2:DistInfoNew | lc:RT:bf2:ManuInfoNew | lc:RT:bf2:ProdInfoNew,,,,,,,https://staff.loc.gov/wikis/display/BP2/Marva+cataloging+updates#Marvacatalogingupdates-ProvisionActivity(264)
,,,bf:copyrightDate,Copyright date,false,true,literal,,,,,,,,,http://original.rdatoolkit.org/2.11.html
,,,bf:originPlace,Place of origin,false,true,bnode,,lc:RT:bf2:Place,,,,,,,
,,,bf:issuance,Mode of issuance,false,true,,,,http://id.loc.gov/vocabulary/issuance,IRIstem,,single unit,http://id.loc.gov/vocabulary/issuance/mono,bf:Issuance,http://original.rdatoolkit.org/2.13.html
,,,bf:identifiedBy,Identifiers,false,true,bnode,,lc:RT:bf2:Identifiers:LCCN | lc:RT:bf2:Identifiers:Copyright | lc:RT:bf2:Identifiers:UPC | lc:RT:bf2:Identifiers:ISBN | lc:RT:bf2:Identifiers:PubNumber | lc:RT:bf2:Identifiers:EAN | lc:RT:bf2:Identifiers:Other | lc:RT:bf2:Identifiers:Local | lc:RT:bf2:Identifiers:Gtin14 | lc:RT:bf2:Identifiers:VidRecNumber | lc:RT:bf2:Identifiers:Oclc,,,,,,,
,,,bf:note,Notes about the Instance,false,true,bnode,,lc:RT:bf2:Note,,,,,,,
,,,bf:tableOfContents,Contents,false,true,bnode,,lc:RT:bf2:Contents,,,,,,,
,,,bf:media,Media type,false,true,,,,http://id.loc.gov/vocabulary/mediaTypes,IRIstem,,video,http://id.loc.gov/vocabulary/mediaTypes/v,bf:Media,http://original.rdatoolkit.org/3.2.html
,,,bf:carrier,Carrier type,false,true,,,,https://preprod.id.loc.gov/vocabulary/identifiers,IRIstem,,videodisc,http://id.loc.gov/vocabulary/carriers/vd,bf:Carrier,http://original.rdatoolkit.org/3.3.html
,,,bf:extent,Physical description,false,true,bnode,,lc:RT:bf2:Extent,,,,,,,https://original.rdatoolkit.org/3.4.html
,,,bf:dimensions,Dimensions,false,true,literal,,,,,,,,,http://original.rdatoolkit.org/3.5.html
,,,bf:duration,Duration,false,true,literal,,,,,,,,,http://original.rdatoolkit.org/7.22.html
,,,bf:contentAccessibility,"Accessibility content (Closed captions, etc.)",false,true,bnode,,lc:RT:bf2:MIBluRayDVD:AccCont,,,,,,,
,,,bf:genreForm,Genre/Form,false,true,bnode,,lc:RT:bf2:Form,,,,,,,
,,,bf:productionMethod,Production method,false,true,,,,http://id.loc.gov/vocabulary/mproduction,IRIstem,,,,bf:ProductionMethod,
,,,bf:supplementaryContent,Supplementary content URL,false,true,bnode,,lc:RT:bf2:SupplContentNote,,,,,,,
,,,bf:aspectRatio,Aspect ratio,false,true,,,,http://id.loc.gov/vocabulary/maspect,IRIstem,,,,bf:AspectRatio,http://original.rdatoolkit.org/rdachp7_rda7-1486.html
,,,bf:aspectRatio,Aspect ratio (numeric),false,true,bnode,,lc:RT:bf2:MIBluRayDVD:Aspect,,,,,,,http://original.rdatoolkit.org/rdachp7_rda7-1486.html
,,,bf:soundCharacteristic,Sound characteristics,false,true,bnode,,lc:RT:bf2:TypeRec | lc:RT:bf2:RecMedium | lc:RT:bf2:MIBluRayDVD:Playback | lc:RT:bf2:SpecPlayback,,,,,,,
,,,bf:videoCharacteristic,Video characteristic/Broadcast standard,false,true,,,,http://id.loc.gov/vocabulary/mbroadstd,IRIstem,,,,bf:BroadcastStandard,http://original.rdatoolkit.org/rdachp3_rda3-5138.html
,,,bf:digitalCharacteristic,Digital characteristics,false,true,bnode,,lc:RT:bf2:MIBluRayDVD:FileType | lc:RT:bf2:RegEncoding | lc:RT:bf2:MIBluRayDVD:EncFmt | lc:RT:bf2:Resolution,,,,,,,
,,,bf:systemRequirement,System requirements,false,true,bnode,,lc:RT:bf2:SysReq,,,,,,,http://original.rdatoolkit.org/3.20.1.3.html
,,,bf:contributionhttp://id.loc.gov/ontologies/bibframe/contributionhttp://id.loc.gov/ontologies/bibframe/contributionhttp://id.loc.gov/ontologies/bibframe/contributionhttp://id.loc.gov/ontologies/bibframe/contributionhttp://id.loc.gov/ontologies/bibframe/contributionhttp://id.loc.gov/ontologies/bibframe/contributionhttp://id.loc.gov/ontologies/bibframe/contributionhttp://id.loc.gov/ontologies/bibframe/contributionhttp://id.loc.gov/ontologies/bibframe/contributionhttp://id.loc.gov/ontologies/bibframe/contributionhttp://id.loc.gov/ontologies/bibframe/contributionhttp://id.loc.gov/ontologies/bibframe/contributionhttp://id.loc.gov/ontologies/bibframe/contributionhttp://id.loc.gov/ontologies/bibframe/contributionhttp://id.loc.gov/ontologies/bibframe/contributionhttp://id.loc.gov/ontologies/bibframe/contributionhttp://id.loc.gov/ontologies/bibframe/contributionhttp://id.loc.gov/ontologies/bibframe/contribution,Contribution,false,true,bnode,,lc:RT:bf2:Agents:Contribution,,,,,,bf:Contribution,
lc:RT:bf2:TestMixedMat:Item,BIBFRAME Item,bf:Item,bf:electronicLocator,URL of Item,false,true,bnode,,lc:RT:bf2:URL,,,,,,,
,,,bf:contribution,Collection/contribution,false,true,bnode,,lc:RT:bf2:Agents:bfContribution,,,,,,bf:Contribution,
,,,bf:note,Notes about the Item,false,true,bnode,,lc:RT:bf2:NoteLc,,,,,,,
,,,bf:usageAndAccessPolicy,"Lending, reproduction, and retention policies",false,true,bnode,,lc:RT:bf2:Item:Access | lc:RT:bf2:Item:Use | lc:RT:bf2:Item:Retention,,,,,,,
,,,bf:enumerationAndChronology,Enumeration and chronology,false,true,bnode,,lc:RT:bf2:Item:Enumeration | lc:RT:bf2:Item:Chronology,,,,,,,
lc:RT:bf2:TestMixedMat:Print,BIBFRAME Instance (Monograph),bf:Print,bf:title,Title information,true,true,bnode,,lc:RT:bf2:InstanceTitle | lc:RT:bf2:Title:VarTitle | lc:RT:bf2:ParallelTitle,,,,,,,https://original.rdatoolkit.org/rdachp2_rda2-3376.html
,,,bf:responsibilityStatement,Statement of responsibility,false,true,literal,,,,,,,,,http://original.rdatoolkit.org/2.4.2.html
,,,bf:editionStatement,Edition statement,false,true,literal,,,,,,,,,http://original.rdatoolkit.org/2.5.html
,,,bf:provisionActivity,Provision activity,false,true,bnode,,lc:RT:bf2:PubInfoNew | lc:RT:bf2:DistInfoNew | lc:RT:bf2:ManuInfoNew | lc:RT:bf2:ProdInfoNew,,,,,,,https://staff.loc.gov/wikis/display/BP2/Marva+cataloging+updates#Marvacatalogingupdates-ProvisionActivity(264)
,,,bf:copyrightDate,Copyright cate,false,true,literal,,,,,,,,,http://original.rdatoolkit.org/2.11.html
,,,bf:issuance,Mode of issuance,true,true,,,,http://id.loc.gov/vocabulary/issuance,IRIstem,,single unit,http://id.loc.gov/vocabulary/issuance/mono,bf:Issuance,http://original.rdatoolkit.org/2.13.html
,,,bf:identifiedBy,Identifiers,false,true,bnode,,lc:RT:bf2:Identifiers:ISBN | lc:RT:bf2:Identifiers:Other | lc:RT:bf2:Identifiers:Local | lc:RT:bf2:Identifiers:Oclc,,,,,,,
,,,bf:tableOfContents,Contents,false,true,bnode,,lc:RT:bf2:Contents,,,,,,,
,,,bf:note,Notes about the Instance,false,true,bnode,,lc:RT:bf2:Note,,,,,,,http://original.rdatoolkit.org/2.17.html
,,,bf:supplementaryContent,Supplementary content URL,false,true,bnode,,lc:RT:bf2:SupplContentNote,,,,,,,
,,,bf:media,Media type,true,true,,,,http://id.loc.gov/vocabulary/mediaTypes,IRIstem,,unmediated,http://id.loc.gov/vocabulary/mediaTypes/n,bf:Media,http://original.rdatoolkit.org/3.2.html
,,,bf:carrier,Carrier type,true,true,,,,http://id.loc.gov/vocabulary/carriers,IRIstem,,volume,http://id.loc.gov/vocabulary/carriers/nc,bf:Carrier,http://original.rdatoolkit.org/3.3.html
,,,bf:extent,Physical description,false,true,bnode,,lc:RT:bf2:Extent,,,,,,,https://original.rdatoolkit.org/3.4.html
,,,bf:dimensions,Dimensions,false,true,literal,,,,,,,,,http://original.rdatoolkit.org/3.5.html
,,,bf:identifiedBy,LCCN,true,true,bnode,,lc:RT:bf2:Identifiers:LCCN,,,,,,,
,,,bf:hasItem,Has Item,false,true,bnode,,lc:RT:bf2:TestMixedMat:Item,,,,,,,Item which is an example of the described Instance.
lc:RT:bf2:TestMixedMat:Work,BIBFRAME Work,bf:MixedMaterial,bf:contribution,Creator of Work,false,true,bnode,,lc:RT:bflc:Agents:PrimaryContribution,,,,,,bf:PrimaryContribution,
,,,bf:title,Title information,true,true,bnode,,lc:RT:bf2:WorkTitle | lc:RT:bf2:Title:VarTitle | lc:RT:bf2:ParallelTitle,,,,,,,https://staff.loc.gov/wikis/display/BP2/Marva+cataloging+updates#Marvacatalogingupdates-Work/ExpressionTitles
,,,bf:genreForm,Genre/Form,false,true,bnode,,lc:RT:bf2:Form,,,,,,bf:GenreForm,
,,,bf:originDate,Date of Work,false,true,literal,,,,,,,,,http://original.rdatoolkit.org/6.4.html
,,,bf:originPlace,Place of origin of the Work,false,true,,,,http://id.loc.gov/vocabulary/countries,IRIstem,,,,bf:Place,http://original.rdatoolkit.org/6.5.html
,,,bf:temporalCoverage,(Time) coverage of the content,false,true,literal,,,,,,,,,http://original.rdatoolkit.org/7.3.html
,,,bf:intendedAudience,Intended audience,false,true,bnode,,lc:RT:bf2:Audience,,,,,,,https://original.rdatoolkit.org/7.7.html
,,,bf:contribution,Contribution,false,true,bnode,,lc:RT:bf2:Agents:Contribution,,,,,,bf:Contribution,
,,,bf:note,Notes about the Work,false,true,bnode,,lc:RT:bf2:Note,,,,,,,
,,,bf:tableOfContents,Contents,false,true,bnode,,lc:RT:bf2:Contents,,,,,,,
,,,bf:summary,Summary,false,true,bnode,,lc:RT:bf2:Summary,,,,,,,https://original.rdatoolkit.org/7.10.html
,,,bf:geographicCoverage,Geographic coverage,false,true,bnode,,lc:RT:bf2:Form:Geog,,,,,,,
,,,bf:subject,Subjects,false,true,bnode,,lc:RT:bf2:Components | lc:RT:bf2:Topic:Place:Components | lc:RT:bf2:Topic:SubjectWork,,,,,,,http://original.rdatoolkit.org/rdachp23_rda23-12.html
,,,bf:classification,Classification numbers,false,true,bnode,,lc:RT:bf2:LCC | lc:RT:bf2:DDC,,,,,,,
,,,bf:content,Content type,true,true,,,,http://id.loc.gov/vocabulary/contentTypes,IRIstem,,text,http://id.loc.gov/vocabulary/contentTypes/txt,bf:Content,http://original.rdatoolkit.org/6.9.html
,,,bf:language,"Language (008 [1st], 041 $a [others])",false,true,literal,,,,,,,,bf:Language,https://staff.loc.gov/wikis/display/BP2/Marva+cataloging+updates#Marvacatalogingupdates-Languages(041)
,,,bf:accompaniedBy,Language resource (041 $bdefgt),false,true,bnode,,lc:RT:bf2:LangResource,,,,,,,https://staff.loc.gov/wikis/display/BP2/Marva+cataloging+updates#Marvacatalogingupdates-Languages(041)
,,,bf:note,Language note (041 $hijkmnpqr),false,true,bnode,,lc:RT:bf2:LangNote,,,,,,,https://staff.loc.gov/wikis/display/BP2/Marva+cataloging+updates#Marvacatalogingupdates-Languages(041)
,,,bf:illustrativeContent,Illustrative content,false,true,,,,http://id.loc.gov/vocabulary/millus,IRIstem,,,,bf:Illustration,http://original.rdatoolkit.org/7.15.html
,,,bf:colorContent,Color content,false,true,,,,http://id.loc.gov/vocabulary/mcolor,IRIstem,,,,bf:ColorContent,http://original.rdatoolkit.org/7.17.html
,,,bf:supplementaryContent,Supplementary content,false,true,,,,http://id.loc.gov/vocabulary/msupplcont,IRIstem,,,,bf:SupplementaryContent,https://original.rdatoolkit.org/7.16.html
,,,bf:relation,Search related work/series,false,true,bnode,,lc:RT:bf2:RelWorkLookup,,,,,,,"https://staff.loc.gov/wikis/display/BP2/Marva+cataloging+updates#Marvacatalogingupdates-Hubs(240;X00,X10,X11with$t;X30)"
,,,bf:relation,Input transcribed series,false,true,bnode,,lc:RT:bf2:SeriesHub,,,,,,bf:Relation,"https://staff.loc.gov/wikis/display/BP2/Marva+cataloging+updates#Marvacatalogingupdates-Series(490,8XX)"
,,,bf:hasInstance,Has BIBFRAME Instances,false,true,bnode,,lc:RT:bf2:TestMixedMat:Print | lc:RT:bf2:TestMixedMat:InstanceSR | lc:RT:bf2:TestMixedMat:InstanceVR,,,,,,,
lc:RT:bf2:Title:AbbrTitle,Abbreviated title,bf:AbbreviatedTitle,bf:mainTitle,Abbreviated title,false,false,literal,,,,,,,,,
,,,bf:qualifier,Qualifying information,false,true,literal,,,,,,,,,
,,,bf:assigner,Assigner,false,true,bnode,,lc:RT:bf2:Title:AbbrTitleAgent,,,,,,,
lc:RT:bf2:Title:AbbrTitleAgent,Assigner agent,bf:Agent,bf:code,Agent code (issnkey),false,true,literal,,,,,,,,,
lc:RT:bf2:Title:CollTitle,Collective title,bf:CollectiveTitle,bf:mainTitle,Collective title,false,false,literal,,,,,,,,,
lc:RT:bf2:Title:KeyTitle,Key title,bf:KeyTitle,bflc:nonSortNum,Non-sort character count,false,true,literal,,,,,,,,,
,,,bf:mainTitle,Key title,false,false,literal,,,,,,,,,
,,,bf:qualifier,Qualifying information,false,true,literal,,,,,,,,,
lc:RT:bf2:Title:VarTitle,Variant title,bf:VariantTitle,bf:mainTitle,Variant title,false,false,literal,,,,,,,,,
,,,bf:partNumber,Part number,false,true,literal,,,,,,,,,
,,,bf:partName,Part name,false,true,literal,,,,,,,,,
,,,bf:date,Date,false,true,literal,,,,,,,,,
,,,rdf:type,Variant title type,false,true,,,,https://preprod-8080.id.loc.gov/vocabulary/vartitletype,IRIstem,,,,,
,,,bf:note,Note,false,true,bnode,,lc:RT:bf2:NoteSimple,,,,,,,
lc:RT:bf2:Topic:Childrens:Components,CYAC subject,bf:Topic,mads:componentList,Search subject components,false,true,bnode,,lc:RT:bf2:Topic:Childrens:Topic | lc:RT:bf2:Topic:madsGeographic | lc:RT:bf2:Topic:madsTemporal,,,,,,,
,,,bf:source,Thesaurus,false,true,,,,http://id.loc.gov/vocabulary/subjectSchemes,IRIstem,,Children’s and Young Adults’ Cataloging subject headings,http://id.loc.gov/vocabulary/subjectSchemes/cyac,bf:Source,
lc:RT:bf2:Topic:Childrens:Topic,Children's heading or topical subdivision,mads:Topic,owl:sameAs,Search CYAC/LCNAF,false,true,,,,http://id.loc.gov/authorities/childrensSubjects | http://id.loc.gov/authorities/names,IRIstem,,,,,
lc:RT:bf2:Topic:Event,Events,bf:Event,mads:authoritativeLabel,Search LCNAF/LCSH,false,true,,,,http://id.loc.gov/authorities/names | http://id.loc.gov/authorities/subjects,IRIstem,,,,,
,,,bf:source,Thesaurus,false,true,,,,http://id.loc.gov/vocabulary/subjectSchemes,IRIstem,,,,bf:Source,
lc:RT:bf2:Topic:Place:Components,Geographic subjects,bf:Place,mads:componentList,Search subject components,false,true,bnode,,lc:RT:bf2:Topic:madsGeogHeading | lc:RT:bf2:Topic:madsTopicSubdivision | lc:RT:bf2:Topic:madsTemporal,,,,,,,
,,,bf:source,Thesaurus,false,true,,,,http://id.loc.gov/vocabulary/subjectSchemes,IRIstem,,lcsh,http://id.loc.gov/vocabulary/subjectSchemes/lcsh,bf:Source,
lc:RT:bf2:Topic:SubjectNew,Expanded subjects (test),bf:Topic,mads:componentList,Search subject components,false,true,bnode,,lc:RT:bf2:Topic:madsTopic | lc:RT:bf2:Topic:madsGeographic | lc:RT:bf2:Topic:madsTemporal | lc:RT:bf2:Agent:bfPerson | lc:RT:bf2:Agent:bfCorp | lc:RT:bf2:Agent:bfConf,,,,,,mads:ComplexSubject,
,,,bf:source,Source,false,true,,,,http://id.loc.gov/vocabulary/subjectSchemes,IRIstem,,LCSH,http://id.loc.gov/vocabulary/subjectSchemes/lcsh,bf:Source,
lc:RT:bf2:Topic:SubjectWork,Hub as subject,bf:Hub,mads:authoritativeLabel,Search Hubs,false,true,,,,https://preprod-8080.id.loc.gov/resources/hubs/,IRIstem,,,,,A human-readable name for the subject.
lc:RT:bf2:Topic:madsGenreForm,Form subdivision,mads:GenreForm,owl:sameAs,Search LCSH,false,true,,,,http://id.loc.gov/authorities/subjects,IRIstem,,,,,
lc:RT:bf2:Topic:madsGeogHeading,Geographic heading,mads:Geographic,mads:Geographic,Search LCNAF/LCSH,false,true,,,,http://preprod.id.loc.gov/authorities/names | http://id.loc.gov/authorities/subjects,IRIstem,,,,,
lc:RT:bf2:Topic:madsGeographic,Geographic subdivision,mads:Geographic,owl:sameAs,Search LCNAF/LCSH,false,true,,,,https://preprod-8288.id.loc.gov/authorities/names,IRIstem,,,,,
lc:RT:bf2:Topic:madsTemporal,Chronological subdivision,mads:Temporal,owl:sameAs,Search LCSH,false,true,,,,http://id.loc.gov/authorities/subjects,IRIstem,,,,,
lc:RT:bf2:Topic:madsTopic,Heading or topical subdivision,mads:Topic,mads:Topic,Search LCSH/LCNAF,false,true,,,,http://id.loc.gov/authorities/subjects | http://id.loc.gov/authorities/names | https://id.loc.gov/resources/hubs/suggest2,IRIstem,,,,,
lc:RT:bf2:Topic:madsTopicSubdivision,Topical subdivision,mads:Topic,owl:sameAs,Search LCSH,false,true,,,,http://id.loc.gov/authorities/subjects,IRIstem,,,,,
lc:RT:bf2:TopicSearch,Search subjects,bf:Topic,mads:authoritativeLabel,Search LCSH/LCNAF,false,true,,,,http://id.loc.gov/authorities/subjects | http://id.loc.gov/authorities/names,IRIstem,,,,,
lc:RT:bf2:TypeRec,Type of recording (digital),bf:RecordingMethod,bf:RecordingMethod,Lookup,false,false,,,,http://id.loc.gov/vocabulary/mrectype,IRIstem,,,,,http://original.rdatoolkit.org/3.16.2.html
lc:RT:bf2:TypeRec2,Type of recording (analog),bf:RecordingMethod,bf:RecordingMethod,Lookup,false,false,,,,http://id.loc.gov/vocabulary/mrectype,IRIstem,,,,,http://original.rdatoolkit.org/3.16.2.html
lc:RT:bf2:URL,URL,rdfs:Resource,owl:sameAs,URL,false,true,literal,,,,,,,,,
lc:RT:bf2:VidFormat,Video format,bf:VideoFormat,bf:VideoFormat,Lookup,false,true,,,,http://id.loc.gov/vocabulary/mvidformat,IRIstem,,,,,
lc:RT:bf2:VideoCassette:Aspect,Aspect ratio (numeric),bf:AspectRatio,rdf:value,Numerical values of Aspect ratio,false,true,literal,,,,,,,,,http://access.rdatoolkit.org/7.19.1.3.html
lc:RT:bf2:VideoCassette:Event,Event,bf:Event,rdfs:label,Event,false,true,literal,,,,,,,,,
,,,bf:date,Date of event,false,true,literal,,,,,,,,,
lc:RT:bf2:VideoCassette:Instance,BIBFRAME Instance,bf:Instance,bf:instanceOf,Instance of,false,false,bnode,,lc:RT:bf2:VideoCassette:Work,,,,,,,
,,,bf:title,Title information,true,true,bnode,,lc:RT:bf2:InstanceTitle | lc:RT:bf2:Title:VarTitle | lc:RT:bf2:ParallelTitle,,,,,,,https://original.rdatoolkit.org/rdachp2_rda2-3376.html
,,,bf:responsibilityStatement,Statement of responsibility,false,true,literal,,,,,,,,,http://original.rdatoolkit.org/2.4.2.html
,,,bf:editionStatement,Edition statement,false,true,literal,,,,,,,,,http://original.rdatoolkit.org/2.5.html
,,,bf:provisionActivity,Provision activity,false,true,bnode,,lc:RT:bf2:PubInfoNew | lc:RT:bf2:DistInfoNew | lc:RT:bf2:ManuInfoNew | lc:RT:bf2:ProdInfoNew,,,,,,,https://staff.loc.gov/wikis/display/BP2/Marva+cataloging+updates#Marvacatalogingupdates-ProvisionActivity(264)
,,,bf:copyrightDate,Copyright date,false,true,literal,,,,,,,,,http://original.rdatoolkit.org/2.11.html
,,,bf:originPlace,Place of origin,false,true,,,,http://id.loc.gov/authorities/names,IRIstem,,,,bf:Place,
,,,bf:identifiedBy,Identifiers,false,true,bnode,,lc:RT:bf2:Identifiers:LCCN | lc:RT:bf2:Identifiers:Copyright | lc:RT:bf2:Identifiers:UPC | lc:RT:bf2:Identifiers:ISBN | lc:RT:bf2:Identifiers:PubNumber | lc:RT:bf2:Identifiers:EAN | lc:RT:bf2:Identifiers:Oclc | lc:RT:bf2:Identifiers:Other | lc:RT:bf2:Identifiers:Local | lc:RT:bf2:Identifiers:Gtin14 | lc:RT:bf2:Identifiers:VidRecNumber,,,,,,,
,,,bf:duration,Duration,false,true,literal,,,,,,,,,http://original.rdatoolkit.org/7.22.html
,,,bf:issuance,Mode of issuance,false,true,,,,http://id.loc.gov/vocabulary/issuance,IRIstem,,single unit,http://id.loc.gov/vocabulary/issuance/mono,bf:Issuance,http://original.rdatoolkit.org/2.13.html
,,,bf:extent,Physical description,false,true,bnode,,lc:RT:bf2:Extent,,,,,,,https://original.rdatoolkit.org/3.4.html
,,,bf:dimensions,Dimensions,false,true,literal,,,,,,,,,http://original.rdatoolkit.org/3.5.html
,,,bf:media,Media type,false,true,,,,http://id.loc.gov/vocabulary/mediaTypes,IRIstem,,video,http://id.loc.gov/vocabulary/mediaTypes/v,bf:Media,http://original.rdatoolkit.org/3.2.html
,,,bf:carrier,Carrier type,false,true,,,,http://id.loc.gov/vocabulary/carriers,IRIstem,,videocassette,http://id.loc.gov/vocabulary/carriers/vf,bf:Carrier,http://original.rdatoolkit.org/3.3.html
,,,bf:aspectRatio,Aspect ratio,false,true,,,,http://id.loc.gov/vocabulary/maspect,IRIstem,,,,bf:AspectRatio,http://original.rdatoolkit.org/rdachp7_rda7-1486.html
,,,bf:aspectRatio,Aspect ratio (numeric),false,true,bnode,,lc:RT:bf2:VideoCassette:Aspect,,,,,,,http://original.rdatoolkit.org/rdachp7_rda7-1486.html
,,,bf:soundCharacteristic,Sound characteristics,false,true,bnode,,lc:RT:bf2:TypeRec2 | lc:RT:bf2:RecMedium2 | lc:RT:bf2:VideoCassette:Playback | lc:RT:bf2:SpecPlayback,,,,,,,http://original.rdatoolkit.org/rdachp7_rda7-1451.html
,,,bf:videoCharacteristic,Video characteristics,false,true,bnode,,lc:RT:bf2:VidFormat | lc:RT:bf2:BroadStand,,,,,,,http://original.rdatoolkit.org/rdachp3_rda3-5138.html
,,,bf:digitalCharacteristic,Digital file characteristics,false,true,bnode,,lc:RT:bf2:FileType | lc:RT:bf2:EncFmt,,,,,,,
,,,bf:supplementaryContent,Supplementary content URL,false,true,bnode,,lc:RT:bf2:SupplContentNote,,,,,,,
,,,bf:tableOfContents,Contents,false,true,bnode,,lc:RT:bf2:Contents,,,,,,,
,,,bf:note,Notes about the Instance,false,true,bnode,,lc:RT:bf2:Note,,,,,,,http://original.rdatoolkit.org/2.17.html
,,,bf:immediateAcquisition,Immediate source of acquisition note,false,true,bnode,,lc:RT:bf2:ImmAcqSource,,,,,,,
,,,bf:contentAccessibility,"Accessibility content (Closed captions, etc.)",false,true,bnode,,lc:RT:bf2:ContAccess,,,,,,,
,,,bf:genreForm,LCGFT accessibility term (Video recordings for ... ),false,true,bnode,,lc:RT:bf2:Form,,,,,,,
,,,bf:systemRequirement,System requirements,false,true,bnode,,lc:RT:bf2:SysReq,,,,,,,http://original.rdatoolkit.org/3.20.1.3.html
,,,bf:electronicLocator,URL of Instance,false,true,bnode,,lc:RT:bf2:URL,,,,,,,
,,,bf:hasItem,Has Item,false,true,bnode,,lc:RT:bf2:VideoCassette:Item,,,,,,,
lc:RT:bf2:VideoCassette:Item,BIBFRAME Item,bf:Item,bf:electronicLocator,URL of Item,false,true,bnode,,lc:RT:bf2:URL,,,,,,,
,,,bf:contribution,Collection/contribution,false,true,bnode,,lc:RT:bf2:Agents:bfContribution,,,,,,bf:Contribution,
,,,bf:note,Notes on the Item,false,true,bnode,,lc:RT:bf2:NoteLc,,,,,,,
,,,bf:enumerationAndChronology,Enumeration,false,true,bnode,,lc:RT:bf2:Item:Enumeration,,,,,,,
,,,bf:date,Received date,false,true,literal,,,,,,,,,
,,,bf:immediateAcquisition,Immediate source of acquisition note,false,true,bnode,,lc:RT:bf2:ImmAcqSource,,,,,,,
lc:RT:bf2:VideoCassette:Playback,Playback channels,bf:PlaybackChannels,bf:PlaybackChannels,Lookup,false,false,,,,http://id.loc.gov/vocabulary/mplayback,IRIstem,,,,,http://access.rdatoolkit.org/3.16.8.html
lc:RT:bf2:VideoCassette:Work,BIBFRAME Work,bf:Work,bf:expressionOf,Expression of [search for a Hub],false,true,,,,https://id.loc.gov/resources/hubs,IRIstem,,,,bf:Hub,
,,,bf:title,Title information,true,true,bnode,,lc:RT:bf2:WorkTitle | lc:RT:bf2:Title:VarTitle | lc:RT:bf2:ParallelTitle,,,,,,,https://staff.loc.gov/wikis/display/BP2/Marva+cataloging+updates#Marvacatalogingupdates-Work/ExpressionTitles
,,,bf:genreForm,Genre/Form,false,true,bnode,,lc:RT:bf2:Form,,,,,,bf:GenreForm,
,,,bf:originDate,Date of Work,false,true,literal,,,,,,,,http://www.loc.gov/standards/datetime/pre-submission.html,http://original.rdatoolkit.org/6.4.html
,,,bf:originPlace,Place of origin of the Work,false,true,,,,http://id.loc.gov/authorities/names,IRIstem,,,,bf:Place,http://original.rdatoolkit.org/6.5.html
,,,bf:historyOfWork,History of the Work,false,true,literal,,,,,,,,,http://original.rdatoolkit.org/rdachp6_rda6-3332.html
,,,bf:temporalCoverage,(Time) coverage of the content,false,true,literal,,,,,,,,,http://original.rdatoolkit.org/7.3.html
,,,bf:identifiedBy,Identifiers,false,true,bnode,,lc:RT:bf2:Identifiers:Eidr | lc:RT:bf2:Identifiers:Copyright,,,,,,,
,,,bf:intendedAudience,Intended audience,false,true,bnode,,lc:RT:bf2:Audience,,,,,,,https://original.rdatoolkit.org/7.7.html
,,,bf:contribution,Contribution,false,true,bnode,,lc:RT:bf2:Agents:Contribution,,,,,,bf:Contribution,
,,,bf:geographicCoverage,Geographic coverage,false,true,bnode,,lc:RT:bf2:Form:Geog,,,,,,,
,,,bf:subject,Subjects,false,true,bnode,,lc:RT:bf2:Components | lc:RT:bf2:Topic:Place:Components | lc:RT:bf2:Topic:SubjectWork,,,,,,,http://original.rdatoolkit.org/rdachp23_rda23-12.html
,,,bf:note,Notes about the Work,false,true,bnode,,lc:RT:bf2:Note,,,,,,,
,,,bf:tableOfContents,Contents,false,true,bnode,,lc:RT:bf2:Contents,,,,,,,
,,,bf:summary,Summary,false,true,bnode,,lc:RT:bf2:Summary,,,,,,,https://original.rdatoolkit.org/7.10.html
,,,bf:content,Content type,false,true,,,,http://id.loc.gov/vocabulary/contentTypes,IRIstem,,two-dimensional moving image,http://id.loc.gov/vocabulary/contentTypes/tdi,bf:Content,http://original.rdatoolkit.org/6.9.html
,,,bf:language,"Language (008 [1st], 041 $a [others])",false,true,,,,http://id.loc.gov/vocabulary/languages,IRIstem,,,,bf:Language,https://staff.loc.gov/wikis/display/BP2/Marva+cataloging+updates#Marvacatalogingupdates-Languages(041)
,,,bf:accompaniedBy,Language resource (041 $bdefgt),false,true,bnode,,lc:RT:bf2:LangResource,,,,,,,https://staff.loc.gov/wikis/display/BP2/Marva+cataloging+updates#Marvacatalogingupdates-Languages(041)
,,,bf:note,Language note (041 $hijkmnpqr),false,true,bnode,,lc:RT:bf2:LangNote,,,,,,,https://staff.loc.gov/wikis/display/BP2/Marva+cataloging+updates#Marvacatalogingupdates-Languages(041)
,,,bf:capture,Capture information,false,true,bnode,,lc:RT:bf2:Capture,,,,,,,
,,,bf:eventContentOf,Event,false,true,bnode,,lc:RT:bf2:VideoCassette:Event,,,,,,,
,,,bf:contentAccessibility,Accessibility content,false,true,bnode,,lc:RT:bf2:MIBluRayDVD:AccCont,,,,,,,http://original.rdatoolkit.org/7.14.html
,,,bf:supplementaryContent,Supplementary content,false,true,,,,http://id.loc.gov/vocabulary/msupplcont,IRIstem,,,,bf:SupplementaryContent,https://original.rdatoolkit.org/7.16.html
,,,bf:colorContent,Color content,false,true,,,,http://id.loc.gov/vocabulary/mcolor,IRIstem,,,,bf:ColorContent,http://original.rdatoolkit.org/7.17.html
,,,bf:soundContent,Sound content,false,true,,,,http://id.loc.gov/vocabulary/msoundcontent,IRIstem,,,,bf:SoundContent,
,,,bflc:movingImageTechnique,Moving image technique,false,true,,,,http://id.loc.gov/vocabulary/mtechnique,IRIstem,,,,bflc:MovingImageTechnique,
,,,bf:aspectRatio,Aspect ratio,false,true,,,,http://id.loc.gov/vocabulary/maspect,IRIstem,,,,bf:AspectRatio,http://original.rdatoolkit.org/rdachp7_rda7-1486.html
,,,bf:aspectRatio,Aspect ratio (numeric),false,true,bnode,,lc:RT:bf2:VideoCassette:Aspect,,,,,,,http://original.rdatoolkit.org/rdachp7_rda7-1486.html
,,,bf:duration,Duration,false,true,literal,,,,,,,,xsd:duration,http://original.rdatoolkit.org/7.22.html
,,,bf:classification,Classification numbers,false,true,bnode,,lc:RT:bf2:LCC | lc:RT:bf2:NLM | lc:RT:bf2:DDC,,,,,,,
,,,bflc:relationship,Search related work/series,false,true,bnode,,lc:RT:bf2:RelWorkLookup,,,,,,,"https://staff.loc.gov/wikis/display/BP2/Marva+cataloging+updates#Marvacatalogingupdates-Hubs(240;X00,X10,X11with$t;X30)"
,,,bflc:relationship,Input transcribed series,false,true,bnode,,lc:RT:bf2:SeriesHub,,,,,,bflc:relationship,"https://staff.loc.gov/wikis/display/BP2/Marva+cataloging+updates#Marvacatalogingupdates-Series(490,8XX)"
,,,bf:hasInstance,Add BIBFRAME Instance,false,true,bnode,,lc:RT:bf2:VideoCassette:Instance,,,,,,,
lc:RT:bf2:WorkTitle,Work title,bf:Title,bflc:nonSortNum,Non-sort character count,false,true,literal,,,,,,,,,
,,,bf:mainTitle,Title,false,false,literal,,,,,,,,,
,,,bf:partNumber,Part number,false,true,literal,,,,,,,,,
,,,bf:partName,Part name,false,true,literal,,,,,,,,,
lc:RT:bflc:Agents:PrimaryContribution,Primary contribution,bf:PrimaryContribution,bf:agent,Primary contributor,false,true,bnode,,lc:RT:bf2:Agent:bfPerson | lc:RT:bf2:Agent:bfCorp | lc:RT:bf2:Agent:bfConf | lc:RT:bf2:Agent:bfJurisdiction | lc:RT:bf2:Agent:bfFamily,,,,,,bf:PrimaryContribution,"https://staff.loc.gov/wikis/display/BP2/Marva+cataloging+updates#Marvacatalogingupdates-Contributors(1XX,6XX,7XX)"
,,,bf:role,Relationship designator,false,true,,,,http://id.loc.gov/vocabulary/relators | https://id.loc.gov/vocabulary/rbmsrel,IRIstem,,,,bf:Role,https://staff.loc.gov/wikis/display/BP2/Marva+cataloging+updates#Marvacatalogingupdates-AgentRolesMarva+cataloging+updates#Marvacatalogingupdates-AgentRoles
lc:RT:bflc:TranscribedTitle,Transliterated title,bf:TransliteratedTitle,bflc:nonSortNum,Non-sort character count,false,true,literal,,,,,,,,,
,,,bf:mainTitle,Title,false,false,literal,,,,,,,,,
,,,bf:partNumber,Part number,false,true,literal,,,,,,,,,
,,,bf:partName,Part name,false,true,literal,,,,,,,,,
,,,bf:subtitle,Other title information,false,true,literal,,,,,,,,,
lc:profile:OfficialRDA:Monograph,BIBFRAME Official RDA Monograph,,dcterms:hasPart,Has Shape,,,bnode,,lc:OfficialRDA:Monograph:Hub,,,,,,,
,,,dcterms:hasPart,Has Shape,,,bnode,,lc:OfficialRDA:Monograph:Expression:Work,,,,,,,
,,,dcterms:hasPart,Has Shape,,,bnode,,lc:RT:OfficialRDA:Monograph:Instance,,,,,,,
lc:profile:bf2:35mmFeatureFilm,BIBFRAME 2.0 Moving Image,,dcterms:hasPart,Has Shape,,,bnode,,lc:RT:bf2:35mmFeatureFilm:Work,,,,,,,
,,,dcterms:hasPart,Has Shape,,,bnode,,lc:RT:bf2:35mmFeatureFilm:Instance,,,,,,,
,,,dcterms:hasPart,Has Shape,,,bnode,,lc:RT:bf2:35mmFeatureFilm:Item,,,,,,,
,,,dcterms:hasPart,Has Shape,,,bnode,,lc:RT:bf2:35mmFeatureFilm:Event,,,,,,,
,,,dcterms:hasPart,Has Shape,,,bnode,,lc:RT:bf2:35mmFeatureFilm:DigItem,,,,,,,
lc:profile:bf2:3DObject,Three-dimensional object,,dcterms:hasPart,Has Shape,,,bnode,,lc:RT:bf2:3DObject:Work,,,,,,,
,,,dcterms:hasPart,Has Shape,,,bnode,,lc:RT:bf2:3DObject:Instance,,,,,,,
lc:profile:bf2:AdminMetadata,BIBFRAME 2.0 Admin Metadata,,dcterms:hasPart,Has Shape,,,bnode,,lc:RT:bf2:AdminMetadata:BFDB,,,,,,,
,,,dcterms:hasPart,Has Shape,,,bnode,,lc:RT:bf2:AdminMetadata,,,,,,,
,,,dcterms:hasPart,Has Shape,,,bnode,,lc:RT:bf2:AdminMetadata:GenerationProcess,,,,,,,
,,,dcterms:hasPart,Has Shape,,,bnode,,lc:RT:bf2:AdminMetadata:Identifier,,,,,,,
,,,dcterms:hasPart,Has Shape,,,bnode,,lc:RT:bf2:AdminMetadata:Input,,,,,,,
lc:profile:bf2:Agents:Attributes,BIBFRAME 2.0 Agents,,dcterms:hasPart,Has Shape,,,bnode,,lc:RT:bf2:Agent:bfPerson,,,,,,,
,,,dcterms:hasPart,Has Shape,,,bnode,,lc:RT:bf2:Agent:bfFamily,,,,,,,
,,,dcterms:hasPart,Has Shape,,,bnode,,lc:RT:bf2:Agent:bfCorp,,,,,,,
,,,dcterms:hasPart,Has Shape,,,bnode,,lc:RT:bf2:Agent:bfConf,,,,,,,
,,,dcterms:hasPart,Has Shape,,,bnode,,lc:RT:bf2:Agent:bfJurisdiction,,,,,,,
,,,dcterms:hasPart,Has Shape,,,bnode,,lc:RT:bf2:Agent:Person,,,,,,,
,,,dcterms:hasPart,Has Shape,,,bnode,,lc:RT:bf2:Agent:Family,,,,,,,
,,,dcterms:hasPart,Has Shape,,,bnode,,lc:RT:bf2:Agent:CorporateBody,,,,,,,
,,,dcterms:hasPart,Has Shape,,,bnode,,lc:RT:bf2:Agent:Conference,,,,,,,
,,,dcterms:hasPart,Has Shape,,,bnode,,lc:RT:bf2:Agent:Jurisdiction,,,,,,,
,,,dcterms:hasPart,Has Shape,,,bnode,,lc:RT:bf2:Agents:Addresses,,,,,,,
,,,dcterms:hasPart,Has Shape,,,bnode,,lc:RT:bf2:Agents:Addresses:Extended,,,,,,,
,,,dcterms:hasPart,Has Shape,,,bnode,,lc:RT:bf2:Agents:RelatedAgents,,,,,,,
,,,dcterms:hasPart,Has Shape,,,bnode,,lc:RT:bf2:Agents:Source,,,,,,,
,,,dcterms:hasPart,Has Shape,,,bnode,,lc:RT:bf2:Agents:VariantAgents,,,,,,,
,,,dcterms:hasPart,Has Shape,,,bnode,,lc:RT:bf2:Agent:Identifier,,,,,,,
,,,dcterms:hasPart,Has Shape,,,bnode,,lc:RT:bf2:Agent:Note,,,,,,,
,,,dcterms:hasPart,Has Shape,,,bnode,,lc:RT:bf2:Agent:Identifier:Source,,,,,,,
,,,dcterms:hasPart,Has Shape,,,bnode,,lc:RT:bf2:Agent:PersonTest,,,,,,,
,,,dcterms:hasPart,Has Shape,,,bnode,,lc:RT:bf2:Agent:PersonTest1,,,,,,,
,,,dcterms:hasPart,Has Shape,,,bnode,,lc:RT:bf2:Agent:PersonTestRWO,,,,,,,
,,,dcterms:hasPart,Has Shape,,,bnode,,lc:RT:bf2:Agent:PersonTestSource,,,,,,,
lc:profile:bf2:Agents:RWO,BIBFRAME 2.0 RWO,,dcterms:hasPart,Has Shape,,,bnode,,lc:RT:bf2:Agents:RWO:Affiliation,,,,,,,
,,,dcterms:hasPart,Has Shape,,,bnode,,lc:RT:bf2:Agents:RWO:AssociatedLanguage,,,,,,,
,,,dcterms:hasPart,Has Shape,,,bnode,,lc:RT:bf2:Agents:RWO:PlaceofBirth,,,,,,,
,,,dcterms:hasPart,Has Shape,,,bnode,,lc:RT:bf2:Agents:RWO:PlaceofDeath,,,,,,,
,,,dcterms:hasPart,Has Shape,,,bnode,,lc:RT:bf2:Agents:RWO:Country,,,,,,,
,,,dcterms:hasPart,Has Shape,,,bnode,,lc:RT:bf2:Agents:RWO:PlaceOfResidence,,,,,,,
,,,dcterms:hasPart,Has Shape,,,bnode,,lc:RT:bf2:Agents:RWO:LocationOfConference,,,,,,,
,,,dcterms:hasPart,Has Shape,,,bnode,,lc:RT:bf2:Agents:RWO:OtherPlace,,,,,,,
,,,dcterms:hasPart,Has Shape,,,bnode,,lc:RT:bf2:Agents:RWO:Dates,,,,,,,
,,,dcterms:hasPart,Has Shape,,,bnode,,lc:RT:bf2:Agents:RWO:FieldofActivity,,,,,,,
,,,dcterms:hasPart,Has Shape,,,bnode,,lc:RT:bf2:Agents:RWO:Gender,,,,,,,
,,,dcterms:hasPart,Has Shape,,,bnode,,lc:RT:bf2:Agents:RWO:Occupation,,,,,,,
,,,dcterms:hasPart,Has Shape,,,bnode,,lc:RT:bf2:Agents:RWO:ProminentFamilyMember,,,,,,,
,,,dcterms:hasPart,Has Shape,,,bnode,,lc:RT:bf2:Agents:RWO:HonoraryTitle,,,,,,,
,,,dcterms:hasPart,Has Shape,,,bnode,,lc:RT:bf2:Agents:skosConcept,,,,,,,
,,,dcterms:hasPart,Has Shape,,,bnode,,lc:RT:bf2:Agents:RWO:IdentifiedbyAuthority,,,,,,,
lc:profile:bf2:AgentsContribution,BIBFRAME 2.0 Agents Contribution,,dcterms:hasPart,Has Shape,,,bnode,,lc:RT:bf2:Agents:Contribution,,,,,,,
,,,dcterms:hasPart,Has Shape,,,bnode,,lc:RT:bf2:Agents:bfContribution,,,,,,,
lc:profile:bf2:Analog,BIBFRAME 2.0 Sound Recording-Analog,,dcterms:hasPart,Has Shape,,,bnode,,lc:RT:bf2:Analog:Work,,,,,,,
,,,dcterms:hasPart,Has Shape,,,bnode,,lc:RT:bf2:Analog:Instance,,,,,,,
,,,dcterms:hasPart,Has Shape,,,bnode,,lc:RT:bf2:Analog:Item,,,,,,,
,,,dcterms:hasPart,Has Shape,,,bnode,,lc:RT:bf2:Analog:Sound6,,,,,,,
,,,dcterms:hasPart,Has Shape,,,bnode,,lc:RT:bf2:Analog:PlayingSpeed,,,,,,,
lc:profile:bf2:Cartographic,BIBFRAME 2.0 Cartographic,,dcterms:hasPart,Has Shape,,,bnode,,lc:RT:bf2:Cartographic:Work,,,,,,,
,,,dcterms:hasPart,Has Shape,,,bnode,,lc:RT:bf2:Cartographic:Instance,,,,,,,
,,,dcterms:hasPart,Has Shape,,,bnode,,lc:RT:bf2:Cartographic:Item,,,,,,,
,,,dcterms:hasPart,Has Shape,,,bnode,,lc:RT:bf2:Cartographic:Attributes,,,,,,,
,,,dcterms:hasPart,Has Shape,,,bnode,,lc:RT:bf2:Cartographic:DataType,,,,,,,
,,,dcterms:hasPart,Has Shape,,,bnode,,lc:RT:bf2:Cartographic:ObjectType,,,,,,,
,,,dcterms:hasPart,Has Shape,,,bnode,,lc:RT:bf2:Cartographic:EncodingFormat,,,,,,,
,,,dcterms:hasPart,Has Shape,,,bnode,,lc:RT:bf2:Cartographic:FileType,,,,,,,
,,,dcterms:hasPart,Has Shape,,,bnode,,lc:RT:bf2:Cartographic:ScaleNew,,,,,,,
lc:profile:bf2:Classification,BIBFRAME 2.0 Classification,,dcterms:hasPart,Has Shape,,,bnode,,lc:RT:bf2:DDC,,,,,,,
,,,dcterms:hasPart,Has Shape,,,bnode,,lc:RT:bf2:DDCEdNum,,,,,,,
,,,dcterms:hasPart,Has Shape,,,bnode,,lc:RT:bf2:LCC,,,,,,,
,,,dcterms:hasPart,Has Shape,,,bnode,,lc:RT:bf2:NAL,,,,,,,
,,,dcterms:hasPart,Has Shape,,,bnode,,lc:RT:bf2:NLM,,,,,,,
,,,dcterms:hasPart,Has Shape,,,bnode,,lc:RT:bf2:OtherClass,,,,,,,
,,,dcterms:hasPart,Has Shape,,,bnode,,lc:RT:bf2:GPOClass,,,,,,,
,,,dcterms:hasPart,Has Shape,,,bnode,,lc:RT:bf2:LccMlc,,,,,,,
lc:profile:bf2:Form,BIBFRAME 2.0 Form,,dcterms:hasPart,Has Shape,,,bnode,,lc:RT:bf2:Form,,,,,,,
,,,dcterms:hasPart,Has Shape,,,bnode,,lc:RT:bf2:Form:Geog,,,,,,,
,,,dcterms:hasPart,Has Shape,,,bnode,,lc:RT:bf2:MarcGT,,,,,,,
,,,dcterms:hasPart,Has Shape,,,bnode,,lc:RT:bf2:Gsafd,,,,,,,
,,,dcterms:hasPart,Has Shape,,,bnode,,lc:RT:bf2:GeoNames,,,,,,,
,,,dcterms:hasPart,Has Shape,,,bnode,,lc:RT:bf2:Lcdgt,,,,,,,
lc:profile:bf2:GPOMono,GPO Monograph,,dcterms:hasPart,Has Shape,,,bnode,,lc:RT:bf2:GPOMono:Work,,,,,,,
,,,dcterms:hasPart,Has Shape,,,bnode,,lc:RT:bf2:GPOMono:Instance,,,,,,,
,,,dcterms:hasPart,Has Shape,,,bnode,,lc:RT:bf2:GPOMono:Item,,,,,,,
lc:profile:bf2:GPOSerial,GPO Serial,,dcterms:hasPart,Has Shape,,,bnode,,lc:RT:bf2:GPOSerial:Work,,,,,,,
,,,dcterms:hasPart,Has Shape,,,bnode,,lc:RT:bf2:GPOSerial:Instance,,,,,,,
,,,dcterms:hasPart,Has Shape,,,bnode,,lc:RT:bf2:GPOSerial:Item,,,,,,,
,,,dcterms:hasPart,Has Shape,,,bnode,,lc:RT:bf2:GPOSerial:Frequency,,,,,,,
lc:profile:bf2:Hub,Test BF hub,,dcterms:hasPart,Has Shape,,,bnode,,lc:RT:bf2:Hub:Hub,,,,,,,
,,,dcterms:hasPart,Has Shape,,,bnode,,lc:RT:bf2:Hub:PrimaryContribution,,,,,,,
,,,dcterms:hasPart,Has Shape,,,bnode,,lc:RT:bf2:Hub:Contribution,,,,,,,
lc:profile:bf2:HubBasic,BF Hub,,dcterms:hasPart,Has Shape,,,bnode,,lc:RT:bf2:HubBasic:Hub,,,,,,,
lc:profile:bf2:Ibc,IBC description,,dcterms:hasPart,Has Shape,,,bnode,,lc:RT:bf2:Ibc:Work,,,,,,,
,,,dcterms:hasPart,Has Shape,,,bnode,,lc:RT:bf2:Ibc:Instance,,,,,,,
,,,dcterms:hasPart,Has Shape,,,bnode,,lc:RT:bf2:Ibc:Item,,,,,,,
lc:profile:bf2:Identifiers,BIBFRAME 2.0 Identifiers,,dcterms:hasPart,Has Shape,,,bnode,,lc:RT:bf2:Identifiers:AudioIssue,,,,,,,
,,,dcterms:hasPart,Has Shape,,,bnode,,lc:RT:bf2:Identifiers:Barcode,,,,,,,
,,,dcterms:hasPart,Has Shape,,,bnode,,lc:RT:bf2:Identifiers:Coden,,,,,,,
,,,dcterms:hasPart,Has Shape,,,bnode,,lc:RT:bf2:Identifiers:Copyright,,,,,,,
,,,dcterms:hasPart,Has Shape,,,bnode,,lc:RT:bf2:Identifiers:EAN,,,,,,,
,,,dcterms:hasPart,Has Shape,,,bnode,,lc:RT:bf2:Identifiers:Eidr,,,,,,,
,,,dcterms:hasPart,Has Shape,,,bnode,,lc:RT:bf2:Identifiers:GPONumber,,,,,,,
,,,dcterms:hasPart,Has Shape,,,bnode,,lc:RT:bf2:Identifiers:Gtin14,,,,,,,
,,,dcterms:hasPart,Has Shape,,,bnode,,lc:RT:bf2:Identifiers:ISBN,,,,,,,
,,,dcterms:hasPart,Has Shape,,,bnode,,lc:RT:bf2:Identifiers:ISMN,,,,,,,
,,,dcterms:hasPart,Has Shape,,,bnode,,lc:RT:bf2:Identifiers:ISRC,,,,,,,
,,,dcterms:hasPart,Has Shape,,,bnode,,lc:RT:bf2:Identifiers:ISSN,,,,,,,
,,,dcterms:hasPart,Has Shape,,,bnode,,lc:RT:bf2:Identifiers:ISSNL,,,,,,,
,,,dcterms:hasPart,Has Shape,,,bnode,,lc:RT:bf2:Identifiers:LCCN,,,,,,,
,,,dcterms:hasPart,Has Shape,,,bnode,,lc:RT:bf2:Identifiers:Local,,,,,,,
,,,dcterms:hasPart,Has Shape,,,bnode,,lc:RT:bf2:Identifiers:Matrix,,,,,,,
,,,dcterms:hasPart,Has Shape,,,bnode,,lc:RT:bf2:Identifiers:Distributor,,,,,,,
,,,dcterms:hasPart,Has Shape,,,bnode,,lc:RT:bf2:Identifiers:MusicPlate,,,,,,,
,,,dcterms:hasPart,Has Shape,,,bnode,,lc:RT:bf2:Identifiers:MusicPub,,,,,,,
,,,dcterms:hasPart,Has Shape,,,bnode,,lc:RT:bf2:Identifiers:Nbn,,,,,,,
,,,dcterms:hasPart,Has Shape,,,bnode,,lc:RT:bf2:Identifiers:Oclc,,,,,,,
,,,dcterms:hasPart,Has Shape,,,bnode,,lc:RT:bf2:Identifiers:Other,,,,,,,
,,,dcterms:hasPart,Has Shape,,,bnode,,lc:RT:bf2:Identifiers:PostalReg,,,,,,,
,,,dcterms:hasPart,Has Shape,,,bnode,,lc:RT:bf2:Identifiers:PubNumber,,,,,,,
,,,dcterms:hasPart,Has Shape,,,bnode,,lc:RT:bf2:Identifiers:ReportNum,,,,,,,
,,,dcterms:hasPart,Has Shape,,,bnode,,lc:RT:bf2:Identifiers:STRN,,,,,,,
,,,dcterms:hasPart,Has Shape,,,bnode,,lc:RT:bf2:Identifiers:StockNumber,,,,,,,
,,,dcterms:hasPart,Has Shape,,,bnode,,lc:RT:bf2:Identifiers:UPC,,,,,,,
,,,dcterms:hasPart,Has Shape,,,bnode,,lc:RT:bf2:Identifiers:VidRecNumber,,,,,,,
,,,dcterms:hasPart,Has Shape,,,bnode,,lc:RT:bf2:Identifiers:Agent,,,,,,,
,,,dcterms:hasPart,Has Shape,,,bnode,,lc:RT:bf2:Identifiers:Agent2,,,,,,,
,,,dcterms:hasPart,Has Shape,,,bnode,,lc:RT:bf2:Identifiers:Source,,,,,,,
,,,dcterms:hasPart,Has Shape,,,bnode,,lc:RT:bf2:Identifiers:LC,,,,,,,
,,,dcterms:hasPart,Has Shape,,,bnode,,lc:RT:bf2:Identifiers:DDC,,,,,,,
,,,dcterms:hasPart,Has Shape,,,bnode,,lc:RT:bf2:Identifiers:Shelfmark,,,,,,,
lc:profile:bf2:Item,BIBFRAME 2.0 Item,,dcterms:hasPart,Has Shape,,,bnode,,lc:RT:bf2:Item:LCC,,,,,,,
,,,dcterms:hasPart,Has Shape,,,bnode,,lc:RT:bf2:Item:Access,,,,,,,
,,,dcterms:hasPart,Has Shape,,,bnode,,lc:RT:bf2:Item:Use,,,,,,,
,,,dcterms:hasPart,Has Shape,,,bnode,,lc:RT:bf2:Item:Retention,,,,,,,
,,,dcterms:hasPart,Has Shape,,,bnode,,lc:RT:bf2:Item:Enumeration,,,,,,,
,,,dcterms:hasPart,Has Shape,,,bnode,,lc:RT:bf2:Item:Chronology,,,,,,,
,,,dcterms:hasPart,Has Shape,,,bnode,,lc:RT:bf2:Item:Retention2,,,,,,,
,,,dcterms:hasPart,Has Shape,,,bnode,,lc:RT:bf2:Item:Location,,,,,,,
,,,dcterms:hasPart,Has Shape,,,bnode,,lc:RT:bf2:Item:Digital,,,,,,,
,,,dcterms:hasPart,Has Shape,,,bnode,,lc:RT:bf2:Item:Description,,,,,,,
lc:profile:bf2:Language,BIBFRAME 2.0 Language,,dcterms:hasPart,Has Shape,,,bnode,,lc:RT:bf2:Language2,,,,,,,
,,,dcterms:hasPart,Has Shape,,,bnode,,lc:RT:bf2:LangResource,,,,,,,
,,,dcterms:hasPart,Has Shape,,,bnode,,lc:RT:bf2:LangNote,,,,,,,
lc:profile:bf2:MIBluRayDVD,BIBFRAME 2.0 Moving Image-DVD,,dcterms:hasPart,Has Shape,,,bnode,,lc:RT:bf2:MIBluRayDVD:Work,,,,,,,
,,,dcterms:hasPart,Has Shape,,,bnode,,lc:RT:bf2:MIBluRayDVD:Instance,,,,,,,
,,,dcterms:hasPart,Has Shape,,,bnode,,lc:RT:bf2:MIBluRayDVD:Item,,,,,,,
,,,dcterms:hasPart,Has Shape,,,bnode,,lc:RT:bf2:MIBluRayDVD:Aspect,,,,,,,
,,,dcterms:hasPart,Has Shape,,,bnode,,lc:RT:bf2:MIBluRayDVD:Event,,,,,,,
,,,dcterms:hasPart,Has Shape,,,bnode,,lc:RT:bf2:MIBluRayDVD:Playback,,,,,,,
,,,dcterms:hasPart,Has Shape,,,bnode,,lc:RT:bf2:MIBluRayDVD:AccCont,,,,,,,
lc:profile:bf2:MonoColl,Monograph Collection,,dcterms:hasPart,Has Shape,,,bnode,,lc:RT:bf2:MonoColl:Work,,,,,,,
,,,dcterms:hasPart,Has Shape,,,bnode,,lc:RT:bf2:MonoColl:Instance,,,,,,,
,,,dcterms:hasPart,Has Shape,,,bnode,,lc:RT:bf2:MonoColl:Item,,,,,,,
lc:profile:bf2:Monograph,BIBFRAME 2.0 Monograph TEST,,dcterms:hasPart,Has Shape,,,bnode,,lc:RT:bf2:Monograph:Work,,,,,,,
,,,dcterms:hasPart,Has Shape,,,bnode,,lc:RT:bf2:Monograph:Instance,,,,,,,
,,,dcterms:hasPart,Has Shape,,,bnode,,lc:RT:bf2:Monograph:Item,,,,,,,
,,,dcterms:hasPart,Has Shape,,,bnode,,lc:RT:bf2:Monograph:Dissertation,,,,,,,
lc:profile:bf2:MonographNR,BIBFRAME 2.0 Monograph (Non-Latin),,dcterms:hasPart,Has Shape,,,bnode,,lc:RT:bf2:MonographNR:Work,,,,,,,
,,,dcterms:hasPart,Has Shape,,,bnode,,lc:RT:bf2:MonographNR:Instance,,,,,,,
,,,dcterms:hasPart,Has Shape,,,bnode,,lc:RT:bf2:MonographNR:Item,,,,,,,
,,,dcterms:hasPart,Has Shape,,,bnode,,lc:RT:bf2:MonographNR:Note,,,,,,,
,,,dcterms:hasPart,Has Shape,,,bnode,,lc:RT:bf2:MonographNR:NoteSimple,,,,,,,
,,,dcterms:hasPart,Has Shape,,,bnode,,lc:RT:bf2:MonographNR:Contents,,,,,,,
,,,dcterms:hasPart,Has Shape,,,bnode,,lc:RT:bf2:MonographNR:Summary,,,,,,,
lc:profile:bf2:NotatedMusic,BIBFRAME 2.0 Notated Music,,dcterms:hasPart,Has Shape,,,bnode,,lc:RT:bf2:NotatedMusic:Work,,,,,,,
,,,dcterms:hasPart,Has Shape,,,bnode,,lc:RT:bf2:NotatedMusic:Instance,,,,,,,
,,,dcterms:hasPart,Has Shape,,,bnode,,lc:RT:bf2:NotatedMusic:Item,,,,,,,
lc:profile:bf2:Note,BIBFRAME 2.0 Note,,dcterms:hasPart,Has Shape,,,bnode,,lc:RT:bf2:ContAccess,,,,,,,
,,,dcterms:hasPart,Has Shape,,,bnode,,lc:RT:bf2:Contents,,,,,,,
,,,dcterms:hasPart,Has Shape,,,bnode,,lc:RT:bf2:ImmAcqSource,,,,,,,
,,,dcterms:hasPart,Has Shape,,,bnode,,lc:RT:bf2:Note,,,,,,,
,,,dcterms:hasPart,Has Shape,,,bnode,,lc:RT:bf2:NoteSimple,,,,,,,
,,,dcterms:hasPart,Has Shape,,,bnode,,lc:RT:bf2:NoteLc,,,,,,,
,,,dcterms:hasPart,Has Shape,,,bnode,,lc:RT:bf2:Notation,,,,,,,
,,,dcterms:hasPart,Has Shape,,,bnode,,lc:RT:bf2:Summary,,,,,,,
,,,dcterms:hasPart,Has Shape,,,bnode,,lc:RT:bf2:SupplContentNote,,,,,,,
,,,dcterms:hasPart,Has Shape,,,bnode,,lc:RT:bf2:SysReq,,,,,,,
lc:profile:bf2:PMOMedPerf,PMO Medium of Performance,,dcterms:hasPart,Has Shape,,,bnode,,lc:RT:bf2:PMOMedPerf:EnsembleSize,,,,,,,
,,,dcterms:hasPart,Has Shape,,,bnode,,lc:RT:bf2:PMOMedPerf:MediumComp,,,,,,,
,,,dcterms:hasPart,Has Shape,,,bnode,,lc:RT:bf2:PMOAgentPerf,,,,,,,
,,,dcterms:hasPart,Has Shape,,,bnode,,lc:RT:bf2:PMOMedPerf:DecMedTest,,,,,,,
,,,dcterms:hasPart,Has Shape,,,bnode,,lc:RT:bf2:PMOMedPerf:MedPart2,,,,,,,
,,,dcterms:hasPart,Has Shape,,,bnode,,lc:RT:bf2:PMOMedPerf:PerfMed,,,,,,,
,,,dcterms:hasPart,Has Shape,,,bnode,,lc:RT:bf2:PMOMedPerf:MedPart,,,,,,,
,,,dcterms:hasPart,Has Shape,,,bnode,,lc:RT:bf2:PMOMedPerf:MedPerfI1,,,,,,,
,,,dcterms:hasPart,Has Shape,,,bnode,,lc:RT:bf2:PMOMedPerf:MedPerfI2,,,,,,,
,,,dcterms:hasPart,Has Shape,,,bnode,,lc:RT:bf2:PMOMedPerf:Doubling,,,,,,,
,,,dcterms:hasPart,Has Shape,,,bnode,,lc:RT:bf2:PMOMedPerf:MedPartType,,,,,,,
lc:profile:bf2:Place,BIBFRAME 2.0 Place,,dcterms:hasPart,Has Shape,,,bnode,,lc:RT:bf2:Place,,,,,,,
,,,dcterms:hasPart,Has Shape,,,bnode,,lc:RT:bf2:Place:Country,,,,,,,
,,,dcterms:hasPart,Has Shape,,,bnode,,lc:RT:bf2:PlaceHierarchy,,,,,,,
,,,dcterms:hasPart,Has Shape,,,bnode,,lc:RT:bf2:PlaceMadsCountry,,,,,,,
lc:profile:bf2:PrintGroup,Prints & Photographs Collection,,dcterms:hasPart,Has Shape,,,bnode,,lc:RT:bf2:PrintGroup:Work,,,,,,,
,,,dcterms:hasPart,Has Shape,,,bnode,,lc:RT:bf2:PrintGroup:Instance,,,,,,,
,,,dcterms:hasPart,Has Shape,,,bnode,,lc:RT:bf2:PrintGroup:Item,,,,,,,
,,,dcterms:hasPart,Has Shape,,,bnode,,lc:RT:bf2:PrintGroup:Arrangement,,,,,,,
,,,dcterms:hasPart,Has Shape,,,bnode,,lc:RT:bf2:PrintGroup:TGMGenre,,,,,,,
,,,dcterms:hasPart,Has Shape,,,bnode,,lc:RT:bf2:PrintGroup:TGMSubject,,,,,,,
,,,dcterms:hasPart,Has Shape,,,bnode,,lc:RT:bf2:PrintGroup:AcqSource,,,,,,,
,,,dcterms:hasPart,Has Shape,,,bnode,,lc:RT:bf2:PrintGroup:Note,,,,,,,
,,,dcterms:hasPart,Has Shape,,,bnode,,lc:RT:bf2:PrintGroup:TGMSearch,,,,,,,
,,,dcterms:hasPart,Has Shape,,,bnode,,lc:RT:bf2:PrintGroup:TGMGenreSearch,,,,,,,
,,,dcterms:hasPart,Has Shape,,,bnode,,lc:RT:bf2:PrintGroup:TGMTemporal,,,,,,,
lc:profile:bf2:PrintPhoto,Prints & Photographs,,dcterms:hasPart,Has Shape,,,bnode,,lc:RT:bf2:PrintPhoto:Work,,,,,,,
,,,dcterms:hasPart,Has Shape,,,bnode,,lc:RT:bf2:PrintPhoto:Instance,,,,,,,
,,,dcterms:hasPart,Has Shape,,,bnode,,lc:RT:bf2:PrintPhoto:Item,,,,,,,
,,,dcterms:hasPart,Has Shape,,,bnode,,lc:RT:bf2:PrintPhoto:Arrangement,,,,,,,
,,,dcterms:hasPart,Has Shape,,,bnode,,lc:RT:bf2:PrintPhoto:TGMGenre,,,,,,,
,,,dcterms:hasPart,Has Shape,,,bnode,,lc:RT:bf2:PrintPhoto:TGMSubject,,,,,,,
,,,dcterms:hasPart,Has Shape,,,bnode,,lc:RT:bf2:PrintPhoto:AcqSource,,,,,,,
,,,dcterms:hasPart,Has Shape,,,bnode,,lc:RT:bf2:PrintPhoto:Note,,,,,,,
,,,dcterms:hasPart,Has Shape,,,bnode,,lc:RT:bf2:PrintPhoto:TGMSearch,,,,,,,
,,,dcterms:hasPart,Has Shape,,,bnode,,lc:RT:bf2:PrintPhoto:TGMGenreSearch,,,,,,,
,,,dcterms:hasPart,Has Shape,,,bnode,,lc:RT:bf2:PrintPhoto:TGMTemporal,,,,,,,
lc:profile:bf2:PublicationDistributionManufactureInformation,"BIBFRAME 2.0 Publication, Distribution, Manufacturer Activity",,dcterms:hasPart,Has Shape,,,bnode,,lc:RT:bf2:PubInfoNew,,,,,,,
,,,dcterms:hasPart,Has Shape,,,bnode,,lc:RT:bf2:DistInfoNew,,,,,,,
,,,dcterms:hasPart,Has Shape,,,bnode,,lc:RT:bf2:ManuInfoNew,,,,,,,
,,,dcterms:hasPart,Has Shape,,,bnode,,lc:RT:bf2:ProdInfoNew,,,,,,,
lc:profile:bf2:RareMat,BIBFRAME 2.0 Rare Materials,,dcterms:hasPart,Has Shape,,,bnode,,lc:RT:bf2:RareMat:Work,,,,,,,
,,,dcterms:hasPart,Has Shape,,,bnode,,lc:RT:bf2:RareMat:Instance,,,,,,,
,,,dcterms:hasPart,Has Shape,,,bnode,,lc:RT:bf2:RareMat:Item,,,,,,,
,,,dcterms:hasPart,Has Shape,,,bnode,,lc:RT:bf2:RareMat:RBMS,,,,,,,
,,,dcterms:hasPart,Has Shape,,,bnode,,lc:RT:bf2:RareMat:RefNote,,,,,,,
,,,dcterms:hasPart,Has Shape,,,bnode,,lc:RT:bf2:RareMat:RefNoteCoverage,,,,,,,
,,,dcterms:hasPart,Has Shape,,,bnode,,lc:RT:bf2:RareMat:ItemLcc,,,,,,,
,,,dcterms:hasPart,Has Shape,,,bnode,,lc:RT:bf2:RareMat:Note,,,,,,,
lc:profile:bf2:RelatedWorkorExpression,BIBFRAME 2.0 Related Works and Expressions,,dcterms:hasPart,Has Shape,,,bnode,,lc:RT:bf2:RelWorkLookup,,,,,,,
,,,dcterms:hasPart,Has Shape,,,bnode,,lc:RT:bf2:RelWorkInput,,,,,,,
,,,dcterms:hasPart,Has Shape,,,bnode,,lc:RT:bf2:RelWorkInputTitle,,,,,,,
,,,dcterms:hasPart,Has Shape,,,bnode,,lc:RT:bf2:RelWorkInputNumber,,,,,,,
lc:profile:bf2:Serial,BIBFRAME 2.0 Serial,,dcterms:hasPart,Has Shape,,,bnode,,lc:RT:bf2:Serial:Work,,,,,,,
,,,dcterms:hasPart,Has Shape,,,bnode,,lc:RT:bf2:Serial:Instance,,,,,,,
,,,dcterms:hasPart,Has Shape,,,bnode,,lc:RT:bf2:Serial:Item,,,,,,,
,,,dcterms:hasPart,Has Shape,,,bnode,,lc:RT:bf2:Serial:PubInfo,,,,,,,
,,,dcterms:hasPart,Has Shape,,,bnode,,lc:RT:bf2:Serial:Title,,,,,,,
,,,dcterms:hasPart,Has Shape,,,bnode,,lc:RT:bf2:Serial:EnumerationAndChronology,,,,,,,
,,,dcterms:hasPart,Has Shape,,,bnode,,lc:RT:bf2:Serial:Frequency,,,,,,,
,,,dcterms:hasPart,Has Shape,,,bnode,,lc:RT:bf2:Serial:PubFreq,,,,,,,
lc:profile:bf2:SeriesInformation,BIBFRAME 2.0 Series Information,,dcterms:hasPart,Has Shape,,,bnode,,lc:RT:bf2:SeriesHub,,,,,,,
,,,dcterms:hasPart,Has Shape,,,bnode,,lc:RT:bf2:SeriesHubInput,,,,,,,
,,,dcterms:hasPart,Has Shape,,,bnode,,lc:RT:bf2:SeriesHubTitle,,,,,,,
,,,dcterms:hasPart,Has Shape,,,bnode,,lc:RT:bf2:SeriesHubIssn,,,,,,,
,,,dcterms:hasPart,Has Shape,,,bnode,,lc:RT:bf2:SeriesHubLookup,,,,,,,
,,,dcterms:hasPart,Has Shape,,,bnode,,lc:RT:bf2:SeriesHubIssnCancelled,,,,,,,
lc:profile:bf2:SimpleAuthority,Test Simple Authority,,dcterms:hasPart,Has Shape,,,bnode,,lc:RT:bf2:SimpleAuthority:Authority,,,,,,,
,,,dcterms:hasPart,Has Shape,,,bnode,,lc:RT:bf2:SimpleAuthority:Variant,,,,,,,
,,,dcterms:hasPart,Has Shape,,,bnode,,lc:RT:bf2:SimpleAuthority:Variant:Source,,,,,,,
lc:profile:bf2:SoundCD,BIBFRAME 2.0 Sound Record-Audio CD,,dcterms:hasPart,Has Shape,,,bnode,,lc:RT:bf2:SoundCD:Work,,,,,,,
,,,dcterms:hasPart,Has Shape,,,bnode,,lc:RT:bf2:SoundCD:Instance,,,,,,,
,,,dcterms:hasPart,Has Shape,,,bnode,,lc:RT:bf2:SoundCD:Item,,,,,,,
lc:profile:bf2:SoundCDR,BIBFRAME 2.0 Sound Recording-Audio CD-R,,dcterms:hasPart,Has Shape,,,bnode,,lc:RT:bf2:SoundCDR:Work,,,,,,,
,,,dcterms:hasPart,Has Shape,,,bnode,,lc:RT:bf2:SoundCDR:Instance,,,,,,,
,,,dcterms:hasPart,Has Shape,,,bnode,,lc:RT:bf2:SoundCDR:Item,,,,,,,
lc:profile:bf2:SoundCassette,BIBFRAME 2.0 Sound Recording-Audio Cassette,,dcterms:hasPart,Has Shape,,,bnode,,lc:RT:bf2:SoundCassette:Work,,,,,,,
,,,dcterms:hasPart,Has Shape,,,bnode,,lc:RT:bf2:SoundCassette:Instance,,,,,,,
,,,dcterms:hasPart,Has Shape,,,bnode,,lc:RT:bf2:SoundCassette:Item,,,,,,,
,,,dcterms:hasPart,Has Shape,,,bnode,,lc:RT:bf2:SoundCassette:PlaySpeed,,,,,,,
lc:profile:bf2:Subjects,Subjects,,dcterms:hasPart,Has Shape,,,bnode,,lc:RT:bf2:Subjects:TopicS,,,,,,,
,,,dcterms:hasPart,Has Shape,,,bnode,,lc:RT:bf2:Subjects:GeogS,,,,,,,
,,,dcterms:hasPart,Has Shape,,,bnode,,lc:RT:bf2:Subjects:AgentS,,,,,,,
,,,dcterms:hasPart,Has Shape,,,bnode,,lc:RT:bf2:Subjects:CorpS,,,,,,,
,,,dcterms:hasPart,Has Shape,,,bnode,,lc:RT:bf2:Subjects:ConfS,,,,,,,
,,,dcterms:hasPart,Has Shape,,,bnode,,lc:RT:bf2:Subjects:WorkS,,,,,,,
,,,dcterms:hasPart,Has Shape,,,bnode,,lc:RT:bf2:Subjects:Simple,,,,,,,
,,,dcterms:hasPart,Has Shape,,,bnode,,lc:RT:bf2:Subjects:Complex,,,,,,,
lc:profile:bf2:Title,BIBFRAME 2.0 Title Information,,dcterms:hasPart,Has Shape,,,bnode,,lc:RT:bf2:InstanceTitle,,,,,,,
,,,dcterms:hasPart,Has Shape,,,bnode,,lc:RT:bflc:TranscribedTitle,,,,,,,
,,,dcterms:hasPart,Has Shape,,,bnode,,lc:RT:bf2:WorkTitle,,,,,,,
,,,dcterms:hasPart,Has Shape,,,bnode,,lc:RT:bf2:Title:VarTitle,,,,,,,
,,,dcterms:hasPart,Has Shape,,,bnode,,lc:RT:bf2:ParallelTitle,,,,,,,
,,,dcterms:hasPart,Has Shape,,,bnode,,lc:RT:bf2:Title:KeyTitle,,,,,,,
,,,dcterms:hasPart,Has Shape,,,bnode,,lc:RT:bf2:Title:AbbrTitle,,,,,,,
,,,dcterms:hasPart,Has Shape,,,bnode,,lc:RT:bf2:Title:AbbrTitleAgent,,,,,,,
,,,dcterms:hasPart,Has Shape,,,bnode,,lc:RT:bf2:Title:CollTitle,,,,,,,
,,,dcterms:hasPart,Has Shape,,,bnode,,lc:RT:bf2:MonographNR:InstTitle,,,,,,,
lc:profile:bf2:Topic,BIBFRAME 2.0 Topic,,dcterms:hasPart,Has Shape,,,bnode,,lc:RT:bf2:Components,,,,,,,
,,,dcterms:hasPart,Has Shape,,,bnode,,lc:RT:bf2:Topic:Place:Components,,,,,,,
,,,dcterms:hasPart,Has Shape,,,bnode,,lc:RT:bf2:Topic:madsTopic,,,,,,,
,,,dcterms:hasPart,Has Shape,,,bnode,,lc:RT:bf2:Topic:madsTopicSubdivision,,,,,,,
,,,dcterms:hasPart,Has Shape,,,bnode,,lc:RT:bf2:Topic:madsGeogHeading,,,,,,,
,,,dcterms:hasPart,Has Shape,,,bnode,,lc:RT:bf2:Topic:madsGeographic,,,,,,,
,,,dcterms:hasPart,Has Shape,,,bnode,,lc:RT:bf2:Topic:madsTemporal,,,,,,,
,,,dcterms:hasPart,Has Shape,,,bnode,,lc:RT:bf2:Topic:madsGenreForm,,,,,,,
,,,dcterms:hasPart,Has Shape,,,bnode,,lc:RT:bf2:Topic:SubjectWork,,,,,,,
,,,dcterms:hasPart,Has Shape,,,bnode,,lc:RT:bf2:Topic:Childrens:Components,,,,,,,
,,,dcterms:hasPart,Has Shape,,,bnode,,lc:RT:bf2:Topic:Childrens:Topic,,,,,,,
,,,dcterms:hasPart,Has Shape,,,bnode,,lc:RT:bf2:TopicSearch,,,,,,,
,,,dcterms:hasPart,Has Shape,,,bnode,,lc:RT:bf2:SubjectAgent,,,,,,,
,,,dcterms:hasPart,Has Shape,,,bnode,,lc:RT:bf2:Topic:SubjectNew,,,,,,,
,,,dcterms:hasPart,Has Shape,,,bnode,,lc:RT:bf2:Topic:Event,,,,,,,
lc:profile:bf2:VideoCassette,BIBFRAME 2.0 Videocassette,,dcterms:hasPart,Has Shape,,,bnode,,lc:RT:bf2:VideoCassette:Work,,,,,,,
,,,dcterms:hasPart,Has Shape,,,bnode,,lc:RT:bf2:VideoCassette:Instance,,,,,,,
,,,dcterms:hasPart,Has Shape,,,bnode,,lc:RT:bf2:VideoCassette:Item,,,,,,,
,,,dcterms:hasPart,Has Shape,,,bnode,,lc:RT:bf2:VideoCassette:Aspect,,,,,,,
,,,dcterms:hasPart,Has Shape,,,bnode,,lc:RT:bf2:VideoCassette:Event,,,,,,,
,,,dcterms:hasPart,Has Shape,,,bnode,,lc:RT:bf2:VideoCassette:Playback,,,,,,,
lc:profile:bf2:Xtras,BIBFRAME 2.0 Extra menus,,dcterms:hasPart,Has Shape,,,bnode,,lc:RT:bf2:AcqSource,,,,,,,
,,,dcterms:hasPart,Has Shape,,,bnode,,lc:RT:bf2:BroadStand,,,,,,,
,,,dcterms:hasPart,Has Shape,,,bnode,,lc:RT:bf2:Capture,,,,,,,
,,,dcterms:hasPart,Has Shape,,,bnode,,lc:RT:bf2:CaptureStorage,,,,,,,
,,,dcterms:hasPart,Has Shape,,,bnode,,lc:RT:bf2:EncFmt,,,,,,,
,,,dcterms:hasPart,Has Shape,,,bnode,,lc:RT:bf2:Extent,,,,,,,
,,,dcterms:hasPart,Has Shape,,,bnode,,lc:RT:bf2:FileSize,,,,,,,
,,,dcterms:hasPart,Has Shape,,,bnode,,lc:RT:bf2:FileType,,,,,,,
,,,dcterms:hasPart,Has Shape,,,bnode,,lc:RT:bf2:Audience,,,,,,,
,,,dcterms:hasPart,Has Shape,,,bnode,,lc:RT:bf2:Playback,,,,,,,
,,,dcterms:hasPart,Has Shape,,,bnode,,lc:RT:bf2:PlayingSpeed,,,,,,,
,,,dcterms:hasPart,Has Shape,,,bnode,,lc:RT:bf2:ProjFormat,,,,,,,
,,,dcterms:hasPart,Has Shape,,,bnode,,lc:RT:bf2:ProjSpeed,,,,,,,
,,,dcterms:hasPart,Has Shape,,,bnode,,lc:RT:bf2:RecGen,,,,,,,
,,,dcterms:hasPart,Has Shape,,,bnode,,lc:RT:bf2:RecMedium,,,,,,,
,,,dcterms:hasPart,Has Shape,,,bnode,,lc:RT:bf2:RecMedium2,,,,,,,
,,,dcterms:hasPart,Has Shape,,,bnode,,lc:RT:bf2:RegEncoding,,,,,,,
,,,dcterms:hasPart,Has Shape,,,bnode,,lc:RT:bf2:Resolution,,,,,,,
,,,dcterms:hasPart,Has Shape,,,bnode,,lc:RT:bf2:SoundContent,,,,,,,
,,,dcterms:hasPart,Has Shape,,,bnode,,lc:RT:bf2:SpecPlayback,,,,,,,
,,,dcterms:hasPart,Has Shape,,,bnode,,lc:RT:bf2:TypeRec,,,,,,,
,,,dcterms:hasPart,Has Shape,,,bnode,,lc:RT:bf2:TypeRec2,,,,,,,
,,,dcterms:hasPart,Has Shape,,,bnode,,lc:RT:bf2:URL,,,,,,,
,,,dcterms:hasPart,Has Shape,,,bnode,,lc:RT:bf2:VidFormat,,,,,,,
,,,dcterms:hasPart,Has Shape,,,bnode,,lc:RT:bf2:MOPInstrument,,,,,,,
,,,dcterms:hasPart,Has Shape,,,bnode,,lc:RT:bf2:MOPVoice,,,,,,,
,,,dcterms:hasPart,Has Shape,,,bnode,,lc:RT:bf2:MOPEnsemble,,,,,,,
,,,dcterms:hasPart,Has Shape,,,bnode,,lc:RT:bf2:MOPStatement,,,,,,,
,,,dcterms:hasPart,Has Shape,,,bnode,,lc:RT:bf2:MIBluRayDVD:EncFmt,,,,,,,
,,,dcterms:hasPart,Has Shape,,,bnode,,lc:RT:bf2:MIBluRayDVD:FileType,,,,,,,
,,,dcterms:hasPart,Has Shape,,,bnode,,lc:RT:bf2:AppliesTo,,,,,,,
lc:profile:bflc:PrimaryContribution,BIBFRAME 2.0 Agents Primary Contribution,,dcterms:hasPart,Has Shape,,,bnode,,lc:RT:bflc:Agents:PrimaryContribution,,,,,,,
startingpoint:Cartographic,Cartographic,,dcterms:hasPart,Instance,,,IRI,,lc:RT:bf2:Cartographic:Instance,http://id.loc.gov/ontologies/bibframe/Instance,picklist,,,,,
,,,dcterms:hasPart,Work,,,IRI,,lc:RT:bf2:Cartographic:Work,http://id.loc.gov/ontologies/bibframe/Work,picklist,,,,,
startingpoint:Hub,Hub,,dcterms:hasPart,Hub,,,IRI,,lc:RT:bf2:HubBasic:Hub,http://id.loc.gov/ontologies/bibframe/Hub,picklist,,,,,
startingpoint:IBC_description,IBC description,,dcterms:hasPart,Instance,,,IRI,,lc:RT:bf2:Ibc:Instance,http://id.loc.gov/ontologies/bibframe/Instance,picklist,,,,,
,,,dcterms:hasPart,Work,,,IRI,,lc:RT:bf2:Ibc:Work,http://id.loc.gov/ontologies/bibframe/Work,picklist,,,,,
startingpoint:Mixed_Materials,Mixed Materials,,dcterms:hasPart,Monograph Instance,,,IRI,,lc:RT:bf2:TestMixedMat:Print,http://id.loc.gov/ontologies/bibframe/Instance,picklist,,,,,
,,,dcterms:hasPart,Sound Recording Instance,,,IRI,,lc:RT:bf2:TestMixedMat:InstanceSR,http://id.loc.gov/ontologies/bibframe/Instance,picklist,,,,,
,,,dcterms:hasPart,Video Recording Instance,,,IRI,,lc:RT:bf2:TestMixedMat:InstanceVR,http://id.loc.gov/ontologies/bibframe/Instance,picklist,,,,,
,,,dcterms:hasPart,Work,,,IRI,,lc:RT:bf2:TestMixedMat:Work,http://id.loc.gov/ontologies/bibframe/Work,picklist,,,,,
startingpoint:Monograph,Monograph,,dcterms:hasPart,Instance,,,IRI,,lc:RT:bf2:Monograph:Instance,http://id.loc.gov/ontologies/bibframe/Instance,picklist,,,,,
,,,dcterms:hasPart,Work,,,IRI,,lc:RT:bf2:Monograph:Work,http://id.loc.gov/ontologies/bibframe/Work,picklist,,,,,
startingpoint:Monograph_Collection,Monograph Collection,,dcterms:hasPart,Instance,,,IRI,,lc:RT:bf2:MonoColl:Instance,http://id.loc.gov/ontologies/bibframe/Instance,picklist,,,,,
,,,dcterms:hasPart,Work,,,IRI,,lc:RT:bf2:MonoColl:Work,http://id.loc.gov/ontologies/bibframe/Work,picklist,,,,,
startingpoint:Moving_Image:_DVD,Moving Image: DVD,,dcterms:hasPart,Instance,,,IRI,,lc:RT:bf2:MIBluRayDVD:Instance,http://id.loc.gov/ontologies/bibframe/Instance,picklist,,,,,
,,,dcterms:hasPart,Work,,,IRI,,lc:RT:bf2:MIBluRayDVD:Work,http://id.loc.gov/ontologies/bibframe/Work,picklist,,,,,
startingpoint:Moving_Image:_Film,Moving Image: Film,,dcterms:hasPart,Instance,,,IRI,,lc:RT:bf2:35mmFeatureFilm:Instance,http://id.loc.gov/ontologies/bibframe/Instance,picklist,,,,,
,,,dcterms:hasPart,Work,,,IRI,,lc:RT:bf2:35mmFeatureFilm:Work,http://id.loc.gov/ontologies/bibframe/Work,picklist,,,,,
startingpoint:Moving_Image:_Videocassette,Moving Image: Videocassette,,dcterms:hasPart,Instance,,,IRI,,lc:RT:bf2:VideoCassette:Instance,http://id.loc.gov/ontologies/bibframe/Instance,picklist,,,,,
,,,dcterms:hasPart,Work,,,IRI,,lc:RT:bf2:VideoCassette:Work,http://id.loc.gov/ontologies/bibframe/Work,picklist,,,,,
startingpoint:Notated_Music,Notated Music,,dcterms:hasPart,Create Work,,,IRI,,lc:RT:bf2:NotatedMusic:Work,http://id.loc.gov/ontologies/bibframe/Work,picklist,,,,,
,,,dcterms:hasPart,Create Instance,,,IRI,,lc:RT:bf2:NotatedMusic:Instance,http://id.loc.gov/ontologies/bibframe/Instance,picklist,,,,,
startingpoint:Official_RDA_Monograph,Official RDA Monograph,,dcterms:hasPart,Hub,,,IRI,,lc:OfficialRDA:Monograph:Hub,http://id.loc.gov/ontologies/bibframe/Hub,picklist,,,,,
,,,dcterms:hasPart,Instance,,,IRI,,lc:RT:OfficialRDA:Monograph:Instance,http://id.loc.gov/ontologies/bibframe/Instance,picklist,,,,,
,,,dcterms:hasPart,Work,,,IRI,,lc:OfficialRDA:Monograph:Expression:Work,http://id.loc.gov/ontologies/bibframe/Work,picklist,,,,,
startingpoint:Prints_&_Photographs_test,Prints & Photographs test,,dcterms:hasPart,Instance,,,IRI,,lc:RT:bf2:PrintPhoto:Instance,http://id.loc.gov/ontologies/bibframe/Instance,picklist,,,,,
,,,dcterms:hasPart,Work,,,IRI,,lc:RT:bf2:PrintPhoto:Work,http://id.loc.gov/ontologies/bibframe/Work,picklist,,,,,
startingpoint:Rare_Materials,Rare Materials,,dcterms:hasPart,Instance,,,IRI,,lc:RT:bf2:RareMat:Instance,http://id.loc.gov/ontologies/bibframe/Instance,picklist,,,,,
,,,dcterms:hasPart,Work,,,IRI,,lc:RT:bf2:RareMat:Work,http://id.loc.gov/ontologies/bibframe/Work,picklist,,,,,
startingpoint:Serial,Serial,,dcterms:hasPart,Instance,,,IRI,,lc:RT:bf2:Serial:Instance,http://id.loc.gov/ontologies/bibframe/Instance,picklist,,,,,
,,,dcterms:hasPart,Work,,,IRI,,lc:RT:bf2:Serial:Work,http://id.loc.gov/ontologies/bibframe/Work,picklist,,,,,
startingpoint:Sound_Recording:_Analog,Sound Recording: Analog,,dcterms:hasPart,Instance,,,IRI,,lc:RT:bf2:Analog:Instance,http://id.loc.gov/ontologies/bibframe/Instance,picklist,,,,,
,,,dcterms:hasPart,Work,,,IRI,,lc:RT:bf2:Analog:Work,http://id.loc.gov/ontologies/bibframe/Work,picklist,,,,,
startingpoint:Sound_Recording:_Audio_CD,Sound Recording: Audio CD,,dcterms:hasPart,Instance,,,IRI,,lc:RT:bf2:SoundRecording:Instance,http://id.loc.gov/ontologies/bibframe/Instance,picklist,,,,,
,,,dcterms:hasPart,Work,,,IRI,,lc:RT:bf2:SoundRecording:Work,http://id.loc.gov/ontologies/bibframe/Work,picklist,,,,,
startingpoint:Sound_Recording:_Audio_CD-R,Sound Recording: Audio CD-R,,dcterms:hasPart,Instance,,,IRI,,lc:RT:bf2:SoundCDR:Instance,http://id.loc.gov/ontologies/bibframe/Instance,picklist,,,,,
,,,dcterms:hasPart,Work,,,IRI,,lc:RT:bf2:SoundCDR:Work,http://id.loc.gov/ontologies/bibframe/Work,picklist,,,,,
startingpoint:Sound_Recording:_Cassette,Sound Recording: Cassette,,dcterms:hasPart,Instance,,,IRI,,lc:RT:bf2:SoundCassette:Instance,http://id.loc.gov/ontologies/bibframe/Instance,picklist,,,,,
,,,dcterms:hasPart,Work,,,IRI,,lc:RT:bf2:SoundCassette:Work,http://id.loc.gov/ontologies/bibframe/Work,picklist,,,,,
startingpoint:index,Starting Point Index,,dcterms:hasPart,Monograph,,,,,startingpoint:Monograph,,,,,,,
,,,dcterms:hasPart,IBC description,,,,,startingpoint:IBC_description,,,,,,,
,,,dcterms:hasPart,Notated Music,,,,,startingpoint:Notated_Music,,,,,,,
,,,dcterms:hasPart,Serial,,,,,startingpoint:Serial,,,,,,,
,,,dcterms:hasPart,Cartographic,,,,,startingpoint:Cartographic,,,,,,,
,,,dcterms:hasPart,Sound Recording: Audio CD,,,,,startingpoint:Sound_Recording:_Audio_CD,,,,,,,
,,,dcterms:hasPart,Sound Recording: Audio CD-R,,,,,startingpoint:Sound_Recording:_Audio_CD-R,,,,,,,
,,,dcterms:hasPart,Sound Recording: Analog,,,,,startingpoint:Sound_Recording:_Analog,,,,,,,
,,,dcterms:hasPart,Sound Recording: Cassette,,,,,startingpoint:Sound_Recording:_Cassette,,,,,,,
,,,dcterms:hasPart,Moving Image: DVD,,,,,startingpoint:Moving_Image:_DVD,,,,,,,
,,,dcterms:hasPart,Moving Image: Videocassette,,,,,startingpoint:Moving_Image:_Videocassette,,,,,,,
,,,dcterms:hasPart,Moving Image: Film,,,,,startingpoint:Moving_Image:_Film,,,,,,,
,,,dcterms:hasPart,Mixed Materials,,,,,startingpoint:Mixed_Materials,,,,,,,
,,,dcterms:hasPart,Rare Materials,,,,,startingpoint:Rare_Materials,,,,,,,
,,,dcterms:hasPart,Monograph Collection,,,,,startingpoint:Monograph_Collection,,,,,,,
,,,dcterms:hasPart,Prints & Photographs test,,,,,startingpoint:Prints_&_Photographs_test,,,,,,,
,,,dcterms:hasPart,Hub,,,,,startingpoint:Hub,,,,,,,
,,,dcterms:hasPart,Official RDA Monograph,,,,,startingpoint:Official_RDA_Monograph,,,,,,,
test:profile:bf2:DACS,Test Manuscripts (DACS),,dcterms:hasPart,Has Shape,,,bnode,,lc:RT:bf2:DACS:Work,,,,,,,
,,,dcterms:hasPart,Has Shape,,,bnode,,lc:RT:bf2:DACS:Instance,,,,,,,
test:profile:bf2:TestMixedMat,Test Mixed Materials,,dcterms:hasPart,Has Shape,,,bnode,,lc:RT:bf2:TestMixedMat:Work,,,,,,,
,,,dcterms:hasPart,Has Shape,,,bnode,,lc:RT:bf2:TestMixedMat:Print,,,,,,,
,,,dcterms:hasPart,Has Shape,,,bnode,,lc:RT:bf2:TestMixedMat:InstanceSR,,,,,,,
,,,dcterms:hasPart,Has Shape,,,bnode,,lc:RT:bf2:TestMixedMat:InstanceVR,,,,,,,
,,,dcterms:hasPart,Has Shape,,,bnode,,lc:RT:bf2:TestMixedMat:Item,,,,,,,
test:profile:rda:monograph,Test profile for RDA Work,,dcterms:hasPart,Has Shape,,,bnode,,test:rt:rda:monograph:work,,,,,,,
test:rt:rda:monograph:work,Test RDA Work for monograph,http://www.rdaregistry.info/Elements/c/#C10001,http://rdaregistry.info/Elements/w/P10348,has colour content of representative expression,false,true,,,,http://www.rdaregistry.info/termList/RDAColourContent/,IRIstem,,,,,
,,,bf:adminMetadata,Administrative Metadata for Work,false,true,bnode,,lc:RT:bf2:AdminMetadata,,,,,,bf:AdminMetadata,
,,,http://rdaregistry.info/Elements/w/P10223,has preferred title of work (RDA 6.2.2),false,true,literal,,,,,,,,,http://access.rdatoolkit.org/6.2.2.html
,,,http://rdaregistry.info/Elements/w/P10004,has category of work (RDA 6.3)(Lookup),false,true,,,,http://id.loc.gov/authorities/genreForms | http://id.loc.gov/vocabulary/marcgt,IRIstem,,,,,http://access.rdatoolkit.org/6.3.html
,,,http://rdaregistry.info/Elements/w/P10004,has category of work (RDA 6.3)(If lookup fails: record URI if available or authorized access point),false,true,literal,,,,,,,,,http://access.rdatoolkit.org/6.3.html
,,,http://rdaregistry.info/Elements/w/P10219,has date of work (RDA 6.4),false,true,literal,,,,,,,,,http://access.rdatoolkit.org/6.4.html
,,,http://rdaregistry.info/Elements/w/P10218,has place of origin of work (RDA 6.5)(Lookup),false,true,,,,http://id.loc.gov/authorities/names | http://id.loc.gov/vocabulary/geographicAreas | http://id.loc.gov/vocabulary/countries,IRIstem,,,,http://www.rdaregistry.info/Elements/c/#C10001,http://access.rdatoolkit.org/6.5.html
,,,http://rdaregistry.info/Elements/w/P10218,has place of origin of work (RDA 6.5)(If lookup fails: record URI if available or authorized access point),false,true,literal,,,,,,,,,http://access.rdatoolkit.org/6.5.html
,,,http://rdaregistry.info/Elements/w/P10222,has nature of content (RDA 7.2)(Lookup),false,true,,,,http://rdaregistry.info/termList/RDAContentType/,IRIstem,,"text
still image","http://rdaregistry.info/termList/RDAContentType/1020
http://rdaregistry.info/termList/RDAContentType/1014",,http://access.rdatoolkit.org/7.2.html
,,,http://rdaregistry.info/Elements/w/P10222,has nature of content (RDA 7.2)(Record URI (if available) or authorized access point if lookup fails),false,true,literal,,,,,,,,,http://access.rdatoolkit.org/7.2.html
,,,http://rdaregistry.info/Elements/w/P10216,has coverage of content (RDA 7.3)(Lookup),false,true,,,,http://id.loc.gov/vocabulary/geographicAreas,IRIstem,,,,,http://access.rdatoolkit.org/7.3.html
,,,http://rdaregistry.info/Elements/w/P10216,has coverage of content (RDA 7.3)(If lookup fails: record URI if available or authorized access point),false,true,literal,,,,,,,,,http://access.rdatoolkit.org/7.3.html
,,,http://rdaregistry.info/Elements/w/P10217,has intended audience of representative expression (RDA 7.7)(Lookup),false,true,,,,http://id.loc.gov/authorities/demographicTerms | http://id.loc.gov/authorities/subjects | https://lookup.ld4l.org/authorities/search/linked_data/dbpedia_ld4l_cache,IRIstem,,,,,http://access.rdatoolkit.org/7.7.html
,,,http://rdaregistry.info/Elements/w/P10217,has intended audience of representative expression (RDA 7.7)(If lookup fails: record URI if available or authorized access point),false,true,literal,,,,,,,,,http://access.rdatoolkit.org/7.7.html
,,,http://rdaregistry.info/Elements/w/P10209,has dissertation or thesis information (RDA 7.9),false,true,literal,,,,,,,,,http://access.rdatoolkit.org/7.9.html
,,,http://rdaregistry.info/Elements/w/P10077,has academic degree (RDA 7.9.2),false,true,literal,,,,,,,,,http://access.rdatoolkit.org/7.9.2.html
,,,http://rdaregistry.info/Elements/w/P10215,has year degree granted (RDA 7.9.4),false,true,literal,,,,,,,,,http://access.rdatoolkit.org/7.9.4.html
,,,http://rdaregistry.info/Elements/w/P10093,has illustrations work (RDA 24.5),false,true,,,,http://id.loc.gov/vocabulary/millus/,IRIstem,,,,,http://access.rdatoolkit.org/24.5.html
,,,http://rdaregistry.info/Elements/w/P10330,has note on work (RDA 5.9),false,true,literal,,,,,,,,,
,,,http://rdaregistry.info/Elements/w/P10366,has ISSN,false,true,literal,,,,,,,,,
,,,http://rdaregistry.info/Elements/w/P10080,has subseries (RDA 24.5),false,true,,,,,,,,,,http://access.rdatoolkit.org/24.5.html
,,,http://rdaregistry.info/Elements/w/P10101,is subseries of (RDA 24.5),false,true,,,,,,,,,,http://access.rdatoolkit.org/24.5.html
,,,http://rdaregistry.info/Elements/w/P10202,has sculptor agent (RDA 18.5)(Lookup),false,true,,,,https://lookup.ld4l.org/authorities/search/linked_data/dbpedia_ld4l_cache | http://id.loc.gov/authorities/names,IRIstem,,,,,http://access.rdatoolkit.org/18.5.html
,,,http://rdaregistry.info/Elements/w/P10202,has sculptor agent (RDA 18.5)(If lookup fails: record URI if available or authorized access point),false,true,literal,,,,,,,,,http://access.rdatoolkit.org/18.5.html
,,,http://rdaregistry.info/Elements/w/P10065,has creator agent of work (RDA 19.2)(Lookup),false,true,,,,https://lookup.ld4l.org/authorities/search/linked_data/dbpedia_ld4l_cache | http://id.loc.gov/authorities/names,IRIstem,,,,,http://access.rdatoolkit.org/19.2.html
,,,http://rdaregistry.info/Elements/w/P10065,has creator agent of work (RDA 19.2)(If lookup fails: record URI if available or authorized access point),false,true,literal,,,,,,,,,http://access.rdatoolkit.org/19.2.html
,,,http://rdaregistry.info/Elements/w/P10062,has architect agent (RDA 18.5)(Lookup),false,true,,,,https://lookup.ld4l.org/authorities/search/linked_data/dbpedia_ld4l_cache | http://id.loc.gov/authorities/names,IRIstem,,,,,http://access.rdatoolkit.org/18.5.html
,,,http://rdaregistry.info/Elements/w/P10062,has architect agent (RDA 18.5)(If lookup fails: record URI if available or authorized access point),false,true,literal,,,,,,,,,http://access.rdatoolkit.org/18.5.html
,,,http://rdaregistry.info/Elements/w/P10200,has landscape architect agent (RDA 18.5) (Lookup),false,true,,,,https://lookup.ld4l.org/authorities/search/linked_data/dbpedia_ld4l_cache | http://id.loc.gov/authorities/names,IRIstem,,,,,http://access.rdatoolkit.org/18.5.html
,,,http://rdaregistry.info/Elements/w/P10200,has landscape architect agent (RDA 18.5)(If lookup fails: record URI if available or authorized access point),false,true,literal,,,,,,,,,http://access.rdatoolkit.org/18.5.html
,,,http://rdaregistry.info/Elements/w/P10058,has artist agent (RDA 18.5) (Lookup),false,true,,,,https://lookup.ld4l.org/authorities/search/linked_data/dbpedia_ld4l_cache | http://id.loc.gov/authorities/names,IRIstem,,,,,http://access.rdatoolkit.org/18.5.html
,,,http://rdaregistry.info/Elements/w/P10058,has artist agent (RDA 18.5) (If lookup fails: record URI if available or authorized access point),false,true,literal,,,,,,,,,http://access.rdatoolkit.org/18.5.html
,,,http://rdaregistry.info/Elements/w/P10254,has book artist agent (RDA 18.5)(Lookup),false,true,,,,https://lookup.ld4l.org/authorities/search/linked_data/dbpedia_ld4l_cache | http://id.loc.gov/authorities/names,IRIstem,,,,,http://access.rdatoolkit.org/18.5.html
,,,http://rdaregistry.info/Elements/w/P10254,has book artist agent (RDA 18.5)(If lookup fails: record URI if available or authorized access point),false,true,literal,,,,,,,,,http://access.rdatoolkit.org/18.5.html
,,,http://rdaregistry.info/Elements/w/P10253,has calligrapher agent (RDA 18.5)(Lookup),false,true,,,,https://lookup.ld4l.org/authorities/search/linked_data/dbpedia_ld4l_cache | http://id.loc.gov/authorities/names,IRIstem,,,,,http://access.rdatoolkit.org/18.5.html
,,,http://rdaregistry.info/Elements/w/P10253,has calligrapher agent (RDA 18.5)(If lookup fails: record URI if available or authorized access point),false,true,literal,,,,,,,,,http://access.rdatoolkit.org/18.5.html
,,,http://rdaregistry.info/Elements/w/P10061,has author agent (RDA 18.5)(Lookup),false,true,,,,http://id.loc.gov/authorities/names,IRIstem,,,,,http://access.rdatoolkit.org/18.5.html
,,,http://rdaregistry.info/Elements/w/P10061,has author agent (RDA 18.5)(If lookup fails: record URI if available or authorized access point),false,true,literal,,,,,,,,,http://access.rdatoolkit.org/18.5.html
,,,http://rdaregistry.info/Elements/w/P10205,has librettist agent (RDA 18.5)(Lookup),false,true,,,,https://lookup.ld4l.org/authorities/search/linked_data/dbpedia_ld4l_cache | http://id.loc.gov/authorities/names,IRIstem,,,,,http://access.rdatoolkit.org/18.5.html
,,,http://rdaregistry.info/Elements/w/P10205,has librettist agent (RDA 18.5)(If lookup fails: record URI if available or authorized access point),false,true,literal,,,,,,,,,http://access.rdatoolkit.org/18.5.html
,,,http://rdaregistry.info/Elements/w/P10204,has lyricist agent (RDA 18.5)(Lookup),false,true,,,,https://lookup.ld4l.org/authorities/search/linked_data/dbpedia_ld4l_cache | http://id.loc.gov/authorities/names,IRIstem,,,,,http://access.rdatoolkit.org/18.5.html
,,,http://rdaregistry.info/Elements/w/P10204,has lyricist agent (RDA 18.5)(If lookup fails: record URI if available or authorized access point),false,true,literal,,,,,,,,,http://access.rdatoolkit.org/18.5.html
,,,http://rdaregistry.info/Elements/w/P10255,has rapporteur agent (RDA 18.5)(Lookup),false,true,,,,https://lookup.ld4l.org/authorities/search/linked_data/dbpedia_ld4l_cache | http://id.loc.gov/authorities/names,IRIstem,,,,,http://access.rdatoolkit.org/18.5.html
,,,http://rdaregistry.info/Elements/w/P10255,has rapporteur agent (RDA 18.5)(If lookup fails: record URI if available or authorized access point),false,true,literal,,,,,,,,,http://access.rdatoolkit.org/18.5.html
,,,http://rdaregistry.info/Elements/w/P10203,has screenwriter agent (RDA 18.5)(Lookup),false,true,,,,https://lookup.ld4l.org/authorities/search/linked_data/dbpedia_ld4l_cache | http://id.loc.gov/authorities/names,IRIstem,,,,,http://access.rdatoolkit.org/18.5.html
,,,http://rdaregistry.info/Elements/w/P10203,has screenwriter agent (RDA 18.5)(If lookup fails: record URI if available or authorized access point),false,true,literal,,,,,,,,,http://access.rdatoolkit.org/18.5.html
,,,http://rdaregistry.info/Elements/w/P10052,has cartographer agent of work (RDA 18.5)(Lookup),false,true,,,,https://lookup.ld4l.org/authorities/search/linked_data/dbpedia_ld4l_cache | http://id.loc.gov/authorities/names,IRIstem,,,,,http://access.rdatoolkit.org/18.5.html
,,,http://rdaregistry.info/Elements/w/P10052,has cartographer agent of work (RDA 18.5)(If lookup fails: record URI if available or authorized access point),false,true,literal,,,,,,,,,http://access.rdatoolkit.org/18.5.html
,,,http://rdaregistry.info/Elements/w/P10060,has choreographer agent (RDA 18.5)(Lookup),false,true,,,,https://lookup.ld4l.org/authorities/search/linked_data/dbpedia_ld4l_cache | http://id.loc.gov/authorities/names,IRIstem,,,,,http://access.rdatoolkit.org/18.5.html
,,,http://rdaregistry.info/Elements/w/P10060,has choreographer agent (RDA 18.5)(If lookup fails: record URI if available or authorized access point),false,true,literal,,,,,,,,,http://access.rdatoolkit.org/18.5.html
,,,http://rdaregistry.info/Elements/w/P10055,has compiler agent (RDA 18.5)(Lookup),false,true,,,,https://lookup.ld4l.org/authorities/search/linked_data/dbpedia_ld4l_cache | http://id.loc.gov/authorities/names,IRIstem,,,,,http://access.rdatoolkit.org/18.5.html
,,,http://rdaregistry.info/Elements/w/P10055,has compiler agent (RDA 18.5)(If lookup fails: record URI if available or authorized access point),false,true,literal,,,,,,,,,http://access.rdatoolkit.org/18.5.html
,,,http://rdaregistry.info/Elements/w/P10053,has composer agent of work (RDA 18.5)(Lookup),false,true,,,,https://lookup.ld4l.org/authorities/search/linked_data/dbpedia_ld4l_cache | http://id.loc.gov/authorities/names,IRIstem,,,,,http://access.rdatoolkit.org/18.5.html
,,,http://rdaregistry.info/Elements/w/P10053,has composer agent of work (RDA 18.5)(If lookup fails: record URI if available or authorized access point),false,true,literal,,,,,,,,,http://access.rdatoolkit.org/18.5.html
,,,http://rdaregistry.info/Elements/w/P10051,has designer agent (RDA 18.5)(Lookup),false,true,,,,https://lookup.ld4l.org/authorities/search/linked_data/dbpedia_ld4l_cache | http://id.loc.gov/authorities/names,IRIstem,,,,,http://access.rdatoolkit.org/18.5.html
,,,http://rdaregistry.info/Elements/w/P10051,has designer agent (RDA 18.5)(If lookup fails: record URI if available or authorized access point),false,true,literal,,,,,,,,,http://access.rdatoolkit.org/18.5.html
,,,http://rdaregistry.info/Elements/w/P10017,has enacting jurisdiction (RDA 18.5)(Lookup),false,true,,,,https://lookup.ld4l.org/authorities/search/linked_data/dbpedia_ld4l_cache | http://id.loc.gov/authorities/names,IRIstem,,,,,http://access.rdatoolkit.org/18.5.html
,,,http://rdaregistry.info/Elements/w/P10017,has enacting jurisdiction (RDA 18.5)(If lookup fails: record URI if available or authorized access point),false,true,literal,,,,,,,,,http://access.rdatoolkit.org/18.5.html
,,,http://rdaregistry.info/Elements/w/P10059,has interviewee agent of work (RDA 18.5)(Lookup),false,true,,,,https://lookup.ld4l.org/authorities/search/linked_data/dbpedia_ld4l_cache | http://id.loc.gov/authorities/names,IRIstem,,,,,http://access.rdatoolkit.org/18.5.html
,,,http://rdaregistry.info/Elements/w/P10059,has interviewee agent of work (RDA 18.5)(If lookup fails: record URI if available or authorized access point),false,true,literal,,,,,,,,,http://access.rdatoolkit.org/18.5.html
,,,http://rdaregistry.info/Elements/w/P10057,has interviewer agent of work (RDA 18.5)(Lookup),false,true,,,,https://lookup.ld4l.org/authorities/search/linked_data/dbpedia_ld4l_cache | http://id.loc.gov/authorities/names,IRIstem,,,,,http://access.rdatoolkit.org/18.5.html
,,,http://rdaregistry.info/Elements/w/P10057,has interviewer agent of work (RDA 18.5)(If lookup fails: record URI if available or authorized access point),false,true,literal,,,,,,,,,http://access.rdatoolkit.org/18.5.html
,,,http://rdaregistry.info/Elements/w/P10054,has inventor agent (RDA 18.5)(Lookup),false,true,,,,https://lookup.ld4l.org/authorities/search/linked_data/dbpedia_ld4l_cache | http://id.loc.gov/authorities/names,IRIstem,,,,,http://access.rdatoolkit.org/18.5.html
,,,http://rdaregistry.info/Elements/w/P10054,has inventor agent (RDA 18.5)(If lookup fails: record URI if available or authorized access point),false,true,literal,,,,,,,,,http://access.rdatoolkit.org/18.5.html
,,,http://rdaregistry.info/Elements/w/P10056,has photographer agent of work (RDA 18.5)(Lookup),false,true,,,,https://lookup.ld4l.org/authorities/search/linked_data/dbpedia_ld4l_cache | http://id.loc.gov/authorities/names,IRIstem,,,,,http://access.rdatoolkit.org/18.5.html
,,,http://rdaregistry.info/Elements/w/P10056,has photographer agent of work (RDA 18.5)(If lookup fails: record URI if available or authorized access point),false,true,literal,,,,,,,,,http://access.rdatoolkit.org/18.5.html
,,,http://rdaregistry.info/Elements/w/P10045,has praeses (RDA 18.5)(Lookup),false,true,,,,https://lookup.ld4l.org/authorities/search/linked_data/dbpedia_ld4l_cache | http://id.loc.gov/authorities/names,IRIstem,,,,,http://access.rdatoolkit.org/18.5.html
,,,http://rdaregistry.info/Elements/w/P10045,has praeses (RDA 18.5)(If lookup fails: record URI if available or authorized access point),false,true,literal,,,,,,,,,http://access.rdatoolkit.org/18.5.html
,,,http://rdaregistry.info/Elements/w/P10050,has programmer agent (RDA 18.5)(Lookup),false,true,,,,https://lookup.ld4l.org/authorities/search/linked_data/dbpedia_ld4l_cache | http://id.loc.gov/authorities/names,IRIstem,,,,,http://access.rdatoolkit.org/18.5.html
,,,http://rdaregistry.info/Elements/w/P10050,has programmer agent (RDA 18.5)(If lookup fails: record URI if available or authorized access point),false,true,literal,,,,,,,,,http://access.rdatoolkit.org/18.5.html
,,,http://rdaregistry.info/Elements/w/P10306,has remix artist agent (RDA 18.5)(Lookup),false,true,,,,https://lookup.ld4l.org/authorities/search/linked_data/dbpedia_ld4l_cache | http://id.loc.gov/authorities/names,IRIstem,,,,,http://access.rdatoolkit.org/18.5.html
,,,http://rdaregistry.info/Elements/w/P10306,has remix artist agent (RDA 18.5)(If lookup fails: record URI if available or authorized access point),false,true,literal,,,,,,,,,http://access.rdatoolkit.org/18.5.html
,,,http://rdaregistry.info/Elements/w/P10001,has respondent (RDA 18.5)(Lookup),false,true,,,,https://lookup.ld4l.org/authorities/search/linked_data/dbpedia_ld4l_cache | http://id.loc.gov/authorities/names,IRIstem,,,,,http://access.rdatoolkit.org/18.5.html
,,,http://rdaregistry.info/Elements/w/P10001,has respondent (RDA 18.5)(If lookup fails: record URI if available or authorized access point),false,true,literal,,,,,,,,,http://access.rdatoolkit.org/18.5.html
,,,http://rdaregistry.info/Elements/w/P10070,has addressee agent (RDA 19.3)(Lookup),false,true,,,,https://lookup.ld4l.org/authorities/search/linked_data/dbpedia_ld4l_cache | http://id.loc.gov/authorities/names,IRIstem,,,,,
,,,http://rdaregistry.info/Elements/w/P10070,has addressee agent (RDA 19.3)(If lookup fails: record URI if available or authorized access point),false,true,literal,,,,,,,,,
,,,http://rdaregistry.info/Elements/w/P10042,has appellant person (RDA 18.5)(Lookup),false,true,,,,https://lookup.ld4l.org/authorities/search/linked_data/dbpedia_ld4l_cache | http://id.loc.gov/authorities/names,IRIstem,,,,,http://access.rdatoolkit.org/18.5.html
,,,http://rdaregistry.info/Elements/w/P10042,has appellant person (RDA 18.5)(If lookup fails: record URI if available or authorized access point),false,true,literal,,,,,,,,,http://access.rdatoolkit.org/18.5.html
,,,http://rdaregistry.info/Elements/w/P10035,has appellee person (RDA 18.5)(Lookup),false,true,,,,https://lookup.ld4l.org/authorities/search/linked_data/dbpedia_ld4l_cache | http://id.loc.gov/authorities/names,IRIstem,,,,,http://access.rdatoolkit.org/18.5.html
,,,http://rdaregistry.info/Elements/w/P10035,has appellee person (RDA 18.5)(If lookup fails: record URI if available or authorized access point),false,true,literal,,,,,,,,,http://access.rdatoolkit.org/18.5.html
,,,http://rdaregistry.info/Elements/w/P10005,has appellee corporate body (RDA 18.5)(Lookup),false,true,,,,https://lookup.ld4l.org/authorities/search/linked_data/dbpedia_ld4l_cache | http://id.loc.gov/authorities/names,IRIstem,,,,,http://access.rdatoolkit.org/18.5.html
,,,http://rdaregistry.info/Elements/w/P10005,has appellee corporate body (RDA 18.5)(If lookup fails: record URI if available or authorized access point),false,true,literal,,,,,,,,,http://access.rdatoolkit.org/18.5.html
,,,http://rdaregistry.info/Elements/w/P10305,has casting director agent (RDA 18.5)(Lookup),false,true,,,,https://lookup.ld4l.org/authorities/search/linked_data/dbpedia_ld4l_cache | http://id.loc.gov/authorities/names,IRIstem,,,,,http://access.rdatoolkit.org/18.5.html
,,,http://rdaregistry.info/Elements/w/P10305,has casting director agent (RDA 18.5)(If lookup fails: record URI if available or authorized access point),false,true,literal,,,,,,,,,http://access.rdatoolkit.org/18.5.html
,,,http://rdaregistry.info/Elements/w/P10287,has commissioning body agent (RDA 18.5)(Lookup),false,true,,,,https://lookup.ld4l.org/authorities/search/linked_data/dbpedia_ld4l_cache | http://id.loc.gov/authorities/names,IRIstem,,,,,http://access.rdatoolkit.org/18.5.html
,,,http://rdaregistry.info/Elements/w/P10287,has commissioning body agent (RDA 18.5)(If lookup fails: record URI if available or authorized access point),false,true,literal,,,,,,,,,http://access.rdatoolkit.org/18.5.html
,,,http://rdaregistry.info/Elements/w/P10071,has consultant agent (RDA 18.5)(Lookup),false,true,,,,https://lookup.ld4l.org/authorities/search/linked_data/dbpedia_ld4l_cache | http://id.loc.gov/authorities/names,IRIstem,,,,,http://access.rdatoolkit.org/18.5.html
,,,http://rdaregistry.info/Elements/w/P10071,has consultant agent (RDA 18.5)(If lookup fails: record URI if available or authorized access point),false,true,literal,,,,,,,,,http://access.rdatoolkit.org/18.5.html
,,,http://rdaregistry.info/Elements/w/P10011,has court governed (RDA 18.5)(Lookup),false,true,,,,https://lookup.ld4l.org/authorities/search/linked_data/dbpedia_ld4l_cache | http://id.loc.gov/authorities/names,IRIstem,,,,,http://access.rdatoolkit.org/18.5.html
,,,http://rdaregistry.info/Elements/w/P10011,has court governed (RDA 18.5)(If lookup fails: record URI if available or authorized access point),false,true,literal,,,,,,,,,http://access.rdatoolkit.org/18.5.html
,,,http://rdaregistry.info/Elements/w/P10069,has dedicatee agent of work (RDA 18.5)(Lookup),false,true,,,,https://lookup.ld4l.org/authorities/search/linked_data/dbpedia_ld4l_cache | http://id.loc.gov/authorities/names,IRIstem,,,,,http://access.rdatoolkit.org/18.5.html
,,,http://rdaregistry.info/Elements/w/P10069,has dedicatee agent of work (RDA 18.5)(If lookup fails: record URI if available or authorized access point),false,true,literal,,,,,,,,,http://access.rdatoolkit.org/18.5.html
,,,http://rdaregistry.info/Elements/w/P10048,has dedicator agent (RDA 18.5)(Lookup),false,true,,,,https://lookup.ld4l.org/authorities/search/linked_data/dbpedia_ld4l_cache | http://id.loc.gov/authorities/names,IRIstem,,,,,http://access.rdatoolkit.org/18.5.html
,,,http://rdaregistry.info/Elements/w/P10048,has dedicator agent (RDA 18.5)(If lookup fails: record URI if available or authorized access point),false,true,literal,,,,,,,,,http://access.rdatoolkit.org/18.5.html
,,,http://rdaregistry.info/Elements/w/P10285,has defendant corporate body (RDA 18.5)(Lookup),false,true,,,,https://lookup.ld4l.org/authorities/search/linked_data/dbpedia_ld4l_cache | http://id.loc.gov/authorities/names,IRIstem,,,,,http://access.rdatoolkit.org/18.5.html
,,,http://rdaregistry.info/Elements/w/P10285,has defendant corporate body (RDA 18.5)(If lookup fails: record URI if available or authorized access point),false,true,literal,,,,,,,,,http://access.rdatoolkit.org/18.5.html
,,,http://rdaregistry.info/Elements/w/P10286,has defendant person (RDA 18.5)(Lookup),false,true,,,,https://lookup.ld4l.org/authorities/search/linked_data/dbpedia_ld4l_cache | http://id.loc.gov/authorities/names,IRIstem,,,,,http://access.rdatoolkit.org/18.5.html
,,,http://rdaregistry.info/Elements/w/P10286,has defendant person (RDA 18.5)(If lookup fails: record URI if available or authorized access point),false,true,literal,,,,,,,,,http://access.rdatoolkit.org/18.5.html
,,,http://rdaregistry.info/Elements/w/P10284,has degree committee member (RDA 18.5)(Lookup),false,true,,,,https://lookup.ld4l.org/authorities/search/linked_data/dbpedia_ld4l_cache | http://id.loc.gov/authorities/names,IRIstem,,,,,http://access.rdatoolkit.org/18.5.html
,,,http://rdaregistry.info/Elements/w/P10284,has degree committee member (RDA 18.5)(If lookup fails: record URI if available or authorized access point),false,true,literal,,,,,,,,,http://access.rdatoolkit.org/18.5.html
,,,http://rdaregistry.info/Elements/w/P10006,has degree granting institution (RDA 18.5)(Lookup),false,true,,,,https://lookup.ld4l.org/authorities/search/linked_data/dbpedia_ld4l_cache | http://id.loc.gov/authorities/names,IRIstem,,,,,http://access.rdatoolkit.org/18.5.html
,,,http://rdaregistry.info/Elements/w/P10006,has degree granting institution (RDA 18.5)(If lookup fails: record URI if available or authorized access point),false,true,literal,,,,,,,,,http://access.rdatoolkit.org/18.5.html
,,,http://rdaregistry.info/Elements/w/P10041,has degree supervisor (RDA 18.5)(Lookup),false,true,,,,https://lookup.ld4l.org/authorities/search/linked_data/dbpedia_ld4l_cache | http://id.loc.gov/authorities/names,IRIstem,,,,,http://access.rdatoolkit.org/18.5.html
,,,http://rdaregistry.info/Elements/w/P10041,has degree supervisor (RDA 18.5)(If lookup fails: record URI if available or authorized access point),false,true,literal,,,,,,,,,http://access.rdatoolkit.org/18.5.html
,,,http://rdaregistry.info/Elements/w/P10066,has director agent (RDA 18.5)(Lookup),false,true,,,,https://lookup.ld4l.org/authorities/search/linked_data/dbpedia_ld4l_cache | http://id.loc.gov/authorities/names,IRIstem,,,,,http://access.rdatoolkit.org/18.5.html
,,,http://rdaregistry.info/Elements/w/P10066,has director agent (RDA 18.5)(If lookup fails: record URI if available or authorized access point),false,true,literal,,,,,,,,,http://access.rdatoolkit.org/18.5.html
,,,http://rdaregistry.info/Elements/w/P10013,has film director agent (RDA 18.5)(Lookup),false,true,,,,https://lookup.ld4l.org/authorities/search/linked_data/dbpedia_ld4l_cache | http://id.loc.gov/authorities/names,IRIstem,,,,,http://access.rdatoolkit.org/18.5.html
,,,http://rdaregistry.info/Elements/w/P10013,has film director agent (RDA 18.5)(If lookup fails: record URI if available or authorized access point),false,true,literal,,,,,,,,,http://access.rdatoolkit.org/18.5.html
,,,http://rdaregistry.info/Elements/w/P10014,has radio director agent (RDA 18.5)(Lookup),false,true,,,,https://lookup.ld4l.org/authorities/search/linked_data/dbpedia_ld4l_cache | http://id.loc.gov/authorities/names,IRIstem,,,,,http://access.rdatoolkit.org/18.5.html
,,,http://rdaregistry.info/Elements/w/P10014,has radio director agent (RDA 18.5)(If lookup fails: record URI if available or authorized access point),false,true,literal,,,,,,,,,http://access.rdatoolkit.org/18.5.html
,,,http://rdaregistry.info/Elements/w/P10015,has television director agent (RDA 18.5)(Lookup),false,true,,,,https://lookup.ld4l.org/authorities/search/linked_data/dbpedia_ld4l_cache | http://id.loc.gov/authorities/names,IRIstem,,,,,http://access.rdatoolkit.org/18.5.html
,,,http://rdaregistry.info/Elements/w/P10015,has television director agent (RDA 18.5)(If lookup fails: record URI if available or authorized access point),false,true,literal,,,,,,,,,http://access.rdatoolkit.org/18.5.html
,,,http://rdaregistry.info/Elements/w/P10068,has director agent of photography (RDA 18.5)(Lookup),false,true,,,,https://lookup.ld4l.org/authorities/search/linked_data/dbpedia_ld4l_cache | http://id.loc.gov/authorities/names,IRIstem,,,,,http://access.rdatoolkit.org/18.5.html
,,,http://rdaregistry.info/Elements/w/P10068,has director agent of photography (RDA 18.5)(If lookup fails: record URI if available or authorized access point),false,true,literal,,,,,,,,,http://access.rdatoolkit.org/18.5.html
,,,http://rdaregistry.info/Elements/w/P10298,has editorial director agent (RDA 18.5)(Lookup),false,true,,,,https://lookup.ld4l.org/authorities/search/linked_data/dbpedia_ld4l_cache | http://id.loc.gov/authorities/names,IRIstem,,,,,http://access.rdatoolkit.org/18.5.html
,,,http://rdaregistry.info/Elements/w/P10298,has editorial director agent (RDA 18.5)(If lookup fails: record URI if available or authorized access point),false,true,literal,,,,,,,,,http://access.rdatoolkit.org/18.5.html
,,,http://rdaregistry.info/Elements/w/P10049,has honouree agent of work (RDA 18.5)(Lookup),false,true,,,,https://lookup.ld4l.org/authorities/search/linked_data/dbpedia_ld4l_cache | http://id.loc.gov/authorities/names,IRIstem,,,,,http://access.rdatoolkit.org/18.5.html
,,,http://rdaregistry.info/Elements/w/P10049,has honouree agent of work (RDA 18.5)(If lookup fails: record URI if available or authorized access point),false,true,literal,,,,,,,,,http://access.rdatoolkit.org/18.5.html
,,,http://rdaregistry.info/Elements/w/P10007,has hosting institution (RDA 18.5)(Lookup),false,true,,,,https://lookup.ld4l.org/authorities/search/linked_data/dbpedia_ld4l_cache | http://id.loc.gov/authorities/names,IRIstem,,,,,http://access.rdatoolkit.org/18.5.html
,,,http://rdaregistry.info/Elements/w/P10007,has hosting institution (RDA 18.5)(If lookup fails: record URI if available or authorized access point),false,true,literal,,,,,,,,,http://access.rdatoolkit.org/18.5.html
,,,http://rdaregistry.info/Elements/w/P10046,has issuing body agent (RDA 18.5)(Lookup),false,true,,,,https://lookup.ld4l.org/authorities/search/linked_data/dbpedia_ld4l_cache | http://id.loc.gov/authorities/names,IRIstem,,,,,http://access.rdatoolkit.org/18.5.html
,,,http://rdaregistry.info/Elements/w/P10046,has issuing body agent (RDA 18.5)(If lookup fails: record URI if available or authorized access point),false,true,literal,,,,,,,,,http://access.rdatoolkit.org/18.5.html
,,,http://rdaregistry.info/Elements/w/P10044,has judge (RDA 18.5)(Lookup),false,true,,,,https://lookup.ld4l.org/authorities/search/linked_data/dbpedia_ld4l_cache | http://id.loc.gov/authorities/names,IRIstem,,,,,http://access.rdatoolkit.org/18.5.html
,,,http://rdaregistry.info/Elements/w/P10044,has judge (RDA 18.5)(If lookup fails: record URI if available or authorized access point),false,true,literal,,,,,,,,,http://access.rdatoolkit.org/18.5.html
,,,http://rdaregistry.info/Elements/w/P10036,has medium (RDA 18.5)(Lookup),false,true,,,,https://lookup.ld4l.org/authorities/search/linked_data/dbpedia_ld4l_cache | http://id.loc.gov/authorities/names,IRIstem,,,,,http://access.rdatoolkit.org/18.5.html
,,,http://rdaregistry.info/Elements/w/P10036,has medium (RDA 18.5)(If lookup fails: record URI if available or authorized access point),false,true,literal,,,,,,,,,http://access.rdatoolkit.org/18.5.html
,,,http://rdaregistry.info/Elements/w/P10297,has organizer agent (RDA 18.5)(Lookup),false,true,,,,https://lookup.ld4l.org/authorities/search/linked_data/dbpedia_ld4l_cache | http://id.loc.gov/authorities/names,IRIstem,,,,,http://access.rdatoolkit.org/18.5.html
,,,http://rdaregistry.info/Elements/w/P10297,has organizer agent (RDA 18.5)(Lookup),false,true,literal,,,,,,,,,http://access.rdatoolkit.org/18.5.html
,,,http://rdaregistry.info/Elements/w/P10292,has participant in treaty (RDA 18.5)(Lookup),false,true,,,,https://lookup.ld4l.org/authorities/search/linked_data/dbpedia_ld4l_cache | http://id.loc.gov/authorities/names,IRIstem,,,,,http://access.rdatoolkit.org/18.5.html
,,,http://rdaregistry.info/Elements/w/P10292,has participant in treaty (RDA 18.5)(If lookup fails: record URI if available or authorized access point),false,true,literal,,,,,,,,,http://access.rdatoolkit.org/18.5.html
,,,http://rdaregistry.info/Elements/w/P10043,has plaintiff person (RDA 18.5)(Lookup),,true,,,,https://lookup.ld4l.org/authorities/search/linked_data/dbpedia_ld4l_cache | http://id.loc.gov/authorities/names,IRIstem,,,,,http://access.rdatoolkit.org/18.5.html
,,,http://rdaregistry.info/Elements/w/P10043,has plaintiff person (RDA 18.5)(If lookup fails: record URI if available or authorized access point),,true,literal,,,,,,,,,http://access.rdatoolkit.org/18.5.html
,,,http://rdaregistry.info/Elements/w/P10010,has plaintiff corporate body (RDA 18.5)(Lookup),false,true,,,,https://lookup.ld4l.org/authorities/search/linked_data/dbpedia_ld4l_cache | http://id.loc.gov/authorities/names,IRIstem,,,,,http://access.rdatoolkit.org/18.5.html
,,,http://rdaregistry.info/Elements/w/P10010,has plaintiff corporate body (RDA 18.5)(If lookup fails: record URI if available or authorized access point),false,true,literal,,,,,,,,,http://access.rdatoolkit.org/18.5.html
,,,http://rdaregistry.info/Elements/w/P10064,has producer agent (RDA 18.5)(Lookup),false,true,,,,https://lookup.ld4l.org/authorities/search/linked_data/dbpedia_ld4l_cache | http://id.loc.gov/authorities/names,IRIstem,,,,,http://access.rdatoolkit.org/18.5.html
,,,http://rdaregistry.info/Elements/w/P10064,has producer agent (RDA 18.5)(If lookup fails: record URI if available or authorized access point),false,true,literal,,,,,,,,,http://access.rdatoolkit.org/18.5.html
,,,http://rdaregistry.info/Elements/w/P10304,has audio producer agent (RDA 18.5)(Lookup),false,true,,,,https://lookup.ld4l.org/authorities/search/linked_data/dbpedia_ld4l_cache | http://id.loc.gov/authorities/names,IRIstem,,,,,http://access.rdatoolkit.org/18.5.html
,,,http://rdaregistry.info/Elements/w/P10304,has audio producer agent (RDA 18.5)(If lookup fails: record URI if available or authorized access point),false,true,literal,,,,,,,,,http://access.rdatoolkit.org/18.5.html
,,,http://rdaregistry.info/Elements/w/P10073,has film producer agent (RDA 18.5)(Lookup),false,true,,,,https://lookup.ld4l.org/authorities/search/linked_data/dbpedia_ld4l_cache | http://id.loc.gov/authorities/names,IRIstem,,,,,http://access.rdatoolkit.org/18.5.html
,,,http://rdaregistry.info/Elements/w/P10073,has film producer agent (RDA 18.5)(If lookup fails: record URI if available or authorized access point),false,true,literal,,,,,,,,,http://access.rdatoolkit.org/18.5.html
,,,http://rdaregistry.info/Elements/w/P10074,has radio producer agent (RDA 18.5)(Lookup),false,true,,,,https://lookup.ld4l.org/authorities/search/linked_data/dbpedia_ld4l_cache | http://id.loc.gov/authorities/names,IRIstem,,,,,http://access.rdatoolkit.org/18.5.html
,,,http://rdaregistry.info/Elements/w/P10074,has radio producer agent (RDA 18.5)(If lookup fails: record URI if available or authorized access point),false,true,literal,,,,,,,,,http://access.rdatoolkit.org/18.5.html
,,,http://rdaregistry.info/Elements/w/P10075,has television producer agent (RDA 18.5)(Lookup),false,true,,,,https://lookup.ld4l.org/authorities/search/linked_data/dbpedia_ld4l_cache | http://id.loc.gov/authorities/names,IRIstem,,,,,http://access.rdatoolkit.org/18.5.html
,,,http://rdaregistry.info/Elements/w/P10075,has television producer agent (RDA 18.5)(If lookup fails: record URI if available or authorized access point),false,true,literal,,,,,,,,,http://access.rdatoolkit.org/18.5.html
,,,http://rdaregistry.info/Elements/w/P10008,has production company (RDA 18.5)(Lookup),false,true,,,,https://lookup.ld4l.org/authorities/search/linked_data/dbpedia_ld4l_cache | http://id.loc.gov/authorities/names,IRIstem,,,,,http://access.rdatoolkit.org/18.5.html
,,,http://rdaregistry.info/Elements/w/P10008,has production company (RDA 18.5)(If lookup fails: record URI if available or authorized access point),false,true,literal,,,,,,,,,http://access.rdatoolkit.org/18.5.html
,,,http://rdaregistry.info/Elements/w/P10293,has researcher agent (RDA 18.5)(Lookup),false,true,,,,https://lookup.ld4l.org/authorities/search/linked_data/dbpedia_ld4l_cache | http://id.loc.gov/authorities/names,IRIstem,,,,,http://access.rdatoolkit.org/18.5.html
,,,http://rdaregistry.info/Elements/w/P10293,has researcher agent (RDA 18.5)(If lookup fails: record URI if available or authorized access point),false,true,literal,,,,,,,,,http://access.rdatoolkit.org/18.5.html
,,,http://rdaregistry.info/Elements/e/P20049,has abridger agent (RDA 18.5)(Lookup),false,true,,,,https://lookup.ld4l.org/authorities/search/linked_data/dbpedia_ld4l_cache | http://id.loc.gov/authorities/names,IRIstem,,,,,http://access.rdatoolkit.org/18.5.html
,,,http://rdaregistry.info/Elements/e/P20049,has abridger agent (RDA 18.5)(If lookup fails: record URI if available or authorized access point),false,true,literal,,,,,,,,,http://access.rdatoolkit.org/18.5.html
,,,http://rdaregistry.info/Elements/w/P10012,has numbering of part (RDA 24.6),false,true,literal,,,,,,,,,http://access.rdatoolkit.org/24.6.html