shapeID,shapeLabel,resourceURI,propertyID,propertyLabel,mandatory,repeatable,valueNodeType,valueDataType,valueShape,valueConstraint,valueConstraintType,note,lcDefaultLiteral,lcDefaultURI,lcDataTypeURI,lcRemark
lc:RT:bf2:35mmFeatureFilm:DigItem,Digital Item,bf:Item,bf:heldBy,Held by,false,false,,,,http://id.loc.gov/vocabulary/organizations,IRIstem,,United States. Library of Congress,http://id.loc.gov/vocabulary/organizations/dlc,bf:Agent,
,,,bf:shelfMark,Call numbers,false,true,bnode,,lc:RT:bf2:Identifiers:Shelfmark,,,,,,,
,,,bf:contribution,Collection,false,true,bnode,,lc:RT:bf2:Agent:bfCorp,,,,,,bf:Contribution,
,,,bf:electronicLocator,URL of Item,false,true,bnode,,lc:RT:bf2:URL,,,,,,,
,,,bf:note,Notes about the Item,false,true,bnode,,lc:RT:bf2:Note,,,,,,,
,,,bf:usageAndAccessPolicy,"Lending, reproduction, and retention policies",false,true,bnode,,lc:RT:bf2:Item:Access | lc:RT:bf2:Item:Retention | lc:RT:bf2:Item:Use,,,,,,,
,,,bf:extent,Extent,false,true,bnode,,lc:RT:bf2:Extent,,,,,,,
,,,bf:duration,Duration,false,true,literal,,,,,,,,,
,,,bf:digitalCharacteristic,Digital file characteristics,false,true,bnode,,lc:RT:bf2:MIBluRayDVD:FileType | lc:RT:bf2:MIBluRayDVD:EncFmt,,,,,,,
,,,bf:soundCharacteristic,Sound characteristics,false,true,bnode,,lc:RT:bf2:SoundContent | lc:RT:bf2:TypeRec | lc:RT:bf2:RecMedium | lc:RT:bf2:MIBluRayDVD:Playback,,,,,,,
lc:RT:bf2:35mmFeatureFilm:Event,Event,bf:Event,rdfs:label,Event,false,true,literal,,,,,,,,,
,,,bf:date,Date of event,false,true,literal,,,,,,,,,
lc:RT:bf2:35mmFeatureFilm:Instance,BIBFRAME Instance,bf:Instance,bf:instanceOf,Instance of,false,true,bnode,,lc:RT:bf2:35mmFeatureFilm:Work,,,,,,,
,,,bf:title,Title information,true,true,bnode,,lc:RT:bf2:InstanceTitle | lc:RT:bf2:Title:VarTitle | lc:RT:bf2:ParallelTitle,,,,,,,https://bibframe.org/view/documentation-marva-manual/instance-description/title-information.md
,,,bf:responsibilityStatement,Statement of responsibility,false,true,literal,,,,,,,,,https://bibframe.org/view/documentation-marva-manual/instance-description/statement-of-responsibility.md
,,,bf:editionStatement,Edition statement,false,true,literal,,,,,,,,,https://bibframe.org/view/documentation-marva-manual/instance-description/edition-statement.md
,,,bf:provisionActivity,Provision activity,false,true,bnode,,lc:RT:bf2:ProdInfoNew | lc:RT:bf2:PubInfoNew | lc:RT:bf2:DistInfoNew | lc:RT:bf2:ManuInfoNew,,,,,,,https://bibframe.org/view/documentation-marva-manual/instance-description/provision-activity.md
,,,bf:copyrightDate,Copyright date,false,true,literal,,,,,,,,,https://bibframe.org/view/documentation-marva-manual/instance-description/copyright-date.md
,,,bf:originPlace,Place of origin,false,true,,,,http://id.loc.gov/authorities/names,IRIstem,,,,bf:Place,
,,,bf:issuance,Mode of issuance,false,true,,,,http://id.loc.gov/vocabulary/issuance,IRIstem,,single unit,http://id.loc.gov/vocabulary/issuance/mono,bf:Issuance,https://bibframe.org/view/documentation-marva-manual/instance-description/mode-of-issuance.md
,,,bf:identifiedBy,Identifiers,false,true,bnode,,lc:RT:bf2:Identifiers:LCCN | lc:RT:bf2:Identifiers:Copyright | lc:RT:bf2:Identifiers:PubNumber | lc:RT:bf2:Identifiers:Other | lc:RT:bf2:Identifiers:Local | lc:RT:bf2:Identifiers:Oclc,,,,,,,https://bibframe.org/view/documentation-marva-manual/instance-description/identifiers.md
,,,bf:note,Notes about the Instance,false,true,bnode,,lc:RT:bf2:Note,,,,,,,https://bibframe.org/view/documentation-marva-manual/instance-description/notes-about-instance.md
,,,bf:supplementaryContent,Supplementary content URL,false,true,bnode,,lc:RT:bf2:SupplContentNote,,,,,,,https://bibframe.org/view/documentation-marva-manual/instance-description/supplementary-content-url.md
,,,bf:media,Media type,false,true,,,,http://id.loc.gov/vocabulary/mediaTypes,IRIstem,,projected,http://id.loc.gov/vocabulary/mediaTypes/g,bf:Media,https://bibframe.org/view/documentation-marva-manual/instance-description/media-type.md
,,,bf:carrier,Carrier type,false,true,,,,http://id.loc.gov/vocabulary/carriers,IRIstem,,film reel,http://id.loc.gov/vocabulary/carriers/mr,bf:Carrier,https://bibframe.org/view/documentation-marva-manual/instance-description/carrier-type.md
,,,bf:extent,Physical description,,true,bnode,,lc:RT:bf2:ExtentExtra,,,,,,,https://bibframe.org/view/documentation-marva-manual/instance-description/physical-description.md
,,,bf:dimensions,Dimensions,false,true,literal,,,,,,,,,https://bibframe.org/view/documentation-marva-manual/instance-description/dimensions.md
,,,bf:electronicLocator,URL of Instance,false,true,bnode,,lc:RT:bf2:URL,,,,,,,https://bibframe.org/view/documentation-marva-manual/instance-description/url-of-instance.md
,,,bf:hasItem,Has Item,false,true,bnode,,lc:RT:bf2:35mmFeatureFilm:Item | lc:RT:bf2:35mmFeatureFilm:DigItem,,,,,,,
lc:RT:bf2:35mmFeatureFilm:Item,BIBFRAME Item,bf:Item,bf:classification,Call numbers,false,true,bnode,,lc:RT:bf2:Item:LCC,,,,,,,
,,,bf:contribution,Collection/contribution,false,true,bnode,,lc:RT:bf2:Agents:bfContribution,,,,,,bf:Contribution,
,,,bf:electronicLocator,URL of Item,false,true,bnode,,lc:RT:bf2:URL,,,,,,,
,,,bf:note,Notes about the Item,false,true,bnode,,lc:RT:bf2:NoteLc,,,,,,,
,,,bf:usageAndAccessPolicy,"Lending, reproduction, and retention policies",false,true,bnode,,lc:RT:bf2:Item:Access | lc:RT:bf2:Item:Use | lc:RT:bf2:Item:Retention,,,,,,,
,,,bf:enumerationAndChronology,Enumeration,false,true,bnode,,lc:RT:bf2:Item:Enumeration,,,,,,,
,,,bf:immediateAcquisition,Immediate source of acquisition note,false,true,bnode,,lc:RT:bf2:ImmAcqSource,,,,,,,
,,,bf:extent,Physical description,false,true,bnode,,lc:RT:bf2:ExtentExtra,,,,,,,
,,,bf:dimensions,Dimensions,false,true,literal,,,,,,,,,
,,,bf:duration,Duration,false,true,literal,,,,,,,,,
,,,bf:baseMaterial,Base material,false,true,,,,http://id.loc.gov/vocabulary/mmaterial,IRIstem,,,,bf:BaseMaterial,
,,,bf:generation,Recording generation,false,true,,,,http://id.loc.gov/vocabulary/mgeneration,IRIstem,,,,bf:Generation,
,,,bf:polarity,Polarity,false,true,,,,http://id.loc.gov/vocabulary/mpolarity,IRIstem,,,,bf:Polarity,
,,,bf:colorContent,Color content,false,true,,,,http://id.loc.gov/vocabulary/mcolor,IRIstem,,,,bf:ColorContent,
,,,bf:soundContent,Sound content,false,true,,,,http://id.loc.gov/vocabulary/msoundcontent,IRIstem,,,,bf:SoundContent,
,,,bf:soundCharacteristic,Sound characteristics,false,true,bnode,,lc:RT:bf2:TypeRec2 | lc:RT:bf2:RecMedium | lc:RT:bf2:MIBluRayDVD:Playback,,,,,,,
,,,bf:projectionCharacteristic,Projection characteristics,false,true,bnode,,lc:RT:bf2:ProjFormat | lc:RT:bf2:ProjSpeed,,,,,,,
,,,bf:aspectRatio,Aspect ratio,false,true,,,,http://id.loc.gov/vocabulary/maspect,IRIstem,,,,bf:AspectRatio,
,,,bf:aspectRatio,Aspect ratio (numeric),false,true,bnode,,lc:RT:bf2:MIBluRayDVD:Aspect,,,,,,,
,,,bf:supplementaryContent,Supplementary content,false,true,,,,http://id.loc.gov/vocabulary/msupplcont,IRIstem,,,,bf:SupplementaryContent,
,,,bf:digitalCharacteristic,Digital file characteristics,false,true,bnode,,lc:RT:bf2:MIBluRayDVD:FileType | lc:RT:bf2:MIBluRayDVD:EncFmt,,,,,,,
lc:RT:bf2:35mmFeatureFilm:Work,BIBFRAME Work,bf:Work,bf:expressionOf,Expression of [search for a Hub],,,bnode,,,https://preprod-8080.id.loc.gov/resources/hubs/,IRIstem,,,,bf:Hub,https://bibframe.org/view/documentation-marva-manual/work-description/expression-hub.md
,,,bf:title,Title information,true,true,bnode,,lc:RT:bf2:WorkTitle | lc:RT:bf2:Title:VarTitle | lc:RT:bf2:ParallelTitle,,,,,,,https://bibframe.org/view/documentation-marva-manual/work-description/title-information.md
,,,bf:originPlace,Place of origin of the Work,false,true,,,,http://id.loc.gov/authorities/names,IRIstem,,,,bf:Place,https://bibframe.org/view/documentation-marva-manual/work-description/country-of-origin.md
,,,bf:originDate,Date of Work,false,true,literal,,,,,,,,,https://bibframe.org/view/documentation-marva-manual/work-description/date-of-work.md
,,,bf:temporalCoverage,(Time) coverage of the content,false,true,literal,,,,,,,,,https://bibframe.org/view/documentation-marva-manual/work-description/time-coverage.md
,,,bf:identifiedBy,Identifiers,false,true,bnode,,lc:RT:bf2:Identifiers:Eidr | lc:RT:bf2:Identifiers:Copyright | lc:RT:bf2:Identifiers:LCCN,,,,,,,
,,,bf:intendedAudience,Intended audience,false,true,bnode,,lc:RT:bf2:Audience,,,,,,,https://bibframe.org/view/documentation-marva-manual/work-description/intended-audience.md
,,,bf:note,Notes about the Work,false,true,bnode,,lc:RT:bf2:Note,,,,,,,https://bibframe.org/view/documentation-marva-manual/work-description/notes-about-work.md
,,,bf:tableOfContents,Contents,false,true,bnode,,lc:RT:bf2:Contents,,,,,,,https://bibframe.org/view/documentation-marva-manual/work-description/contents.md
,,,bf:summary,Summary,false,true,bnode,,lc:RT:bf2:Summary,,,,,,,https://bibframe.org/view/documentation-marva-manual/work-description/summary.md
,,,bf:genreForm,Genre/Form,false,true,bnode,,lc:RT:bf2:Form,,,,,,,https://bibframe.org/view/documentation-marva-manual/work-description/genre-form.md
,,,bf:geographicCoverage,Geographic coverage,false,true,bnode,,lc:RT:bf2:Form:Geog,,,,,,,https://bibframe.org/view/documentation-marva-manual/work-description/geographic-coverage.md
,,,bf:subject,Subjects,false,true,bnode,,lc:RT:bf2:Components | lc:RT:bf2:Topic:Place:Components | lc:RT:bf2:Topic:SubjectWork,,,,,,,https://bibframe.org/view/documentation-marva-manual/work-description/subjects.md
,,,bf:contribution,Contributors,false,true,bnode,,lc:RT:bf2:Agents:Contribution,,,,,,bf:Contribution,https://bibframe.org/view/documentation-marva-manual/work-description/contributors.md
,,,bf:contribution,Creator of Work,false,true,bnode,,lc:RT:bflc:Agents:PrimaryContribution,,,,,,bf:PrimaryContribution,https://bibframe.org/view/documentation-marva-manual/work-description/creator-of-work.md
,,,bf:content,Content type,false,true,,,,http://id.loc.gov/vocabulary/contentTypes,IRIstem,,two-dimensional moving image,http://id.loc.gov/vocabulary/contentTypes/tdi,bf:Content,https://bibframe.org/view/documentation-marva-manual/work-description/content-type.md
,,,bf:language,"Language (008 [1st], 041 $a [others])",false,true,,,,http://id.loc.gov/vocabulary/languages,IRIstem,,,,bf:Language,https://bibframe.org/view/documentation-marva-manual/work-description/language.md
,,,bf:language,ISO 639-3 language (041 $a),,true,,,,http://id.loc.gov/vocabulary/iso639-3,IRIstem,,,,bf:Language,
,,,bf:accompaniedBy,Language resource (041 $bdefgt),false,true,bnode,,lc:RT:bf2:LangResource,,,,,,,https://bibframe.org/view/documentation-marva-manual/work-description/language.md
,,,bf:note,Language note (041 $hijkmnpqr),false,true,bnode,,lc:RT:bf2:LangNote,,,,,,,https://bibframe.org/view/documentation-marva-manual/work-description/language.md
,,,bf:colorContent,Color content,false,true,,,,http://id.loc.gov/vocabulary/mcolor,IRIstem,,,,bf:ColorContent,https://bibframe.org/view/documentation-marva-manual/work-description/color-content.md
,,,bf:soundContent,Sound content,false,true,,,,http://id.loc.gov/vocabulary/msoundcontent,IRIstem,,,,bf:SoundContent,
,,,bflc:movingImageTechnique,Moving image technique,false,true,,,,http://id.loc.gov/vocabulary/mtechnique,IRIstem,,,,bflc:MovingImageTechnique,
,,,bf:duration,Duration,false,true,literal,,,,,,,,,
,,,bf:capture,Capture information,false,true,bnode,,lc:RT:bf2:Capture,,,,,,,
,,,bf:eventContentOf,Event,false,true,bnode,,lc:RT:bf2:35mmFeatureFilm:Event,,,,,,,
,,,bf:relation,Search related work/series,false,true,bnode,,lc:RT:bf2:RelWorkLookup,,,,,,,https://bibframe.org/view/documentation-marva-manual/work-description/search-related-work.md
,,,bf:relation,Input transcribed series,false,true,bnode,,lc:RT:bf2:SeriesHub,,,,,,,https://bibframe.org/view/documentation-marva-manual/work-description/input-transcribed-series.md
,,,bf:hasInstance,Add BIBFRAME Instance,false,true,bnode,,lc:RT:bf2:35mmFeatureFilm:Instance,,,,,,,
lc:RT:bf2:AcqSource,Acquisition source,bf:AcquisitionSource,bf:identifiedBy,Stock number,false,true,bnode,,lc:RT:bf2:Identifiers:StockNumber,,,,,,,
,,,rdfs:label,Source of acquisition,false,true,literal,,,,,,,,,
,,,bf:note,Note,false,true,bnode,,lc:RT:bf2:NoteSimple,,,,,,,
,,,bf:acquisitionTerms,Terms of availability,false,true,literal,,,,,,,,,
lc:RT:bf2:AdminMetadata,BIBFRAME 2.0 Admin Metadata,bf:AdminMetadata,bflc:catalogerId,Your cataloger ID,false,true,literal,,,,,,,,,
,,,bflc:encodingLevel,Encoding level,true,false,,,,http://preprod.id.loc.gov/vocabulary/menclvl,IRIstem,,,,bflc:EncodingLevel,
,,,bf:status,Status (new/changed/deleted),false,false,,,,http://preprod.id.loc.gov/vocabulary/mstatus,IRIstem,,,,bf:Status,
,,,bf:assigner,Assigning agency,true,false,,,,http://preprod.id.loc.gov/vocabulary/organizations,IRIstem,,DLC,http://id.loc.gov/vocabulary/organizations/dlc,bf:Agent,
,,,bf:descriptionAuthentication,Description authentication,true,false,,,,http://preprod.id.loc.gov/vocabulary/marcauthen,IRIstem,,pcc,http://id.loc.gov/vocabulary/marcauthen/pcc,bf:DescriptionAuthentication,
,,,bf:descriptionConventions,Description conventions,true,true,,,,http://preprod.id.loc.gov/vocabulary/descriptionConventions,IRIstem,,rda,http://id.loc.gov/vocabulary/descriptionConventions/rda,bf:DescriptionConventions,
,,,bf:descriptionLanguage,Description language,true,false,,,,http://preprod.id.loc.gov/vocabulary/languages,IRIstem,,English,http://id.loc.gov/vocabulary/languages/eng,bf:Language,
,,,bf:descriptionModifier,Description modifier,true,true,,,,http://preprod.id.loc.gov/vocabulary/organizations,IRIstem,,DLC,http://id.loc.gov/vocabulary/organizations/dlc,bf:Agent,
,,,bf:date,Date,false,false,literal,,,,,,,,,
,,,bf:identifiedBy,Identifier,false,true,bnode,,lc:RT:bf2:AdminMetadata:Identifier,,,,,,,
,,,bf:generationProcess,Generation Process,false,true,bnode,,lc:RT:bf2:AdminMetadata:GenerationProcess,,,,,,,
lc:RT:bf2:AdminMetadata:BFDB,BF DB Admin Metadata,bf:AdminMetadata,bflc:catalogerId,Your cataloger ID (Windows ID),false,true,literal,,,,,,,,,
,,,bflc:encodingLevel,Encoding level,true,false,,,,http://preprod.id.loc.gov/vocabulary/menclvl,IRIstem,,,,bflc:EncodingLevel,
,,,bf:status,Status (new/changed/deleted),false,false,,,,http://preprod.id.loc.gov/vocabulary/mstatus,IRIstem,,,,bf:Status,
,,,bf:date,Date,false,false,literal,,,,,,,,,
,,,bf:assigner,Assigning agency,,,,,,http://preprod.id.loc.gov/vocabulary/organizations,IRIstem,,DLC,http://id.loc.gov/vocabulary/organizations/dlc,bf:Agent,
,,,bf:descriptionAuthentication,Description authentication,true,true,,,,http://preprod.id.loc.gov/vocabulary/marcauthen,IRIstem,,pcc,http://id.loc.gov/vocabulary/marcauthen/pcc,bf:DescriptionAuthentication,
,,,bf:descriptionConventions,Description conventions,true,true,,,,http://preprod.id.loc.gov/vocabulary/descriptionConventions,IRIstem,,rda,http://id.loc.gov/vocabulary/descriptionConventions/rda,bf:DescriptionConventions,
,,,bf:descriptionLanguage,Description language,true,false,,,,http://preprod.id.loc.gov/vocabulary/languages,IRIstem,,English,http://id.loc.gov/vocabulary/languages/eng,bf:Language,
,,,bflc:profile,Profile,false,false,literal,,,,,,,,,
,,,bf:identifiedBy,Identifier,false,true,bnode,,lc:RT:bf2:AdminMetadata:Identifier,,,,,,,
,,,bf:generationProcess,Generation Process,false,false,bnode,,lc:RT:bf2:AdminMetadata:GenerationProcess,,,,,,,
,,,bflc:procInfo,Process Information,false,false,literal,,,,,,,,,
lc:RT:bf2:AdminMetadata:GenerationProcess,Generation process,bf:GenerationProcess,rdfs:label,Generation process,false,true,literal,,,,,,,,,
lc:RT:bf2:AdminMetadata:Identifier,Local identifier,bf:Local,rdf:value,Local identifier,false,true,literal,,,,,,,,,
lc:RT:bf2:Agent:Conference,Create conference name,bf:Meeting,rdfs:label,Preferred Name for Conference (RDA 11.2.2) CORE ELEMENT,false,true,literal,,,,,,,,,
,,,mads:associatedLocale,Place Associated with Conference (RDA 11.3) CORE ELEMENT,false,true,bnode,,lc:RT:bf2:Agents:RWO:LocationOfConference | lc:RT:bf2:Agents:RWO:OtherPlace,,,,,,,
,,,mads:establishDate,Date Associated with Conference (RDA 11.4) CORE ELEMENT,false,true,bnode,,lc:RT:bf2:Agents:RWO:Dates,,,,,,,
,,,mads:organization,Associated Institution (RDA 11.5) CORE IF ...,false,true,bnode,,lc:RT:bf2:Agents:RWO:Affiliation,,,,,,,
,,,rdf:value,"Number of a Conference, Etc. (RDA 11.6) CORE ELEMENT",false,true,literal,,,,,,,,,
,,,mads:entityDescriptor,Other Designation Associated with Conference (RDA 11.7) CORE IF ...,false,true,literal,,,,,,,,,
,,,mads:associatedLanguage,Language of Conference (RDA 11.8),false,true,bnode,,lc:RT:bf2:Agents:RWO:AssociatedLanguage,,,,,,,
,,,mads:fieldOfActivity,Field of Activity of Conference (RDA 11.10),false,true,bnode,,lc:RT:bf2:Agents:RWO:FieldofActivity,,,,,,,
,,,mads:note,Conference History (RDA 11.11),false,true,bnode,,lc:RT:bf2:Agent:Note,,,,,,,
,,,mads:hasIdentifier,Identifier for the Conference (RDA 11.12) CORE ELEMENT,false,true,bnode,,lc:RT:bf2:Agent:Identifier,,,,,,,
,,,mads:authoritativeLabel,Authorized Access Point for the Conference (RDA 11.13.1),false,true,literal,,,,,,,,,
,,,mads:hasVariant,Variant Access Point Representing a Conference (RDA 11.13.2),false,true,bnode,,lc:RT:bf2:Agents:VariantAgents,,,,,,,
,,,mads:hasRelatedAuthority,Related Agents (RDA Chapter 30),false,true,bnode,,lc:RT:bf2:Agents:RelatedAgents,,,,,,,
,,,mads:hasSource,Source Consulted (RDA 8.12),false,true,bnode,,lc:RT:bf2:Agents:Source,,,,,,,
lc:RT:bf2:Agent:CorporateBody,Create corporate body name,bf:Organization,rdfs:label,Preferred Name for Corporate Body (RDA 11.2.2) CORE ELEMENT,false,true,literal,,,,,,,,,
,,,mads:associatedLocale,Place Associated with Corporate Body (RDA 11.3),false,true,bnode,,lc:RT:bf2:Agents:RWO:OtherPlace,,,,,,,
,,,mads:establishDate,Date Associated with Corporate Body (RDA 11.4) CORE ELEMENT,false,true,bnode,,lc:RT:bf2:Agents:RWO:Dates,,,,,,,
,,,mads:organization,Associated Institution (RDA 11.5),false,true,bnode,,lc:RT:bf2:Agents:RWO:Affiliation,,,,,,,
,,,mads:entityDescriptor,Other Designation Associated with Corporate Body (RDA 11.7),false,true,literal,,,,,,,,,
,,,mads:associatedLanguage,Language of Corporate Body (RDA 11.8),false,true,bnode,,lc:RT:bf2:Agents:RWO:AssociatedLanguage,,,,,,,
,,,mads:hasAffiliationAddress,Address of Corporate Body (RDA 11.9),false,true,bnode,,lc:RT:bf2:Agents:Addresses | lc:RT:bf2:Agents:Addresses:Extended,,,,,,,
,,,mads:fieldOfActivity,Field of Activity of Corporate Body (RDA 11.10),false,true,bnode,,lc:RT:bf2:Agents:RWO:FieldofActivity,,,,,,,
,,,mads:note,Corporate History (RDA 11.11),false,true,bnode,,lc:RT:bf2:Agent:Note,,,,,,,
,,,mads:hasIdentifier,Identifier for the Corporate Body (RDA 11.12) CORE ELEMENT,false,true,bnode,,lc:RT:bf2:Agent:Identifier,,,,,,,
,,,mads:authoritativeLabel,Authorized Access Point for the Corporate Body (RDA 11.13.1),false,true,literal,,,,,,,,,
,,,mads:hasVariant,Variant Access Point Representing a Corporate Body (RDA 11.13.2),false,true,bnode,,lc:RT:bf2:Agents:VariantAgents,,,,,,,
,,,mads:hasRelatedAuthority,Related Agents (RDA Chapter 30),false,true,bnode,,lc:RT:bf2:Agents:RelatedAgents,,,,,,,
,,,mads:hasSource,Source Consulted (RDA 8.12),false,true,bnode,,lc:RT:bf2:Agents:Source,,,,,,,
lc:RT:bf2:Agent:Family,Create family name,bf:Family,rdfs:label,Preferred Name for Family (RDA 10.2.2) CORE ELEMENT,false,true,literal,,,,,,,,,
,,,mads:FamilyNameElement,Type of Family (RDA 10.3) CORE ELEMENT,false,true,literal,,,,,,,,,
,,,mads:DateNameElement,Date Associated with Family (RDA 10.4),false,true,bnode,,lc:RT:bf2:Agents:RWO:Dates,,,,,,,
,,,mads:associatedLocale,Place Associated with Family (RDA 10.5),false,true,bnode,,lc:RT:bf2:Agents:RWO:OtherPlace,,,,,,,http://access.rdatoolkit.org/rdachp10_rda10-516.html
,,,mads:prominentFamilyMember,Prominent Member of Family (RDA 10.6),false,true,,,,,,,,,,http://access.rdatoolkit.org/rdachp10_rda10-549.html
,,,mads:honoraryTitle,Hereditary Title (RDA 10.7),false,true,literal,,,,,,,,,
,,,mads:associatedLanguage,Language of Family (RDA 10.8),false,true,bnode,,lc:RT:bf2:Agents:RWO:AssociatedLanguage,,,,,,,
,,,mads:note,Family History (RDA 10.9),false,true,bnode,,lc:RT:bf2:Agent:Note,,,,,,,
,,,mads:hasIdentifier,Identifier for Family (RDA 10.10),false,true,bnode,,lc:RT:bf2:Agent:Identifier,,,,,,,
,,,mads:authoritativeLabel,Authorized Access Point Representing the Family (RDA 10.11.1),false,true,bnode,,lc:RT:bf2:Agents:RWO:IdentifiedbyAuthority,,,,,,,
,,,mads:hasVariant,Variant Access Point Representing the Family (RDA 10.11.2),false,true,bnode,,lc:RT:bf2:Agents:VariantAgents,,,,,,,
,,,mads:hasRelatedAuthority,Related Agents (RDA Chapter 30),false,true,bnode,,lc:RT:bf2:Agents:RelatedAgents,,,,,,,
,,,mads:hasSource,Source Consulted (RDA 8.12),false,true,bnode,,lc:RT:bf2:Agents:Source,,,,,,,
lc:RT:bf2:Agent:Identifier,Identifier,mads:Identifier,rdf:value,Wikidata identifier,false,true,literal,,,,,,,,,
,,,bf:source,Source of identifier,false,true,bnode,,lc:RT:bf2:Agent:Identifier:Source,,,,,,,
lc:RT:bf2:Agent:Identifier:Source,Source,bf:Source,rdfs:label,Source of identifier,false,true,literal,,,,,,,,,
lc:RT:bf2:Agent:Jurisdiction,Create jurisdiction name,bf:Jurisdiction,rdfs:label,Preferred Name for Place (RDA 16.2.2),false,true,literal,,,,,,,,,
,,,mads:hasIdentifier,Identifier for Place (RDA 9.18),false,true,bnode,,lc:RT:bf2:Agent:Identifier,,,,,,,
,,,mads:authoritativeLabel,Authorized Access Point for the Place (RDA 11.13.1.1),false,true,literal,,,,,,,,,
,,,mads:hasVariant,Variant Access Point Representing the Place (RDA 11.13.2),false,true,bnode,,lc:RT:bf2:Agents:VariantAgents,,,,,,,
,,,mads:hasRelatedAuthority,Related Agents (RDA Chapter 30),false,true,bnode,,lc:RT:bf2:Agents:RelatedAgents,,,,,,,
,,,mads:hasSource,Source Consulted (RDA 8.12),false,true,bnode,,lc:RT:bf2:Agents:Source,,,,,,,
lc:RT:bf2:Agent:Note,Note,mads:note,rdfs:label,Note,false,true,literal,,,,,,,,,
lc:RT:bf2:Agent:Person,Create personal name,bf:Person,rdfs:label,Preferred Name for Person (RDA 9.2.2) CORE ELEMENT,false,true,literal,,,,,,,,mads:PersonalName,
,,,mads:fullerName,Fuller Form of Name (RDA 9.5) CORE IF ...,false,true,literal,,,,,,,,,
,,,mads:isIdentifiedByAuthority,Other Identifying Attributes (RDA 9.6-9.11),false,true,bnode,,lc:RT:bf2:Agents:RWO:IdentifiedbyAuthority,,,,,,,
,,,mads:hasAffiliationAddress,Address of Person (RDA 9.12),false,true,bnode,,lc:RT:bf2:Agents:Addresses | lc:RT:bf2:Agents:Addresses:Extended,,,,,,,
,,,mads:note,Biographical Information (RDA 9.17),false,true,bnode,,lc:RT:bf2:Agent:Note,,,,,,,
,,,mads:hasIdentifier,Identifier for the Person (RDA 9.18),false,true,bnode,,lc:RT:bf2:Agent:Identifier,,,,,,,
,,,mads:hasVariant,Variant Access Point Representing a Person (RDA 9.19.2),false,true,bnode,,lc:RT:bf2:Agents:VariantAgents,,,,,,,
,,,mads:hasRelatedAuthority,Related Agents (RDA Chapter 30),false,true,bnode,,lc:RT:bf2:Agents:RelatedAgents,,,,,,,
,,,mads:hasSource,Source Consulted (RDA 8.12),false,true,bnode,,lc:RT:bf2:Agents:Source,,,,,,,
lc:RT:bf2:Agent:bfConf,Conference,bf:Meeting,owl:sameAs,Search LCNAF,false,true,,,,http://preprod.id.loc.gov/authorities/names,IRIstem,,,,,
lc:RT:bf2:Agent:bfCorp,Corporate body,bf:Organization,owl:sameAs,Search LCNAF,false,true,,,,http://preprod.id.loc.gov/authorities/names,IRIstem,,,,,
lc:RT:bf2:Agent:bfFamily,Family,bf:Family,owl:sameAs,Search LCNAF,false,true,,,,http://preprod.id.loc.gov/authorities/names,IRIstem,,,,,
lc:RT:bf2:Agent:bfJurisdiction,Jurisdiction,bf:Jurisdiction,owl:sameAs,Search LCNAF,false,true,,,,http://preprod.id.loc.gov/authorities/names,IRIstem,,,,,
lc:RT:bf2:Agent:bfPerson,Person,bf:Person,owl:sameAs,Search LCNAF,false,true,,,,http://preprod.id.loc.gov/authorities/names,IRIstem,,,,,
lc:RT:bf2:Agents:Addresses,Addresses,mads:Address,mads:Address,Address of Person (RDA 9.12),false,true,literal,,,,,,,,,
,,,mads:email,Email Address of Person,false,true,literal,,,,,,,,,
,,,mads:AffiliationAddress,Address of Corporate Body (RDA 11.9),false,true,literal,,,,,,,,,
,,,mads:email,Email Address of Corporate Body,false,true,literal,,,,,,,,,
lc:RT:bf2:Agents:Addresses:Extended,"Addresses, extended",mads:Address,mads:streetAddress,Street Address 1,false,true,literal,,,,,,,,,
,,,mads:extendedAddress,Street Address 2,false,true,literal,,,,,,,,,
,,,mads:city,City,false,true,literal,,,,,,,,,
,,,mads:state,State,false,true,literal,,,,,,,,,
,,,mads:country,Country,false,true,literal,,,,,,,,,
,,,mads:postcode,Zip Code or Post Code,false,true,literal,,,,,,,,,
lc:RT:bf2:Agents:Contribution,Contribution,bf:Contribution,bf:agent,Agent,false,true,bnode,,lc:RT:bf2:Agent:bfPerson | lc:RT:bf2:Agent:bfFamily | lc:RT:bf2:Agent:bfCorp | lc:RT:bf2:Agent:bfJurisdiction | lc:RT:bf2:Agent:bfConf,,,,,,,"https://staff.loc.gov/wikis/display/BP2/Marva+cataloging+updates#Marvacatalogingupdates-Contributors(1XX,6XX,7XX)"
,,,bf:role,Relationship designator(s),false,true,,,,http://id.loc.gov/vocabulary/relators | https://id.loc.gov/vocabulary/rbmsrel,IRIstem,,,,,https://staff.loc.gov/wikis/display/BP2/Marva+cataloging+updates#Marvacatalogingupdates-AgentRolesMarva+cataloging+updates#Marvacatalogingupdates-AgentRoles
lc:RT:bf2:Agents:RWO:Affiliation,Affiliation,mads:Affiliation,mads:authoritativeLabel,Search LCNAF,false,true,,,,,,,,,mads:Affiliation,
,,,mads:Affiliation,"Input Affiliation (RDA 9.13, RDA 11.5)",false,true,literal,,,,,,,,,
,,,mads:affiliationStart,Affiliation Start Date,false,true,literal,,,,,,,,,
,,,mads:affiliationEnd,Affiliation End Date,false,true,literal,,,,,,,,,
lc:RT:bf2:Agents:RWO:AssociatedLanguage,Associated Language,mads:Language,mads:associatedLanguage,"Language of Agent (RDA 9.14, RDA 10.8, RDA 11.8)",false,true,,,,,,,,,mads:Language,
lc:RT:bf2:Agents:RWO:Country,Associated Locale: Country,mads:Geographic,mads:associatedLocale,Search LCNAF,false,true,,,,,,,,,mads:Country,
,,,mads:associatedLocale,Input Country Associated with Person (RDA 9.10),false,true,literal,,,,,,,,,
,,,mads:activityStartDate,Start Date Associated with Country,false,true,literal,,,,,,,,,
,,,mads:activityEndDate,End Date Associated with Country,false,true,literal,,,,,,,,,
lc:RT:bf2:Agents:RWO:Dates,Dates,mads:RWO,mads:activityStartDate,Period of Activity Start Date,false,true,literal,,,,,,,,,
,,,mads:activityEndDate,Period of Activity End Date,false,true,literal,,,,,,,,,
,,,mads:establishDate,Establishment Date,false,true,literal,,,,,,,,,
,,,mads:terminateDate,Termination Date,false,true,literal,,,,,,,,,
lc:RT:bf2:Agents:RWO:FieldofActivity,Field of Activity,mads:RWO,mads:fieldOfActivity,Search LCSH,false,true,,,,,,,,,mads:fieldOfActivity,
,,,rdfs:label,"Input Field of Activity (RDA 9.15, RDA 11.10)",false,true,literal,,,,,,,,mads:fieldOfActivity,
,,,mads:activityStartDate,Field of Activity Start Date,false,true,literal,,,,,,,,,
,,,mads:activityEndDate,Field of Activity End Date,false,true,literal,,,,,,,,,
lc:RT:bf2:Agents:RWO:Gender,Gender,mads:RWO,mads:gender,Search LCDGT/LCSH,false,true,,,,,,,,,mads:gender,
,,,mads:DateNameElement,Dates Associated with Gender,false,true,bnode,,lc:RT:bf2:Agents:RWO:Dates,,,,,,,
lc:RT:bf2:Agents:RWO:HonoraryTitle,Honorary Title,mads:honoraryTitle,mads:honoraryTitle,Honorary Title (RDA 9.4),false,true,literal,,,,,,,,,
lc:RT:bf2:Agents:RWO:IdentifiedbyAuthority,Other Identifying Attributes,mads:RWO,rdfs:label,Authorized Access Point for the Person (RDA 9.19),false,true,literal,,,,,,,,,
,,,mads:birthDate,Date of Birth (RDA 9.3.2) CORE ELEMENT,false,true,literal,,,,,,,,,
,,,mads:deathDate,Date of Death (RDA 9.3.3) CORE ELEMENT,false,true,literal,,,,,,,,,
,,,mads:RWO,Period of Activity of Person (RDA 9.3.4) CORE IF...,false,true,bnode,,lc:RT:bf2:Agents:RWO:Dates,,,,,,,
,,,mads:TermsOfAddressNameElement,Title of Person (RDA 9.4) CORE IF ...,false,true,literal,,,,,,,,,
,,,mads:honoraryTitle,Honorary Title (RDA 9.4),false,true,literal,,,,,,,,,
,,,mads:entityDescriptor,Other Designation Associated with Person (RDA 9.6) CORE IF ...,false,true,literal,,,,,,,,,
,,,mads:associatedLanguage,Language of Person (RDA 9.14),false,true,bnode,,lc:RT:bf2:Agents:RWO:AssociatedLanguage,,,,,,,
,,,mads:gender,Gender (RDA 9.7),false,true,bnode,,lc:RT:bf2:Agents:RWO:Gender,,,,,,,
,,,mads:associatedLocale,Associated Places for Persons (RDA 9.8 - 9.11),false,true,bnode,,lc:RT:bf2:Agents:RWO:PlaceofBirth | lc:RT:bf2:Agents:RWO:PlaceofDeath | lc:RT:bf2:Agents:RWO:Country | lc:RT:bf2:Agents:RWO:PlaceOfResidence,,,,,,,
,,,mads:hasAffiliation,Affilation (RDA 9.13),false,true,bnode,,lc:RT:bf2:Agents:RWO:Affiliation,,,,,,,
,,,mads:fieldOfActivity,Field of Activity of Person (RDA 9.15),false,true,bnode,,lc:RT:bf2:Agents:RWO:FieldofActivity,,,,,,,
,,,mads:occupation,Profession or Occupation (RDA 9.16),false,true,bnode,,lc:RT:bf2:Agents:RWO:Occupation,,,,,,,
,,,mads:prominentFamilyMember,Prominent Member of Family (RDA 10.6),false,true,,,,,,,,,,
lc:RT:bf2:Agents:RWO:LocationOfConference,Associated Locale: Location of Conference,mads:Geographic,mads:associatedLocale,Search Location,false,true,,,,,,,,,mads:Geographic,
,,,mads:associatedLocale,"Input Location of Conference, Etc. (RDA 11.3.2)",false,true,literal,,,,,,,,,
lc:RT:bf2:Agents:RWO:Occupation,Occupation,mads:Occupation,mads:authoritativeLabel,Search LCSH/LCDGT,false,true,,,,,,,,,mads:Occupation,
,,,rdfs:label,Input Profession or Occupation (RDA 9.16),false,true,literal,,,,,,,,mads:Occupation,
,,,mads:activityStartDate,Start Date Associated with Profession or Occupation,false,true,literal,,,,,,,,,
,,,mads:activityEndDate,End Date Associated with Profession or Occupation,false,true,literal,,,,,,,,,
lc:RT:bf2:Agents:RWO:OtherPlace,Associated Locale: Other Associated Place,mads:Geographic,mads:associatedLocale,Search LCNAF/LCSH,false,true,,,,,,,,,mads:Geographic,
,,,mads:associatedLocale,Input Other Place Associated with Corporate Body (RDA 11.3.3),false,true,literal,,,,,,,,,
,,,mads:activityStartDate,Other Place Start Date,false,true,literal,,,,,,,,,
,,,mads:activityEndDate,Other Place End Date,false,true,literal,,,,,,,,,
lc:RT:bf2:Agents:RWO:PlaceOfResidence,Associated Locale: Place of Residence,mads:Geographic,mads:associatedLocale,Search LCNAF/LCSH,false,true,,,,,,,,,mads:Geographic,
,,,mads:associatedLocale,Input Place of Residence (RDA 9.11),false,true,literal,,,,,,,,,
,,,mads:activityStartDate,Place of Residence Start Date,false,true,literal,,,,,,,,,
,,,mads:activityEndDate,Place of Residence End Date,false,true,literal,,,,,,,,,
lc:RT:bf2:Agents:RWO:PlaceofBirth,Associated Locale: Place of Birth,mads:Geographic,mads:birthPlace,Search LCNAF,false,true,,,,,,,,,mads:Geographic,
,,,mads:birthPlace,Input Place of Birth (RDA 9.8),false,true,literal,,,,,,,,,
lc:RT:bf2:Agents:RWO:PlaceofDeath,Associated Locale: Place of Death,mads:Geographic,mads:deathPlace,Search LCNAF,false,true,,,,,,,,,mads:Geographic,
,,,mads:deathPlace,Input Place of Death (RDA 9.9),false,true,literal,,,,,,,,,
lc:RT:bf2:Agents:RWO:ProminentFamilyMember,Prominent Family Member,mads:prominentFamilyMember,mads:authoritativeLabel,Prominent Member of Family (RDA 10.6),false,true,,,,,,,,,mads:prominentFamilyMember,
lc:RT:bf2:Agents:RelatedAgents,Related agents,mads:Authority,owl:sameAs,Search agents,false,true,,,,http://preprod.id.loc.gov/authorities/names,IRIstem,,,,mads:Authority,
,,,rdfs:label,Relationship designator,false,true,,,,,,,,,,
lc:RT:bf2:Agents:Source,Sources consulted and cataloger's notes,mads:Source,mads:citationSource,Source Consulted (RDA 8.12),false,true,literal,,,,,,,,,
,,,mads:citationNote,Source Consulted Note (RDA 8.12),false,true,literal,,,,,,,,,
,,,mads:citationStatus,Source Citation Status (RDA 8.12),false,true,literal,,,,,,,,,
,,,mads:editorialNote,Cataloger's Note (RDA 8.13),false,true,literal,,,,,,,,,
lc:RT:bf2:Agents:VariantAgents,Variant access points representing agents,mads:hasVariant,mads:hasVariant,Variant Access Point Representing an Agent,false,true,literal,,,,,,,,,
lc:RT:bf2:Agents:bfContribution,Collection/contribution,bf:Contribution,bf:agent,Search LCNAF,false,true,bnode,,lc:RT:bf2:Agent:bfPerson | lc:RT:bf2:Agent:bfCorp | lc:RT:bf2:Agent:bfConf | lc:RT:bf2:Agent:bfFamily | lc:RT:bf2:Agent:bfJurisdiction,,,,,,,"https://staff.loc.gov/wikis/display/BP2/Marva+cataloging+updates#Marvacatalogingupdates-Contributors(1XX,6XX,7XX)"
,,,bf:role,Relationship designator(s),false,true,,,,http://preprod.id.loc.gov/vocabulary/relators,IRIstem,,,,bf:Role,
,,,bflc:applicableInstitution,Applicable institution,false,true,,,,http://preprod.id.loc.gov/vocabulary/organizations,IRIstem,,DLC,http://id.loc.gov/vocabulary/organizations/dlc,bflc:Agent,
lc:RT:bf2:Agents:skosConcept,Concept,skos:Concept,rdfs:label,Label,false,true,literal,,,,,,,,,
lc:RT:bf2:Analog:Instance,BIBFRAME Instance,bf:Instance,bf:instanceOf,Instance of,false,false,bnode,,lc:RT:bf2:Analog:Work,,,,,,,
,,,bf:title,Title information,true,true,bnode,,lc:RT:bf2:InstanceTitle | lc:RT:bf2:Title:VarTitle | lc:RT:bf2:ParallelTitle,,,,,,,
,,,bf:responsibilityStatement,Statement of responsibility,false,true,literal,,,,,,,,,https://bibframe.org/view/documentation-marva-manual/instance-description/statement-of-responsibility.md
,,,bf:editionStatement,Edition statement,false,true,literal,,,,,,,,,https://bibframe.org/view/documentation-marva-manual/instance-description/edition-statement.md
,,,bf:provisionActivity,Provision activity,false,true,bnode,,lc:RT:bf2:PubInfoNew | lc:RT:bf2:ManuInfoNew | lc:RT:bf2:DistInfoNew | lc:RT:bf2:ProdInfoNew,,,,,,,https://bibframe.org/view/documentation-marva-manual/instance-description/provision-activity.md
,,,bf:copyrightDate,Copyright date,false,true,literal,,,,,,,,,https://bibframe.org/view/documentation-marva-manual/instance-description/copyright-date.md
,,,bf:issuance,Mode of issuance,false,true,,,,http://id.loc.gov/vocabulary/issuance,IRIstem,,single unit,http://id.loc.gov/vocabulary/issuance/mono,bf:Issuance,https://bibframe.org/view/documentation-marva-manual/instance-description/mode-of-issuance.md
,,,bf:identifiedBy,Identifiers,false,true,bnode,,lc:RT:bf2:Identifiers:LCCN|lc:RT:bf2:Identifiers:AudioIssue|lc:RT:bf2:Identifiers:Matrix|lc:RT:bf2:Identifiers:UPC|lc:RT:bf2:Identifiers:EAN|lc:RT:bf2:Identifiers:ISBN|lc:RT:bf2:Identifiers:Copyright|lc:RT:bf2:Identifiers:Other|lc:RT:bf2:Identifiers:Local|lc:RT:bf2:Identifiers:Distributor|lc:RT:bf2:Identifiers:ISRC|lc:RT:bf2:Identifiers:ISMN|lc:RT:bf2:Identifiers:Gtin14|lc:RT:bf2:Identifiers:Oclc|lc:RT:bf2:Identifiers:PubNumber,,,,,,,
,,,bf:note,Notes about the Instance,false,true,bnode,,lc:RT:bf2:Note,,,,,,,https://bibframe.org/view/documentation-marva-manual/instance-description/notes-about-instance.md
,,,bf:supplementaryContent,Supplementary content URL,false,true,bnode,,lc:RT:bf2:SupplContentNote,,,,,,,https://bibframe.org/view/documentation-marva-manual/instance-description/supplementary-content-url.md
,,,bf:media,Media type,false,true,,,,http://id.loc.gov/vocabulary/mediaTypes,IRIstem,,audio,http://id.loc.gov/vocabulary/mediaTypes/s,bf:Media,https://bibframe.org/view/documentation-marva-manual/instance-description/media-type.md
,,,bf:carrier,Carrier type,false,true,,,,http://id.loc.gov/vocabulary/carriers,IRIstem,,audio disc,http://id.loc.gov/vocabulary/carriers/sd,bf:Carrier,https://bibframe.org/view/documentation-marva-manual/instance-description/carrier-type.md
,,,bf:extent,Physical description,false,true,bnode,,lc:RT:bf2:Extent,,,,,,,https://bibframe.org/view/documentation-marva-manual/instance-description/physical-description.md
,,,bf:dimensions,Dimensions,false,false,literal,,,,,,,,,https://bibframe.org/view/documentation-marva-manual/instance-description/dimensions.md
,,,bf:duration,Duration,false,true,literal,,,,,,,,,
,,,bf:baseMaterial,Base material,false,true,,,,http://id.loc.gov/vocabulary/mmaterial,IRIstem,,,,bf:BaseMaterial,
,,,bf:productionMethod,Production method,false,true,,,,http://id.loc.gov/vocabulary/mproduction,IRIstem,,,,bf:ProductionMethod,
,,,bf:generation,Recording generation,false,true,,,,http://id.loc.gov/vocabulary/mgeneration,IRIstem,,,,bf:Generation,
,,,bf:soundCharacteristic,Sound characteristics,false,true,bnode,,lc:RT:bf2:TypeRec2 | lc:RT:bf2:RecMedium | lc:RT:bf2:Analog:PlayingSpeed | lc:RT:bf2:Analog:Sound6 | lc:RT:bf2:Playback | lc:RT:bf2:SpecPlayback | lc:RT:bf2:CaptureStorage,,,,,,,
,,,bf:electronicLocator,URL of Instance,false,true,bnode,,lc:RT:bf2:URL,,,,,,,https://bibframe.org/view/documentation-marva-manual/instance-description/url-of-instance.md
,,,bf:hasItem,Has Item,false,true,bnode,,lc:RT:bf2:Analog:Item,,,,,,,
lc:RT:bf2:Analog:Item,BIBFRAME Item,bf:Item,bf:electronicLocator,URL of Item,false,true,bnode,,lc:RT:bf2:URL,,,,,,,
,,,bf:contribution,Collection/contribution,false,true,bnode,,lc:RT:bf2:Agents:bfContribution,,,,,,bf:Contribution,
,,,bf:note,Notes about the Item,false,true,bnode,,lc:RT:bf2:NoteLc,,,,,,,
lc:RT:bf2:Analog:PlayingSpeed,Playing speed,bf:PlayingSpeed,owl:sameAs,Lookup,false,true,,,,http://id.loc.gov/vocabulary/mplayspeed,IRIstem,,,,,
lc:RT:bf2:Analog:Sound6,Groove characteristic,bf:GrooveCharacteristic,owl:sameAs,Lookup,false,false,,,,http://id.loc.gov/vocabulary/mgroove,IRIstem,,,,,
lc:RT:bf2:Analog:Work,BIBFRAME Work,bf:Work,bf:expressionOf,Expression of [search for a Hub],,,,,,https://id.loc.gov/resources/hubs,IRIstem,,,,bf:Hub,https://bibframe.org/view/documentation-marva-manual/work-description/expression-hub.md
,,,bf:contribution,Creator,false,true,bnode,,lc:RT:bflc:Agents:PrimaryContribution,,,,,,bf:PrimaryContribution,https://bibframe.org/view/documentation-marva-manual/work-description/creator-of-work.md
,,,bf:title,Title,true,true,bnode,,lc:RT:bf2:WorkTitle | lc:RT:bf2:Title:VarTitle | lc:RT:bf2:ParallelTitle,,,,,,,https://bibframe.org/view/documentation-marva-manual/work-description/title-information.md
,,,bf:contribution,Contributors,false,true,bnode,,lc:RT:bf2:Agents:Contribution,,,,,,bf:Contribution,https://bibframe.org/view/documentation-marva-manual/work-description/contributors.md
,,,bf:language,"Language (008 [1st], 041 $a [others])",false,true,,,,http://id.loc.gov/vocabulary/languages,IRIstem,,,,bf:Language,https://bibframe.org/view/documentation-marva-manual/work-description/language.md
,,,bf:language,ISO 639-3 language (041 $a),,true,,,,http://id.loc.gov/vocabulary/iso639-3,IRIstem,,,,bf:Language,
,,,bf:accompaniedBy,Language resource (041 $bdefgt),false,true,bnode,,lc:RT:bf2:LangResource,,,,,,,https://bibframe.org/view/documentation-marva-manual/work-description/language.md
,,,bf:note,Language note (041 $hijkmnpqr),false,true,bnode,,lc:RT:bf2:LangNote,,,,,,,https://bibframe.org/view/documentation-marva-manual/work-description/language.md
,,,bf:musicMedium,Medium of performance statement,false,true,bnode,,lc:RT:bf2:MOPStatement,,,,,,,
,,,bf:ensemble,Ensemble,false,true,bnode,,lc:RT:bf2:PMOMedPerf:Ensemble,,,,,,,
,,,bf:identifiedBy,Identifiers,false,true,bnode,,lc:RT:bf2:Identifiers:OpusNumber|lc:RT:bf2:Identifiers:ThematicCatalog|lc:RT:bf2:Identifiers:SerialNumber|lc:RT:bf2:Identifiers:Matrix,,,,,,,
,,,bf:keyMode,Key and mode,false,true,bnode,,lc:RT:bf2:KeyMode,,,,,,,
,,,bf:intendedAudience,Intended audience,false,true,bnode,,lc:RT:bf2:Audience,,,,,,,https://bibframe.org/view/documentation-marva-manual/work-description/intended-audience.md
,,,bf:temporalCoverage,(Time) coverage of the content,false,true,literal,,,,,,,,,https://bibframe.org/view/documentation-marva-manual/work-description/time-coverage.md
,,,bf:geographicCoverage,Geographic coverage,false,true,bnode,,lc:RT:bf2:Form:Geog,,,,,,,https://bibframe.org/view/documentation-marva-manual/work-description/geographic-coverage.md
,,,bf:genreForm,Genre/Form,false,true,bnode,,lc:RT:bf2:Form,,,,,,bf:GenreForm,https://bibframe.org/view/documentation-marva-manual/work-description/genre-form.md
,,,bf:subject,Subjects,false,true,bnode,,lc:RT:bf2:Components | lc:RT:bf2:Topic:Place:Components | lc:RT:bf2:Topic:SubjectWork,,,,,,,https://bibframe.org/view/documentation-marva-manual/work-description/subjects.md
,,,bf:note,Notes about the Work,false,true,bnode,,lc:RT:bf2:Note,,,,,,,https://bibframe.org/view/documentation-marva-manual/work-description/notes-about-work.md
,,,bf:tableOfContents,Contents,false,true,bnode,,lc:RT:bf2:Contents,,,,,,,https://bibframe.org/view/documentation-marva-manual/work-description/contents.md
,,,bf:summary,Summary,false,true,bnode,,lc:RT:bf2:Summary,,,,,,,https://bibframe.org/view/documentation-marva-manual/work-description/summary.md
,,,bf:content,Content type,false,true,,,,http://id.loc.gov/vocabulary/contentTypes,IRIstem,,performed music,http://id.loc.gov/vocabulary/contentTypes/prm,bf:Content,https://bibframe.org/view/documentation-marva-manual/work-description/content-type.md
,,,bf:capture,Capture information,false,true,bnode,,lc:RT:bf2:Capture,,,,,,,
,,,bf:supplementaryContent,Supplementary content,false,true,,,,http://id.loc.gov/vocabulary/msupplcont,IRIstem,,,,bf:SupplementaryContent,https://bibframe.org/view/documentation-marva-manual/work-description/supplementary-content.md
,,,bf:originDate,Date of Work,false,true,literal,,,,,,,,,https://bibframe.org/view/documentation-marva-manual/work-description/date-of-work.md
,,,bf:originPlace,Place of origin of the Work,false,true,,,,http://id.loc.gov/vocabulary/countries,IRIstem,,,,bf:Place,https://bibframe.org/view/documentation-marva-manual/work-description/country-of-origin.md
,,,bf:relation,Search related work/series,false,true,bnode,,lc:RT:bf2:RelWorkLookup,,,,,,,https://bibframe.org/view/documentation-marva-manual/work-description/search-related-work.md
,,,bf:relation,Input transcribed series,false,true,bnode,,lc:RT:bf2:SeriesHub,,,,,,,https://bibframe.org/view/documentation-marva-manual/work-description/input-transcribed-series.md
,,,bf:hasInstance,Add BIBFRAME Instance,false,true,bnode,,lc:RT:bf2:Analog:Instance,,,,,,,
lc:RT:bf2:AppliesTo,Applies to,bflc:AppliesTo,rdfs:label,Applies to,false,true,literal,,,,,,,,,
lc:RT:bf2:Audience,Intended Audience,bf:IntendedAudience,owl:sameAs,Lookup,false,true,,,,http://id.loc.gov/vocabulary/maudience,IRIstem,,,,,
,,,bf:source,Source,false,true,,,,http://preprod.id.loc.gov/vocabulary/subjectSchemes,IRIstem,,lcdgt,http://id.loc.gov/vocabulary/subjectSchemes/lcdgt,bf:Source,
lc:RT:bf2:Capture,Capture information,bf:Capture,bf:place,Place of Capture,false,true,,,,http://id.loc.gov/authorities/names | http://id.loc.gov/authorities/subjects,IRIstem,,,,bf:Place,
,,,bf:date,Date of Capture,false,true,literal,,,,,,,,,
,,,bf:note,Capture note,false,true,bnode,,lc:RT:bf2:NoteSimple,,,,,,,
,,,bflc:appliesTo,Applies to,false,true,bnode,,lc:RT:bf2:AppliesTo,,,,,,,
lc:RT:bf2:CaptureStorage,Capture and storage,bf:CaptureStorage,owl:sameAs,Lookup,false,true,,,,http://id.loc.gov/vocabulary/mcapturestorage,IRIstem,,,,,
lc:RT:bf2:Cartographic:Attributes,Cartographic attributes,bf:Cartographic,bf:coordinates,Coordinates,false,true,literal,,,,,,,,,
,,,bf:projection,Projection,false,true,,,,http://id.loc.gov/vocabulary/mprojection,IRIstem,,,,bf:Projection,
,,,bf:relief,Relief,false,true,,,,http://id.loc.gov/vocabulary/mrelief,IRIstem,,,,bf:Relief,
lc:RT:bf2:Cartographic:DataType,Cartographic data type,bf:CartographicDataType,rdfs:label,Cartographic data type,false,true,literal,,,,,,,,,
lc:RT:bf2:Cartographic:EncodingFormat,Encoding format,bf:EncodingFormat,owl:sameAs,Digital image format,false,true,,,,http://id.loc.gov/vocabulary/mencformat,IRIstem,,,,,
lc:RT:bf2:Cartographic:FileType,File type,bf:FileType,owl:sameAs,File type,false,true,,,,http://id.loc.gov/vocabulary/mfiletype,IRIstem,,,,,
lc:RT:bf2:Cartographic:Instance,BIBFRAME Instance,bf:Instance,bf:instanceOf,Instance of,false,false,bnode,,lc:RT:bf2:Cartographic:Work,,,,,,,
,,,bf:title,Title information,true,true,bnode,,lc:RT:bf2:InstanceTitle | lc:RT:bf2:Title:VarTitle | lc:RT:bf2:ParallelTitle,,,,,,,
,,,bf:responsibilityStatement,Statement of responsibility,false,true,literal,,,,,,,,,
,,,bf:editionStatement,Edition statement,false,true,literal,,,,,,,,,
,,,bf:provisionActivity,Provision activity,false,true,bnode,,lc:RT:bf2:PubInfoNew | lc:RT:bf2:ManuInfoNew | lc:RT:bf2:DistInfoNew | lc:RT:bf2:ProdInfoNew,,,,,,,https://staff.loc.gov/wikis/display/BP2/Marva+cataloging+updates#Marvacatalogingupdates-ProvisionActivity(264)
,,,bf:copyrightDate,Copyright date,false,true,literal,,,,,,,,,
,,,bf:issuance,Mode of issuance,false,true,,,,http://id.loc.gov/vocabulary/issuance,IRIstem,,single unit,http://id.loc.gov/vocabulary/issuance/mono,,
,,,bf:identifiedBy,Identifiers,false,true,bnode,,lc:RT:bf2:Identifiers:LCCN | lc:RT:bf2:Identifiers:ISBN | lc:RT:bf2:Identifiers:Oclc | lc:RT:bf2:Identifiers:Other | lc:RT:bf2:Identifiers:Local,,,,,,,
,,,bf:note,Notes about the Instance,false,true,bnode,,lc:RT:bf2:Note,,,,,,,
,,,bf:supplementaryContent,Supplementary content URL,false,true,bnode,,lc:RT:bf2:SupplContentNote,,,,,,,
,,,bf:media,Media type,false,true,,,,http://id.loc.gov/vocabulary/mediaTypes,IRIstem,,unmediated,http://id.loc.gov/vocabulary/mediaTypes/n,bf:Media,
,,,bf:carrier,Carrier type,false,true,,,,http://id.loc.gov/vocabulary/carriers,IRIstem,,sheet,http://id.loc.gov/vocabulary/carriers/nb,bf:Carrier,
,,,bf:extent,Physical description,false,true,bnode,,lc:RT:bf2:Extent,,,,,,,
,,,bf:dimensions,Dimensions,false,true,literal,,,,,,,,,
,,,bf:baseMaterial,Base material,false,true,,,,http://id.loc.gov/vocabulary/mmaterial,IRIstem,,,,bf:BaseMaterial,
,,,bf:layout,Layout,false,true,,,,http://id.loc.gov/vocabulary/mlayout,IRIstem,,,,bf:Layout,
,,,bf:polarity,Polarity,false,true,,,,http://id.loc.gov/vocabulary/mpolarity,IRIstem,,,,bf:Polarity,
,,,bf:digitalCharacteristic,Digital file characteristic,false,true,bnode,,lc:RT:bf2:Cartographic:FileType | lc:RT:bf2:Cartographic:DataType | lc:RT:bf2:Cartographic:ObjectType | lc:RT:bf2:Cartographic:EncodingFormat,,,,,,,
,,,bf:electronicLocator,URL of Instance,false,true,bnode,,lc:RT:bf2:URL,,,,,,,
,,,bf:hasItem,Has Item,false,true,bnode,,lc:RT:bf2:Cartographic:Item,,,,,,,
lc:RT:bf2:Cartographic:Item,BIBFRAME Item,bf:Item,bf:classification,"Copy, issue, offprint number",false,true,bnode,,lc:RT:bf2:Item:LCC,,,,,,,
,,,bf:electronicLocator,URL of Item,false,true,bnode,,lc:RT:bf2:URL,,,,,,,
,,,bf:contribution,Collection/contribution,false,true,bnode,,lc:RT:bf2:Agents:bfContribution,,,,,,bf:Contribution,
,,,bf:note,Notes about the Item,false,true,bnode,,lc:RT:bf2:NoteLc,,,,,,,
lc:RT:bf2:Cartographic:ObjectType,Cartographic object type,bf:CartographicObjectType,rdfs:label,Cartographic object type,false,true,literal,,,,,,,,,
,,,bf:count,Object count,false,true,literal,,,,,,,,,
lc:RT:bf2:Cartographic:ScaleNew,Numeric scale value,bf:Scale,rdf:value,Scale value (ex: 1:100),false,true,literal,,,,,,,,,
lc:RT:bf2:Cartographic:Work,BIBFRAME Work,bf:Work,bf:expressionOf,Expression of [search for a Hub],,,,,,https://id.loc.gov/resources/hubs,IRIstem,,,,bf:Hub,https://bibframe.org/docs/view/documentation-marva-manual/work-description/expression-hub.md
,,,bf:contribution,Creator of Work,false,true,bnode,,lc:RT:bflc:Agents:PrimaryContribution,,,,,,bf:PrimaryContribution,
,,,bf:title,Title information,true,true,bnode,,lc:RT:bf2:WorkTitle | lc:RT:bf2:Title:VarTitle | lc:RT:bf2:ParallelTitle,,,,,,,https://staff.loc.gov/wikis/display/BP2/Marva+cataloging+updates#Marvacatalogingupdates-Work/ExpressionTitles
,,,bf:contribution,Contributors,false,true,bnode,,lc:RT:bf2:Agents:Contribution,,,,,,bf:Contribution,
,,,bf:note,Notes about the Work,false,true,bnode,,lc:RT:bf2:Note,,,,,,,
,,,bf:tableOfContents,Contents,false,true,bnode,,lc:RT:bf2:Contents,,,,,,,
,,,bf:summary,Summary,false,true,bnode,,lc:RT:bf2:Summary,,,,,,,
,,,bf:subject,Subjects,false,true,bnode,,lc:RT:bf2:Components | lc:RT:bf2:Topic:Place:Components | lc:RT:bf2:Topic:SubjectWork,,,,,,,
,,,bf:geographicCoverage,Geographic coverage,false,true,bnode,,lc:RT:bf2:Form:Geog,,,,,,,
,,,bf:genreForm,Genre/Form,false,true,bnode,,lc:RT:bf2:Form,,,,,,,
,,,bf:classification,Classification numbers,false,true,bnode,,lc:RT:bf2:LCC | lc:RT:bf2:DDC,,,,,,,
,,,bf:intendedAudience,Intended audience,false,true,bnode,,lc:RT:bf2:Audience,,,,,,,
,,,bf:content,Content type,false,true,,,,http://id.loc.gov/vocabulary/contentTypes,IRIstem,,cartographic image,http://id.loc.gov/vocabulary/contentTypes/cri,bf:Content,
,,,bf:language,"Language (008 [1st], 041 $a [others])",false,true,,,,http://id.loc.gov/vocabulary/languages,IRIstem,,,,bf:Language,https://staff.loc.gov/wikis/display/BP2/Marva+cataloging+updates#Marvacatalogingupdates-Languages(041)
,,,bf:language,ISO 639-3 language (041 $a),,true,,,,http://id.loc.gov/vocabulary/iso639-3,IRIstem,,,,bf:Language,
,,,bf:accompaniedBy,Language resource (041 $bdefgt),false,true,bnode,,lc:RT:bf2:LangResource,,,,,,,https://staff.loc.gov/wikis/display/BP2/Marva+cataloging+updates#Marvacatalogingupdates-Languages(041)
,,,bf:note,Language note (041 $hijkmnpqr),false,true,literal,,,,,,,,,https://staff.loc.gov/wikis/display/BP2/Marva+cataloging+updates#Marvacatalogingupdates-Languages(041)
,,,bf:colorContent,Color content,false,true,,,,http://id.loc.gov/vocabulary/mcolor,IRIstem,,,,bf:ColorContent,
,,,bf:supplementaryContent,Supplementary content,false,true,,,,http://id.loc.gov/vocabulary/msupplcont,IRIstem,,,,bf:SupplementaryContent,
,,,bflc:governmentPubType,Government publication,false,false,,,,http://id.loc.gov/vocabulary/mgovtpubtype,IRIstem,,,,bflc:GovernmentPubType,
,,,bf:cartographicAttributes,Cartographic attributes,false,true,bnode,,lc:RT:bf2:Cartographic:Attributes,,,,,,,
,,,bf:scale,Search scale term,false,true,,,,http://id.loc.gov/vocabulary/mscale,IRIstem,,,,bf:Scale,
,,,bf:scale,Numeric scale value,false,true,bnode,,lc:RT:bf2:Cartographic:ScaleNew,,,,,,,
,,,bf:notation,Script,false,true,,,,http://id.loc.gov/vocabulary/mscript,IRIstem,,,,bf:Script,
,,,bf:temporalCoverage,(Time) coverage of the content,false,true,literal,,,,,,,,,
,,,bf:relation,Search related work/series,false,true,bnode,,lc:RT:bf2:RelWorkLookup,,,,,,,"https://staff.loc.gov/wikis/display/BP2/Marva+cataloging+updates#Marvacatalogingupdates-Hubs(240;X00,X10,X11with$t;X30)"
,,,bf:relation,Input transcribed series,false,true,bnode,,lc:RT:bf2:SeriesHub,,,,,,,"https://staff.loc.gov/wikis/display/BP2/Marva+cataloging+updates#Marvacatalogingupdates-Series(490,8XX)"
,,,bf:hasInstance,Add BIBFRAME Instance,false,true,bnode,,lc:RT:bf2:Cartographic:Instance,,,,,,,
lc:RT:bf2:Components,Subject components,bf:Topic,mads:componentList,Search subject components,false,true,bnode,,lc:RT:bf2:Topic:madsTopic | lc:RT:bf2:Topic:madsGeographic | lc:RT:bf2:Topic:madsTemporal | lc:RT:bf2:Topic:madsGenreForm,,,,,,mads:ComplexSubject,
,,,bf:source,Thesaurus,false,true,,,,http://id.loc.gov/vocabulary/subjectSchemes,IRIstem,,Library of Congress subject headings,http://id.loc.gov/vocabulary/subjectSchemes/lcsh,bf:Source,
lc:RT:bf2:ContAccess,Accessibility content,bf:ContentAccessibility,rdfs:label,Accessibility content,false,true,literal,,,,,,,,,
lc:RT:bf2:Contents,Contents note,bf:TableOfContents,rdfs:label,Contents note,false,true,literal,,,,,,,,,
,,,bf:electronicLocator,URL for Contents note,false,true,bnode,,lc:RT:bf2:URL,,,,,,,
,,,bf:status,Partial or incomplete?,false,true,,,,http://preprod-8080.id.loc.gov/vocabulary/mstatus,IRIstem,,,,bf:Status,
lc:RT:bf2:DDC,Dewey Decimal classification,bf:ClassificationDdc,bf:classificationPortion,Classification number,false,true,literal,,,,,,,,,https://bibframe.org/docs/view/documentation-marva-manual/work-description/classification-numbers.md#dewey-decimal-classification
,,,bf:itemPortion,Additional call number information,false,true,literal,,,,,,,,,
,,,bf:source,Dewey edition number,false,false,bnode,,lc:RT:bf2:DDCEdNum,,,,23/eng/[$date],,bf:Source,
,,,bf:edition,Dewey full or abridged?,false,true,literal,,,,,,full,,,
,,,bf:assigner,Assigner,false,true,,,,http://preprod.id.loc.gov/vocabulary/organizations,IRIstem,,"United States, Library of Congress",http://id.loc.gov/vocabulary/organizations/dlc,bf:Agent,
lc:RT:bf2:DDCEdNum,Dewey edition number,bf:Source,bf:code,Dewey edition number,false,true,literal,,,,,,23/eng/[$date],,http://id.loc.gov/ontologies/bibframe/Source,
lc:RT:bf2:DistInfoNew,Distribution,bf:Distribution,bf:date,EDTF date (to/from 008),false,true,literal,,,,,,,,,https://bibframe.org/docs/view/documentation-marva-manual/instance-description/provision-activity.md
,,,bf:place,Search place of publication (to/from 008),false,true,,,,http://preprod.id.loc.gov/vocabulary/countries,IRIstem,,,,bf:Place,
,,,bflc:simplePlace,Place (to/from 26X $a),false,true,literal,,,,,,,,,https://bibframe.org/docs/view/documentation-marva-manual/instance-description/provision-activity.md
,,,bflc:simpleAgent,Name (to/from 26X $b),false,true,literal,,,,,,,,,
,,,bflc:simpleDate,Date (to/from 26X $c),false,true,literal,,,,,,,,,
lc:RT:bf2:EncFmt,Encoding format,bf:EncodingFormat,owl:sameAs,Lookup,false,true,,,,http://id.loc.gov/vocabulary/mencformat,IRIstem,,,,,
lc:RT:bf2:Extent,Extent,bf:Extent,rdfs:label,Extent,false,true,literal,,,,,,,,,
,,,bf:note,Physical details note,false,true,bnode,,lc:RT:bf2:Note,,,,,,,
lc:RT:bf2:ExtentExtra,Extent and Applies to,bf:Extent,rdfs:label,Extent,,true,literal,,,,,,,,,
,,,bf:note,Physical details note,,true,bnode,,lc:RT:bf2:Note,,,,,,,
,,,bflc:appliesTo,Applies to,,,bnode,,lc:RT:bf2:AppliesTo,,,,,,,
lc:RT:bf2:FileSize,File size,bf:FileSize,rdfs:label,File size,false,true,literal,,,,,,,,,
lc:RT:bf2:FileType,File type,bf:FileType,owl:sameAs,Lookup,false,false,,,,http://id.loc.gov/vocabulary/mfiletype,IRIstem,,,,,
lc:RT:bf2:Form,Genre/Form,bf:GenreForm,owl:sameAs,Search LCGFT,false,false,,,,http://id.loc.gov/authorities/genreForms,IRIstem,,,,,"https://staff.loc.gov/wikis/display/BP2/Marva+cataloging+updates#Marvacatalogingupdates-GenreForm(655,some008values)"
,,,bf:source,Thesaurus (if not LCGFT),false,true,,,,http://preprod.id.loc.gov/vocabulary/genreFormSchemes,IRIstem,,,,bf:Source,
lc:RT:bf2:Form:Geog,Geographic coverage,bf:GeographicCoverage,owl:sameAs,Search LCNAF or LCSH,false,true,,,,http://id.loc.gov/authorities/geographics,IRIstem,,,,,https://staff.loc.gov/wikis/display/BP2/Marva+cataloging+updates#Marvacatalogingupdates-GeographicCoverage(043)
lc:RT:bf2:Hub:Contribution,Contributor,bf:Contribution,bf:agent,Contributor,true,false,bnode,,lc:RT:bf2:Agent:bfPerson | lc:RT:bf2:Agent:bfCorp | lc:RT:bf2:Agent:bfConf,,,,,,,
,,,bf:role,Role,true,false,,,,,,,,,bf:Role,
lc:RT:bf2:Hub:Hub,Hub,bf:Hub,bf:contribution,Primary Contributor,false,true,bnode,,lc:RT:bf2:Hub:PrimaryContribution,,,,,,bf:PrimaryContribution,
,,,bf:contribution,Contributor,false,true,bnode,,lc:RT:bf2:Hub:Contribution,,,,,,,
,,,bfsimple:prefTitle,Preferred Title,false,false,literal,,,,,,,,,
,,,bfsimple:variantTitle,Variant Title,false,true,literal,,,,,,,,,
,,,bfsimple:transTitle,Transliterated Title,false,true,literal,,,,,,,,,
,,,bf:originDate,Date Work Created,false,false,literal,,,,,,,,,
,,,rdf:type,Type,false,true,,,,http://id.loc.gov/vocabulary/resourceTypes,IRIstem,,,,,
,,,bf:language,Language,false,true,,,,http://id.loc.gov/vocabulary/languages,IRIstem,,,,bf:Language,
,,,bf:musicMedium,Music Medium,false,true,,,,http://id.loc.gov/authorities/performanceMediums,IRIstem,,,,bf:MusicMedium,
,,,bf:musicSerialNumber,Music Serial Number,false,false,literal,,,,,,,,,
,,,bf:musicOpusNumber,Music Opus Number,false,false,literal,,,,,,,,,
,,,bf:musicKey,Music Key,false,false,literal,,,,,,,,,
,,,bf:musicThematicNumber,Music Thematic Number,false,true,literal,,,,,,,,,
,,,bf:translationOf,Translation Of,false,false,,,,,,,,,bf:Hub,
,,,bf:arrangementOf,Arrangement Of,false,false,,,,,,,,,bf:Hub,Only used for music
,,,bf:partOf,Is Part Of,false,true,,,,,,,,,bf:Hub,a.k.a. is Contained In
,,,bf:note,Note,false,true,bnode,,lc:RT:bf2:Note,,,,,,,
,,,bf:adminMetadata,Admin Metadata,false,true,bnode,,lc:RT:bf2:AdminMetadata:BFDB,,,,,,,
lc:RT:bf2:Hub:PrimaryContribution,Primary Contributor,bf:PrimaryContribution,bf:agent,Primary Contributor,false,true,,,,,,,,,,
,,,bf:role,Primary Role,false,true,,,,,,,,,bf:Role,
lc:RT:bf2:HubBasic:Hub,Hub,bf:Hub,bf:contribution,Primary contributor,false,false,bnode,,lc:RT:bflc:Agents:PrimaryContribution,,,,,,bf:PrimaryContribution,
,,,bf:title,Preferred title,false,false,bnode,,lc:RT:bf2:InstanceTitle,,,,,,,
,,,bf:title,Variant title,false,true,bnode,,lc:RT:bf2:Title:VarTitle,,,,,,,
,,,bf:originDate,Date work created,false,false,literal,,,,,,,,,
,,,rdf:type,Type,false,true,,,,http://id.loc.gov/vocabulary/resourceTypes | http://id.loc.gov/vocabulary/bflcTypes | http://id.loc.gov/vocabulary/bfTypes,IRIstem,,,,,
,,,bf:language,Language,false,true,,,,http://id.loc.gov/vocabulary/languages,IRIstem,,,,bf:Language,
,,,bf:relation,Search related work,false,true,bnode,,lc:RT:bf2:RelWorkLookup,,,,,,,"https://staff.loc.gov/wikis/display/BP2/Marva+cataloging+updates#Marvacatalogingupdates-Hubs(240;X00,X10,X11with$t;X30)"
,,,bf:note,Note,false,true,bnode,,lc:RT:bf2:Note,,,,,,,
,,,bf:identifiedBy,Identifiers,false,true,bnode,,lc:RT:bf2:Identifiers:Other | lc:RT:bf2:Identifiers:LCCN | lc:RT:bf2:Identifiers:Oclc | lc:RT:bf2:Identifiers:Local,,,,,,,
,,,bflc:marcKey,MARC label,false,true,literal,,,,,,,,,
lc:RT:bf2:Ibc:Instance,BIBFRAME Instance,bf:Instance,bf:instanceOf,Instance of,false,false,bnode,,lc:RT:bf2:Monograph:Work,,,,,,,
,,,bf:title,Title information,true,true,bnode,,lc:RT:bf2:InstanceTitle | lc:RT:bf2:Title:VarTitle | lc:RT:bf2:ParallelTitle,,,,,,,
,,,bf:responsibilityStatement,Statement of responsibility,false,true,literal,,,,,,,,,
,,,bf:editionStatement,Edition statement,false,true,literal,,,,,,,,,
,,,bf:provisionActivity,Provision activity,false,true,bnode,,lc:RT:bf2:PubInfoNew | lc:RT:bf2:DistInfoNew | lc:RT:bf2:ManuInfoNew | lc:RT:bf2:ProdInfoNew,,,,,,,https://staff.loc.gov/wikis/display/BP2/Marva+cataloging+updates#Marvacatalogingupdates-ProvisionActivity(264)
,,,bf:identifiedBy,Identifiers,false,true,bnode,,lc:RT:bf2:Identifiers:LCCN | lc:RT:bf2:Identifiers:ISBN | lc:RT:bf2:Identifiers:Local,,,,,,,
,,,bf:media,Media type,true,true,,,,http://id.loc.gov/vocabulary/mediaTypes,IRIstem,,unmediated,http://id.loc.gov/vocabulary/mediaTypes/n,bf:Media,
,,,bf:carrier,Carrier type,true,true,,,,http://id.loc.gov/vocabulary/carriers,IRIstem,,volume,http://id.loc.gov/vocabulary/carriers/nc,bf:Carrier,
,,,bf:extent,Physical description,false,true,bnode,,lc:RT:bf2:Extent,,,,,,,
,,,bf:dimensions,Dimensions,false,true,literal,,,,,,,,,
,,,bf:note,Note,false,true,bnode,,lc:RT:bf2:Note,,,,,,,
,,,bf:adminMetadata,Admin Metadata,false,true,bnode,,lc:RT:bf2:AdminMetadata,,,,,,,
,,,bf:hasItem,Has Item,false,true,bnode,,lc:RT:bf2:Monograph:Item,,,,,,,
lc:RT:bf2:Ibc:Item,BIBFRAME Item,bf:Item,bf:electronicLocator,URL of Item,false,true,bnode,,lc:RT:bf2:URL,,,,,,,
,,,bf:contribution,Collection/contribution,false,true,bnode,,lc:RT:bf2:Agents:bfContribution,,,,,,bf:Contribution,
,,,bf:note,Notes about the Item,false,true,bnode,,lc:RT:bf2:NoteLc,,,,,,,
,,,bf:enumerationAndChronology,Enumeration and chronology of Item,false,true,bnode,,lc:RT:bf2:Item:Enumeration | lc:RT:bf2:Item:Chronology,,,,,,,
lc:RT:bf2:Ibc:Work,BIBFRAME Work,bf:Work,bf:contribution,Creator of Work,false,true,bnode,,lc:RT:bflc:Agents:PrimaryContribution,,,,,,bf:PrimaryContribution,
,,,bf:title,Title information,true,true,bnode,,lc:RT:bf2:WorkTitle | lc:RT:bf2:Title:VarTitle | lc:RT:bf2:ParallelTitle,,,,,,,https://staff.loc.gov/wikis/display/BP2/Marva+cataloging+updates#Marvacatalogingupdates-Work/ExpressionTitles
,,,bf:content,Content type,true,true,,,,http://id.loc.gov/vocabulary/contentTypes,IRIstem,,text,http://id.loc.gov/vocabulary/contentTypes/txt,bf:Content,
,,,bf:language,"Language (008 [1st], 041 $a [others])",false,true,,,,http://id.loc.gov/vocabulary/languages,IRIstem,,,,bf:Language,https://staff.loc.gov/wikis/display/BP2/Marva+cataloging+updates#Marvacatalogingupdates-Languages(041)
,,,bf:classification,LC call number,false,true,bnode,,lc:RT:bf2:LCC,,,,,,,
,,,bf:relation,Input transcribed series,false,true,bnode,,lc:RT:bf2:SeriesHub,,,,,,,"https://staff.loc.gov/wikis/display/BP2/Marva+cataloging+updates#Marvacatalogingupdates-Series(490,8XX)"
,,,bf:hasInstance,Add BIBFRAME Instance,false,true,bnode,,lc:RT:bf2:Monograph:Instance,,,,,,,
lc:RT:bf2:Identifiers:Agent,Assigner,bf:Organization,rdfs:label,Assigner,false,true,literal,,,,,,,,,
lc:RT:bf2:Identifiers:Agent2,ISSN agency,bf:Agent,bf:code,ISSN Centre,false,true,literal,,,,,,,,,
lc:RT:bf2:Identifiers:AudioIssue,Audio issue number,bf:AudioIssueNumber,rdf:value,Audio issue number,false,true,literal,,,,,,,,,
,,,bf:assigner,Source of number,false,true,bnode,,lc:RT:bf2:Identifiers:Agent,,,,,,,
,,,bf:qualifier,Qualifier,false,true,literal,,,,,,,,,
lc:RT:bf2:Identifiers:Barcode,Barcode,bf:Barcode,rdf:value,Barcode,false,false,literal,,,,,,,,,
lc:RT:bf2:Identifiers:Coden,CODEN,bf:Coden,rdf:value,CODEN,false,true,literal,,,,,,,,,
,,,bf:status,Invalid/canceled?,false,true,,,,http://id.loc.gov/vocabulary/mstatus,IRIstem,,,,bf:Status,
lc:RT:bf2:Identifiers:Copyright,Copyright registration number,bf:CopyrightNumber,rdf:value,Copyright registration number,false,false,literal,,,,,,,,,
,,,bf:assigner,Assigning agency,false,true,,,,http://id.loc.gov/vocabulary/organizations,IRIstem,,U.S. Copyright Office,http://id.loc.gov/vocabulary/organizations/dlcco,bf:Organization,
,,,bf:date,Date,false,true,literal,,,,,,,,,
lc:RT:bf2:Identifiers:DDC,DDC shelfmark,bf:ShelfMarkDcc,rdfs:label,Dewey call number,false,true,literal,,,,,,,,,
lc:RT:bf2:Identifiers:Distributor,Music distributor number,bf:MusicDistributorNumber,rdf:value,Music distributor number,false,false,literal,,,,,,,,,
,,,bf:assigner,Source of number,false,true,bnode,,lc:RT:bf2:Identifiers:Source,,,,,,,
,,,bf:qualifier,Qualifier,false,true,literal,,,,,,,,,
lc:RT:bf2:Identifiers:EAN,EAN,bf:Ean,rdf:value,EAN,false,false,literal,,,,,,,,,
,,,bf:qualifier,Qualifier,false,true,literal,,,,,,,,,
lc:RT:bf2:Identifiers:Eidr,EIDR,bf:Eidr,rdf:value,EIDR,false,false,literal,,,,,,,,,
lc:RT:bf2:Identifiers:Gtin14,GTIN-14,bf:Gtin14Number,rdf:value,GTIN-14 number,false,true,literal,,,,,,,,,
lc:RT:bf2:Identifiers:ISBN,ISBN,bf:Isbn,rdf:value,ISBN,false,false,literal,,,,,,,,,
,,,bf:qualifier,Qualifier,false,true,literal,,,,,,,,,
,,,bf:status,Invalid/canceled?,false,true,,,,http://preprod.id.loc.gov/vocabulary/mstatus,IRIstem,,,,bf:Status,
lc:RT:bf2:Identifiers:ISMN,ISMN,bf:Ismn,rdf:value,ISMN,false,false,literal,,,,,,,,,
,,,bf:qualifier,Qualifier,false,true,literal,,,,,,,,,
lc:RT:bf2:Identifiers:ISRC,ISRC,bf:Isrc,rdf:value,ISRC,false,false,literal,,,,,,,,,
,,,bf:qualifier,Qualifier,false,true,literal,,,,,,,,,
lc:RT:bf2:Identifiers:ISSN,ISSN,bf:Issn,rdf:value,ISSN,false,false,literal,,,,,,,,,
,,,bf:assigner,Assigning agency,false,true,bnode,,lc:RT:bf2:Identifiers:Agent2,,,,,,,
,,,bf:status,Incorrect/canceled?,false,true,,,,http://id.loc.gov/vocabulary/mstatus,IRIstem,,,,bf:Status,
lc:RT:bf2:Identifiers:ISSNL,ISSN-L,bf:IssnL,rdf:value,ISSN-L,false,false,literal,,,,,,,,,
,,,bf:assigner,Assigning agency,false,true,bnode,,lc:RT:bf2:Identifiers:Agent2,,,,,,,
,,,bf:status,Incorrect/canceled?,false,true,,,,http://id.loc.gov/vocabulary/mstatus,IRIstem,,,,bf:Status,
lc:RT:bf2:Identifiers:LC,LC item call number,bf:ShelfMarkLcc,rdfs:label,Item call number,false,true,literal,,,,,,,,,
lc:RT:bf2:Identifiers:LCCN,LCCN,bf:Lccn,rdf:value,LCCN,false,false,literal,,,,,,,,,
,,,bf:status,Invalid/canceled?,false,true,,,,http://preprod.id.loc.gov/vocabulary/mstatus,IRIstem,,,,bf:Status,
lc:RT:bf2:Identifiers:LCOverseas,LC Overseas Acq,bf:LcOverseasAcq,rdf:value,Identifier,false,true,literal,,,,,,,,,
,,,bf:status,Invalid/Canceled,false,true,,,,http://preprod.id.loc.gov/vocabulary/mstatus,IRIstem,,,,bf:Status,
lc:RT:bf2:Identifiers:Local,Local system number,bf:Local,rdf:value,Local system number,false,false,literal,,,,,,,,,
,,,bf:source,Source of number,false,true,,,,http://preprod.id.loc.gov/vocabulary/organizations,IRIstem,,,,bf:Source,
,,,bf:assigner,Assigning agency,false,true,,,,http://preprod.id.loc.gov/vocabulary/organizations,IRIstem,,,,bf:Agent,
lc:RT:bf2:Identifiers:Matrix,Matrix number,bf:MatrixNumber,rdf:value,Matrix number,false,false,literal,,,,,,,,,
,,,bf:qualifier,Qualifier,false,true,literal,,,,,,,,,
lc:RT:bf2:Identifiers:MusicPlate,Music plate number,bf:MusicPlate,rdf:value,Music plate number,false,false,literal,,,,,,,,,
,,,bf:assigner,Publisher name,false,true,bnode,,lc:RT:bf2:Identifiers:Agent,,,,,,,
,,,bf:qualifier,Qualifier,false,true,literal,,,,,,,,,
lc:RT:bf2:Identifiers:MusicPub,Music publisher number,bf:MusicPublisherNumber,rdf:value,Music publisher number,false,false,literal,,,,,,,,,
,,,bf:assigner,Label name,false,true,bnode,,lc:RT:bf2:Identifiers:Agent,,,,,,,
,,,bf:qualifier,Qualifier,false,true,literal,,,,,,,,,
lc:RT:bf2:Identifiers:Nbn,National bibliographic number,bf:Nbn,rdf:value,National bibliographic number,false,true,literal,,,,,,,,,
,,,bf:qualifier,Qualifier,false,true,literal,,,,,,,,,
,,,bf:status,Invalid/canceled?,false,true,,,,http://preprod.id.loc.gov/vocabulary/mstatus,IRIstem,,,,bf:Status,
,,,bf:source,Source,false,true,,,,http://preprod.id.loc.gov/vocabulary/nationalbibschemes,IRIstem,,,,bf:Source,
lc:RT:bf2:Identifiers:Oclc,OCLC number,bf:OclcNumber,rdf:value,OCLC number,false,true,literal,,,,,,,,,
,,,bf:status,Invalid/canceled?,false,true,,,,http://preprod.id.loc.gov/vocabulary/mstatus,IRIstem,,,,bf:Status,
lc:RT:bf2:Identifiers:OpusNumber,Opus number,bf:OpusNumber,rdf:value,Opus number,,true,literal,,,,,,,,,
,,,bf:source,Source,,true,bnode,,lc:RT:bf2:Identifiers:Source,,,,,,,
,,,bflc:appliesTo,Applies to,,true,bnode,,lc:RT:bf2:AppliesTo,,,,,,,
lc:RT:bf2:Identifiers:Other,Other identifier,bf:Identifier,rdf:value,Other identifier,false,false,literal,,,,,,,,,
,,,bf:qualifier,Qualifier,false,true,literal,,,,,,,,,
,,,bf:source,Source,false,true,,,,http://preprod.id.loc.gov/vocabulary/identifiers,IRIstem,,,,bf:Source,
lc:RT:bf2:Identifiers:PostalReg,Postal registration number,bf:PostalRegistration,rdf:value,Postal registration number,false,true,literal,,,,,,,,,
,,,bf:assigner,Assigning agency,false,true,,,,https://id.loc.gov/vocabulary/organizations,IRIstem,,"United States, Postal Service",http://id.loc.gov/vocabulary/organizations/dpo,bf:Organization,
lc:RT:bf2:Identifiers:PubNumber,Publisher number,bf:PublisherNumber,rdf:value,Publisher number,false,false,literal,,,,,,,,,
,,,bf:assigner,Label name,false,true,bnode,,lc:RT:bf2:Identifiers:Agent,,,,,,,
,,,bf:qualifier,Qualifier,false,true,literal,,,,,,,,,
lc:RT:bf2:Identifiers:STRN,Standard technical report number,bf:Strn,rdf:value,Standard technical report number,false,false,literal,,,,,,,,,
,,,bf:qualifier,Qualifier,false,true,literal,,,,,,,,,
lc:RT:bf2:Identifiers:SerialNumber,Serial number,bf:SerialNumber,rdf:value,Serial number,,true,literal,,,,,,,,,
,,,bflc:appliesTo,Applies to,,true,bnode,,lc:RT:bf2:AppliesTo,,,,,,,
lc:RT:bf2:Identifiers:Shelfmark,Accession or copy number,bf:ShelfMark,rdfs:label,Accession or copy number,false,true,literal,,,,,,,,,
lc:RT:bf2:Identifiers:Source,Source,bf:Source,rdfs:label,Source,false,true,literal,,,,,,,,,
lc:RT:bf2:Identifiers:StockNumber,Stock number,bf:StockNumber,rdf:value,Stock number,false,true,literal,,,,,,,,,
,,,bf:source,Source of number,false,true,,,,http://preprod.id.loc.gov/vocabulary/organizations,IRIstem,,United States. Library of Congress,http://id.loc.gov/vocabulary/organizations/dlc,bf:Source,
lc:RT:bf2:Identifiers:ThematicCatalog,Thematic catalog number,bf:ThematicCatalogNumber,rdf:value,Thematic catalog number,,true,literal,,,,,,,,,
,,,bf:source,Source,,true,bnode,,lc:RT:bf2:Identifiers:Source,,,,,,,
,,,bflc:appliesTo,Applies to,,true,bnode,,lc:RT:bf2:AppliesTo,,,,,,,
lc:RT:bf2:Identifiers:UPC,Universal Product Code (UPC),bf:Upc,rdf:value,Universal Product Code (UPC),false,false,literal,,,,,,,,,
,,,bf:qualifier,Qualifier,false,true,literal,,,,,,,,,
lc:RT:bf2:Identifiers:VidRecNumber,Video recording number,bf:VideoRecordingNumber,rdf:value,Video recording number,false,true,literal,,,,,,,,,
,,,bf:assigner,Label name,false,true,bnode,,lc:RT:bf2:Identifiers:Agent,,,,,,,
,,,bf:qualifier,Qualifier,false,true,literal,,,,,,,,,
lc:RT:bf2:ImmAcqSource,Immediate source of acquisition,bf:ImmediateAcquisition,rdfs:label,Immediate source of acquisition,false,true,literal,,,,,,,,,
,,,bflc:applicableInstitution,Applicable institution,false,true,,,,http://id.loc.gov/vocabulary/organizations,IRIstem,,United States. Library of Congress,http://id.loc.gov/vocabulary/organizations/dlc,bf:Organization,
lc:RT:bf2:InstanceTitle,Instance title,bf:Title,bflc:nonSortNum,Non-sort character count,false,true,literal,,,,,,,,,https://bibframe.org/docs/view/documentation-marva-manual/instance-description/title-information.md
,,,bf:mainTitle,Title,false,false,literal,,,,,,,,,https://bibframe.org/docs/view/documentation-marva-manual/instance-description/title-information.md
,,,bf:partNumber,Part number,false,true,literal,,,,,,,,,
,,,bf:partName,Part name,false,true,literal,,,,,,,,,
,,,bf:subtitle,Other title information,false,false,literal,,,,,,,,,
lc:RT:bf2:Item:Access,Access policy,bf:AccessPolicy,rdfs:label,Access policy,false,false,literal,,,,,,,,,
,,,bf:electronicLocator,URL,,false,bnode,,lc:RT:bf2:URL,,,,,,,
lc:RT:bf2:Item:Chronology,Chronology,bf:Chronology,rdfs:label,Chronology,false,true,literal,,,,,,,,,
lc:RT:bf2:Item:Digital,Digital item,bf:Item,bf:heldBy,Held by,false,true,,,,http://id.loc.gov/vocabulary/organizations,IRIstem,,United States. Library of Congress,http://id.loc.gov/vocabulary/organizations/dlc,bf:Agent,
,,,bf:electronicLocator,URL,false,true,bnode,,lc:RT:bf2:URL,,,,,,,
,,,bf:note,Note,false,true,bnode,,lc:RT:bf2:Note,,,,,,,
lc:RT:bf2:Item:Enumeration,Enumeration,bf:Enumeration,rdfs:label,Enumeration,false,true,literal,,,,,,,,,
lc:RT:bf2:Item:LCC,Additional call numbers,bf:ClassificationLcc,bf:classificationPortion,Classification number,false,true,literal,,,,,,,,,
,,,bf:itemPortion,Additional class number information,false,true,literal,,,,,,,,,
,,,bf:note,Note,false,true,bnode,,lc:RT:bf2:NoteSimple,,,,,,,
lc:RT:bf2:Item:Location,Location,bf:Sublocation,rdfs:label,Location,false,true,literal,,,,,,,,,
lc:RT:bf2:Item:Retention,Retention policy,bf:RetentionPolicy,rdfs:label,Retention policy,false,true,literal,,,,,,,,bf:RetentionPolicy,
lc:RT:bf2:Item:Retention2,Retention policy (test),bf:RetentionPolicy,rdfs:label,Retention policy,false,true,literal,,,,,,,,,
,,,bf:originDate,Action date,false,true,literal,,,,,,,,,
,,,bf:date,Expiration date,false,true,literal,,,,,,,,,
,,,bflc:appliesTo,Applies to,false,true,bnode,,lc:RT:bf2:AppliesTo,,,,,,,
lc:RT:bf2:Item:Source,Source,bf:Source,bf:code,Source code,false,true,literal,,,,,,,,,
lc:RT:bf2:Item:Use,Use or reproduction policy,bf:UsePolicy,rdfs:label,Use or reproduction policy,false,true,literal,,,,,,,,bf:UsePolicy,
,,,bf:electronicLocator,URL,,,bnode,,lc:RT:bf2:URL,,,,,,,
lc:RT:bf2:KeyMode,Music key and mode,bf:KeyMode,rdfs:label,Music key and mode,,true,literal,,,,,,,,,
,,,bflc:appliesTo,Applies to,,true,bnode,,lc:RT:bf2:AppliesTo,,,,,,,
lc:RT:bf2:LCC,Library of Congress classification,bf:ClassificationLcc,bf:classificationPortion,Classification number,false,true,literal,,,,,,,,,https://bibframe.org/docs/view/documentation-marva-manual/work-description/classification-numbers.md#library-of-congress-classification
,,,bf:itemPortion,Additional call number information,false,true,literal,,,,,,,,,
,,,bf:assigner,Assigning agency,false,true,,,,http://preprod.id.loc.gov/vocabulary/organizations,IRIstem,,United States Library of Congress,http://id.loc.gov/vocabulary/organizations/dlc,bf:Agent,
,,,bf:status,Used by assigning agency?,false,true,,,,http://preprod.id.loc.gov/vocabulary/mstatus,IRIstem,,used by assigner,http://id.loc.gov/vocabulary/mstatus/uba,bf:Status,
lc:RT:bf2:LangNote,Language note,bf:Note,rdf:type,Type of resource,false,true,,,,https://preprod.id.loc.gov/vocabulary/resourceComponents/suggest2?q=*&memberOf=http://id.loc.gov/vocabulary/resourceComponents/collection_LanguageNote,IRIstem,,,http://id.loc.gov/vocabulary/mnotetype/lang,,
,,,bf:language,Language code,false,true,,,,http://preprod.id.loc.gov/vocabulary/languages|http://preprod.id.loc.gov/vocabulary/iso639-3,IRIstem,,,,bf:Language,
lc:RT:bf2:LangResource,Language resource,bf:Work,rdf:type,Type of resource,false,true,,,,https://id.loc.gov/vocabulary/resourceComponents/suggest2?q=*&memberOf=http://id.loc.gov/vocabulary/resourceComponents/collection_LanguageResource,IRIstem,,,,,
,,,bf:language,Language code,false,true,,,,http://preprod.id.loc.gov/vocabulary/languages|http://preprod.id.loc.gov/vocabulary/iso639-3,IRIstem,,,,bf:Language,
lc:RT:bf2:MIBluRayDVD:AccCont,Accessibility content,bf:ContentAccessibility,rdfs:label,Accessibility content,false,true,literal,,,,,,,,,
lc:RT:bf2:MIBluRayDVD:Aspect,Aspect ratio (Numeric),bf:AspectRatio,rdf:value,Numeric value of aspect ratio,false,true,literal,,,,,,,,,
lc:RT:bf2:MIBluRayDVD:EncFmt,Encoding format,bf:EncodingFormat,owl:sameAs,Lookup,false,true,,,,http://id.loc.gov/vocabulary/mencformat,IRIstem,,,,,
lc:RT:bf2:MIBluRayDVD:Event,Event,bf:Event,rdfs:label,Event,false,true,literal,,,,,,,,,
,,,bf:date,Date of event,false,true,literal,,,,,,,,,
lc:RT:bf2:MIBluRayDVD:FileType,File type,bf:FileType,owl:sameAs,Lookup,false,false,,,,http://id.loc.gov/vocabulary/mfiletype,IRIstem,,,,,
lc:RT:bf2:MIBluRayDVD:Instance,BIBFRAME Instance,bf:Instance,bf:instanceOf,Instance of,false,false,bnode,,lc:RT:bf2:MIBluRayDVD:Work,,,,,,,
,,,bf:title,Title information,true,true,bnode,,lc:RT:bf2:InstanceTitle | lc:RT:bf2:Title:VarTitle | lc:RT:bf2:ParallelTitle,,,,,,,https://bibframe.org/view/documentation-marva-manual/instance-description/title-information.md
,,,bf:responsibilityStatement,Statement of responsibility,false,true,literal,,,,,,,,,https://bibframe.org/view/documentation-marva-manual/instance-description/statement-of-responsibility.md
,,,bf:editionStatement,Edition statement,false,true,literal,,,,,,,,,https://bibframe.org/view/documentation-marva-manual/instance-description/edition-statement.md
,,,bf:provisionActivity,Provision activity,false,true,bnode,,lc:RT:bf2:PubInfoNew | lc:RT:bf2:DistInfoNew | lc:RT:bf2:ManuInfoNew | lc:RT:bf2:ProdInfoNew,,,,,,,https://bibframe.org/view/documentation-marva-manual/instance-description/provision-activity.md
,,,bf:copyrightDate,Copyright date,false,true,literal,,,,,,,,,https://bibframe.org/view/documentation-marva-manual/instance-description/copyright-date.md
,,,bf:originPlace,Place of origin,false,true,,,,http://id.loc.gov/authorities/names,IRIstem,,,,bf:Place,
,,,bf:issuance,Mode of issuance,false,true,,,,http://id.loc.gov/vocabulary/issuance,IRIstem,,single unit,http://id.loc.gov/vocabulary/issuance/mono,bf:Issuance,https://bibframe.org/view/documentation-marva-manual/instance-description/mode-of-issuance.md
,,,bf:identifiedBy,Identifiers,false,true,bnode,,lc:RT:bf2:Identifiers:LCCN | lc:RT:bf2:Identifiers:Copyright | lc:RT:bf2:Identifiers:UPC | lc:RT:bf2:Identifiers:ISBN | lc:RT:bf2:Identifiers:PubNumber | lc:RT:bf2:Identifiers:EAN | lc:RT:bf2:Identifiers:Oclc | lc:RT:bf2:Identifiers:Other | lc:RT:bf2:Identifiers:Local | lc:RT:bf2:Identifiers:Gtin14 | lc:RT:bf2:Identifiers:VidRecNumber,,,,,,,https://bibframe.org/view/documentation-marva-manual/instance-description/identifiers.md
,,,bf:note,Notes about the Instance,false,true,bnode,,lc:RT:bf2:Note,,,,,,,https://bibframe.org/view/documentation-marva-manual/instance-description/notes-about-instance.md
,,,bf:media,Media type,false,true,,,,http://id.loc.gov/vocabulary/mediaTypes,IRIstem,,video,http://id.loc.gov/vocabulary/mediaTypes/v,bf:Media,https://bibframe.org/view/documentation-marva-manual/instance-description/media-type.md
,,,bf:carrier,Carrier type,false,true,,,,http://id.loc.gov/vocabulary/carriers,IRIstem,,videodisc,http://id.loc.gov/vocabulary/carriers/vd,bf:Carrier,https://bibframe.org/view/documentation-marva-manual/instance-description/carrier-type.md
,,,bf:extent,Physical description,false,true,bnode,,lc:RT:bf2:ExtentExtra,,,,,,,https://bibframe.org/view/documentation-marva-manual/instance-description/physical-description.md
,,,bf:dimensions,Dimensions,false,true,literal,,,,,,,,,https://bibframe.org/view/documentation-marva-manual/instance-description/dimensions.md
,,,bf:duration,Duration,false,true,literal,,,,,,,,,
,,,bf:contentAccessibility,"Accessibility content (Closed captions, etc.)",false,true,bnode,,lc:RT:bf2:ContAccess,,,,,,,
,,,bf:genreForm,LCGFT accessibility term (Video recordings for ... ),false,true,bnode,,lc:RT:bf2:Form,,,,,,,
,,,bf:supplementaryContent,Supplementary content URL,false,true,bnode,,lc:RT:bf2:SupplContentNote,,,,,,,https://bibframe.org/view/documentation-marva-manual/instance-description/supplementary-content-url.md
,,,bf:aspectRatio,Aspect ratio,false,true,,,,http://id.loc.gov/vocabulary/maspect,IRIstem,,,,bf:AspectRatio,
,,,bf:aspectRatio,Aspect ratio (numeric),false,true,bnode,,lc:RT:bf2:MIBluRayDVD:Aspect,,,,,,,
,,,bf:soundCharacteristic,Sound characteristics,false,true,bnode,,lc:RT:bf2:TypeRec | lc:RT:bf2:RecMedium | lc:RT:bf2:MIBluRayDVD:Playback | lc:RT:bf2:SpecPlayback,,,,,,,
,,,bf:videoCharacteristic,Video characteristics/Broadcast standard,false,true,,,,http://id.loc.gov/vocabulary/mbroadstd,IRIstem,,,,bf:BroadcastStandard,
,,,bf:digitalCharacteristic,Digital file characteristics,false,true,bnode,,lc:RT:bf2:MIBluRayDVD:FileType | lc:RT:bf2:RegEncoding | lc:RT:bf2:MIBluRayDVD:EncFmt | lc:RT:bf2:Resolution,,,,,,,
,,,bf:systemRequirement,System requirements,false,true,bnode,,lc:RT:bf2:SysReq,,,,,,,
,,,bf:electronicLocator,URL of Instance,false,true,bnode,,lc:RT:bf2:URL,,,,,,,https://bibframe.org/view/documentation-marva-manual/instance-description/url-of-instance.md
,,,bf:hasItem,Has Item,false,true,bnode,,lc:RT:bf2:MIBluRayDVD:Item,,,,,,,
lc:RT:bf2:MIBluRayDVD:Item,BIBFRAME Item,bf:Item,bf:electronicLocator,URL of Item,false,true,bnode,,lc:RT:bf2:URL,,,,,,,
,,,bf:contribution,Collection/contribution,false,true,bnode,,lc:RT:bf2:Agents:bfContribution,,,,,,bf:Contribution,
,,,bf:note,Notes on the Item,false,true,bnode,,lc:RT:bf2:NoteLc,,,,,,,
,,,bf:enumerationAndChronology,Enumeration,false,true,bnode,,lc:RT:bf2:Item:Enumeration,,,,,,,
,,,bf:date,Received date,false,true,literal,,,,,,,,,
,,,bf:immediateAcquisition,Immediate source of acquisition note,false,true,bnode,,lc:RT:bf2:ImmAcqSource,,,,,,,
lc:RT:bf2:MIBluRayDVD:Playback,Playback channels,bf:PlaybackChannels,owl:sameAs,Lookup,false,false,,,,http://id.loc.gov/vocabulary/mplayback,IRIstem,,,,,
lc:RT:bf2:MIBluRayDVD:Work,BIBFRAME Work,bf:Work,bf:expressionOf,Expression [search for a Hub],,,bnode,,,https://preprod-8080.id.loc.gov/resources/hubs/,IRIstem,,,,bf:Hub,https://bibframe.org/view/documentation-marva-manual/work-description/expression-hub.md
,,,bf:title,Title information,true,true,bnode,,lc:RT:bf2:WorkTitle | lc:RT:bf2:Title:VarTitle | lc:RT:bf2:ParallelTitle,,,,,,,https://bibframe.org/view/documentation-marva-manual/work-description/title-information.md
,,,bf:genreForm,Genre/Form,false,true,bnode,,lc:RT:bf2:Form,,,,,,bf:GenreForm,https://bibframe.org/view/documentation-marva-manual/work-description/genre-form.md
,,,bf:originDate,Date of Work,false,true,literal,,,,,,,,http://www.loc.gov/standards/datetime/pre-submission.html,https://bibframe.org/view/documentation-marva-manual/work-description/date-of-work.md
,,,bf:originPlace,Place of origin of the Work,false,true,,,,http://id.loc.gov/authorities/names,IRIstem,,,,bf:Place,https://bibframe.org/view/documentation-marva-manual/work-description/country-of-origin.md
,,,bf:temporalCoverage,(Time) coverage of the content,false,true,literal,,,,,,,,,https://bibframe.org/view/documentation-marva-manual/work-description/time-coverage.md
,,,bf:identifiedBy,Identifiers,false,true,bnode,,lc:RT:bf2:Identifiers:Eidr | lc:RT:bf2:Identifiers:Copyright,,,,,,,
,,,bf:intendedAudience,Intended audience,false,true,bnode,,lc:RT:bf2:Audience,,,,,,,https://bibframe.org/view/documentation-marva-manual/work-description/intended-audience.md
,,,bf:contribution,Creator of Work,,,bnode,,lc:RT:bflc:Agents:PrimaryContribution,,,,,,bf:PrimaryContribution,https://bibframe.org/view/documentation-marva-manual/work-description/creator-of-work.md
,,,bf:contribution,Contributors,,,bnode,,lc:RT:bf2:Agents:Contribution,,,,,,bf:Contribution,https://bibframe.org/view/documentation-marva-manual/work-description/contributors.md
,,,bf:geographicCoverage,Geographic coverage,false,true,bnode,,lc:RT:bf2:Form:Geog,,,,,,,https://bibframe.org/view/documentation-marva-manual/work-description/geographic-coverage.md
,,,bf:subject,Subjects,false,true,bnode,,lc:RT:bf2:Components | lc:RT:bf2:Topic:Place:Components | lc:RT:bf2:Topic:SubjectWork,,,,,,,https://bibframe.org/view/documentation-marva-manual/work-description/subjects.md
,,,bf:note,Notes about the Work,false,true,bnode,,lc:RT:bf2:Note,,,,,,,https://bibframe.org/view/documentation-marva-manual/work-description/notes-about-work.md
,,,bf:tableOfContents,Contents,false,true,bnode,,lc:RT:bf2:Contents,,,,,,,https://bibframe.org/view/documentation-marva-manual/work-description/contents.md
,,,bf:summary,Summary,false,true,bnode,,lc:RT:bf2:Summary,,,,,,,https://bibframe.org/view/documentation-marva-manual/work-description/summary.md
,,,bf:content,Content type,false,true,,,,http://id.loc.gov/vocabulary/contentTypes,IRIstem,,two-dimensional moving image,http://id.loc.gov/vocabulary/contentTypes/tdi,bf:Content,https://bibframe.org/view/documentation-marva-manual/work-description/content-type.md
,,,bf:language,"Language (008 [1st], 041 $a [others])",false,true,,,,http://id.loc.gov/vocabulary/languages,IRIstem,,,,bf:Language,https://bibframe.org/view/documentation-marva-manual/work-description/language.md
,,,bf:language,ISO 639-3 language (041 $a),,true,,,,http://id.loc.gov/vocabulary/iso639-3,IRIstem,,,,bf:Language,
,,,bf:accompaniedBy,Language resource (041 $bdefgt),false,true,bnode,,lc:RT:bf2:LangResource,,,,,,,https://bibframe.org/view/documentation-marva-manual/work-description/language.md
,,,bf:note,Language note (041 $hijkmnpqr),false,true,bnode,,lc:RT:bf2:LangNote,,,,,,,https://bibframe.org/view/documentation-marva-manual/work-description/language.md
,,,bf:capture,Capture information,false,true,bnode,,lc:RT:bf2:Capture,,,,,,,
,,,bf:eventContentOf,Event,false,true,bnode,,lc:RT:bf2:MIBluRayDVD:Event,,,,,,,
,,,bf:contentAccessibility,Accessibility content,false,true,bnode,,lc:RT:bf2:MIBluRayDVD:AccCont,,,,,,,
,,,bf:supplementaryContent,Supplementary content,false,true,,,,http://id.loc.gov/vocabulary/msupplcont,IRIstem,,,,bf:SupplementaryContent,https://bibframe.org/view/documentation-marva-manual/work-description/supplementary-content.md
,,,bf:colorContent,Color content,false,true,,,,http://id.loc.gov/vocabulary/mcolor,IRIstem,,,,bf:ColorContent,https://bibframe.org/view/documentation-marva-manual/work-description/color-content.md
,,,bf:soundContent,Sound content,false,true,,,,http://id.loc.gov/vocabulary/msoundcontent,IRIstem,,sound,http://id.loc.gov/vocabulary/msoundcontent/sound,bf:SoundContent,
,,,bflc:movingImageTechnique,Moving image technique,false,true,,,,http://id.loc.gov/vocabulary/mtechnique,IRIstem,,,,bflc:MovingImageTechnique,
,,,bf:aspectRatio,Aspect ratio,false,true,,,,http://id.loc.gov/vocabulary/maspect,IRIstem,,,,bf:AspectRatio,
,,,bf:aspectRatio,Aspect ratio (numeric),false,true,bnode,,lc:RT:bf2:MIBluRayDVD:Aspect,,,,,,,
,,,bf:duration,Duration,false,true,literal,,,,,,,,,
,,,bf:classification,Classification numbers,false,true,bnode,,lc:RT:bf2:LCC | lc:RT:bf2:NLM | lc:RT:bf2:DDC,,,,,,,
,,,bf:relation,Search related work/series,false,true,bnode,,lc:RT:bf2:RelWorkLookup,,,,,,,https://bibframe.org/view/documentation-marva-manual/work-description/search-related-work.md
,,,bf:relation,Input transcribed series,false,true,bnode,,lc:RT:bf2:SeriesHub,,,,,,,https://bibframe.org/view/documentation-marva-manual/work-description/input-transcribed-series.md
,,,bf:hasInstance,Add BIBFRAME Instance,false,true,bnode,,lc:RT:bf2:MIBluRayDVD:Instance,,,,,,,
lc:RT:bf2:MOPStatement,Medium of performance statement,bf:MusicMedium,rdfs:label,Medium of performance text,false,true,literal,,,,,,,,,
lc:RT:bf2:ManuInfoNew,Manufacture,bf:Manufacture,bf:date,EDTF date (to/from 008),false,true,literal,,,,,,,,,https://bibframe.org/docs/view/documentation-marva-manual/instance-description/provision-activity.md
,,,bf:place,Search place of publication (to/from 008),false,true,,,,http://preprod.id.loc.gov/vocabulary/countries,IRIstem,,,,bf:Place,
,,,bflc:simplePlace,Place (to/from 26X $a),false,true,literal,,,,,,,,,https://bibframe.org/docs/view/documentation-marva-manual/instance-description/provision-activity.md
,,,bflc:simpleAgent,Name (to/from 26X $b),false,true,literal,,,,,,,,,
,,,bflc:simpleDate,Date (to/from 26X $c),false,true,literal,,,,,,,,,
lc:RT:bf2:MarcGT,MARC genre terms,bf:GenreForm,owl:sameAs,Search MARC genre terms,false,true,,,,http://id.loc.gov/vocabulary/marcgt,IRIstem,,,,bf:GenreForm,
,,,bf:source,Source,false,false,,,,http://id.loc.gov/vocabulary/genreFormSchemes,IRIstem,,gmgpc,http://id.loc.gov/vocabulary/genreFormSchemes/gmgpc,bf:Source,
lc:RT:bf2:Monograph:Dissertation,Dissertation,bf:Dissertation,bf:degree,Degree,false,true,literal,,,,,,,,,
,,,bf:grantingInstitution,Institution,false,true,,,,http://id.loc.gov/authorities/names,IRIstem,,,,bf:Agent,
,,,bf:date,Date,false,true,literal,,,,,,,,,
,,,bf:note,Dissertation note,false,true,bnode,,lc:RT:bf2:NoteSimple,,,,,,,
lc:RT:bf2:Monograph:Instance,BIBFRAME Instance,bf:Instance,bf:instanceOf,Instance of,false,false,bnode,,lc:RT:bf2:Monograph:Work,,,,,,,
,,,bf:title,Title information,true,true,bnode,,lc:RT:bf2:InstanceTitle | lc:RT:bf2:Title:VarTitle | lc:RT:bf2:ParallelTitle,,,,,,,https://bibframe.org/docs/view/documentation-marva-manual/instance-description/title-information.md#title-information
,,,bf:responsibilityStatement,Statement of responsibility,false,true,literal,,,,,,,,,https://bibframe.org/docs/view/documentation-marva-manual/instance-description/statement-of-responsibility.md#statement-of-responsibility
,,,bf:editionStatement,Edition statement,false,true,literal,,,,,,,,,https://bibframe.org/docs/view/documentation-marva-manual/instance-description/edition-statement.md#edition-statement
,,,bf:provisionActivity,Provision activity,false,true,bnode,,lc:RT:bf2:PubInfoNew | lc:RT:bf2:DistInfoNew | lc:RT:bf2:ManuInfoNew | lc:RT:bf2:ProdInfoNew,,,,,,,https://bibframe.org/docs/view/documentation-marva-manual/instance-description/provision-activity.md#provision-activity
,,,bf:copyrightDate,Copyright date,false,true,literal,,,,,,,,,
,,,bf:issuance,Mode of issuance,true,true,,,,http://preprod.id.loc.gov/vocabulary/issuance,IRIstem,,single unit,http://id.loc.gov/vocabulary/issuance/mono,bf:Issuance,https://bibframe.org/docs/view/documentation-marva-manual/instance-description/mode-of-issuance.md#mode-of-issuance
,,,bf:identifiedBy,Identifiers,false,true,bnode,,lc:RT:bf2:Identifiers:LCCN|lc:RT:bf2:Identifiers:ISBN|lc:RT:bf2:Identifiers:Oclc|lc:RT:bf2:Identifiers:Other|lc:RT:bf2:Identifiers:Local|lc:RT:bf2:Identifiers:EAN|lc:RT:bf2:Identifiers:Nbn|lc:RT:bf2:Identifiers:LCOverseas|lc:RT:bf2:Identifiers:UPC,,,,,,,https://bibframe.org/docs/view/documentation-marva-manual/instance-description/identifiers.md#identifiers
,,,bf:acquisitionSource,Acquisitions identifiers,false,true,bnode,,lc:RT:bf2:AcqSource,,,,,,,
,,,bf:note,Notes about the Instance,false,true,bnode,,lc:RT:bf2:Note,,,,,,,https://bibframe.org/docs/view/documentation-marva-manual/instance-description/notes-about-instance.md#notes-about-the-instance
,,,bf:supplementaryContent,Supplementary content URL,false,true,bnode,,lc:RT:bf2:SupplContentNote,,,,,,,https://bibframe.org/docs/view/documentation-marva-manual/instance-description/supplementary-content-url.md#supplementary-content-url
,,,bf:immediateAcquisition,Immediate source of acquisition note,false,true,bnode,,lc:RT:bf2:ImmAcqSource,,,,,,,https://bibframe.org/docs/view/documentation-marva-manual/instance-description/acquisition-note.md#immediate-source-of-acquisition-note
,,,bf:media,Media type,true,true,,,,http://preprod.id.loc.gov/vocabulary/mediaTypes,IRIstem,,unmediated,http://id.loc.gov/vocabulary/mediaTypes/n,bf:Media,https://bibframe.org/docs/view/documentation-marva-manual/instance-description/media-type.md#media-type
,,,bf:extent,Physical description,false,true,bnode,,lc:RT:bf2:Extent,,,,,,,https://bibframe.org/docs/view/documentation-marva-manual/instance-description/physical-description.md#extent
,,,bf:dimensions,Dimensions,false,true,literal,,,,,,,,,https://bibframe.org/docs/view/documentation-marva-manual/instance-description/dimensions.md#dimensions
,,,bf:carrier,Carrier type,true,true,,,,http://preprod.id.loc.gov/vocabulary/carriers,IRIstem,,volume,http://id.loc.gov/vocabulary/carriers/nc,bf:Carrier,https://bibframe.org/docs/view/documentation-marva-manual/instance-description/carrier-type.md#carrier-type
,,,bf:systemRequirement,System requirement,,true,bnode,,lc:RT:bf2:SysReq,,,,,,bf:SystemRequirement,
,,,bf:usageAndAccessPolicy,Access policy,false,true,bnode,,lc:RT:bf2:Item:Access,,,,,,,https://bibframe.org/docs/view/documentation-marva-manual/instance-description/access-policy.md#access-policy
,,,bf:notation,Braille?,false,true,,,,http://preprod.id.loc.gov/vocabulary/mtactile,IRIstem,,,,bf:TactileNotation,
,,,bf:electronicLocator,URL of Instance,false,true,bnode,,lc:RT:bf2:URL,,,,,,,https://bibframe.org/docs/view/documentation-marva-manual/instance-description/url-of-instance.md#url-of-instance
,,,bflc:projectedProvisionDate,Projected publication date (YYMM),false,false,literal,,,,,,,,,https://bibframe.org/docs/view/documentation-marva-manual/instance-description/projected-publication-date.md#projected-publication-date-(yymm)
,,,bf:hasItem,Has Item,false,true,bnode,,lc:RT:bf2:Monograph:Item,,,,,,,
lc:RT:bf2:Monograph:Item,BIBFRAME Item,bf:Item,bf:electronicLocator,URL of Item,false,true,bnode,,lc:RT:bf2:URL,,,,,,,
,,,bf:contribution,Collection/contribution,false,true,bnode,,lc:RT:bf2:Agents:bfContribution,,,,,,bf:Contribution,
,,,bf:note,Notes about the Item,false,true,bnode,,lc:RT:bf2:NoteLc,,,,,,,
,,,bf:enumerationAndChronology,Enumeration and chronology of Item,false,true,bnode,,lc:RT:bf2:Item:Enumeration | lc:RT:bf2:Item:Chronology,,,,,,,
,,,bf:immediateAcquisition,Immediate source of acquisition,false,true,bnode,,lc:RT:bf2:ImmAcqSource,,,,,,,
,,,bf:custodialHistory,Custodial history/Provenance,false,true,literal,,,,,,,,,
lc:RT:bf2:Monograph:Work,BIBFRAME Work,bf:Work,bf:expressionOf,Expression of [search for a Hub],false,false,,,,https://id.loc.gov/resources/hubs,IRIstem,,,,bf:Hub,https://bibframe.org/docs/view/documentation-marva-manual/work-description/expression-hub.md
,,,bf:contribution,Creator of Work,false,true,bnode,,lc:RT:bflc:Agents:PrimaryContribution,,,,,,bf:PrimaryContribution,https://bibframe.org/docs/view/documentation-marva-manual/work-description/creator-of-work.md
,,,bf:title,Title information,true,true,bnode,,lc:RT:bf2:WorkTitle | lc:RT:bf2:Title:VarTitle | lc:RT:bf2:ParallelTitle,,,,,,,https://bibframe.org/docs/view/documentation-marva-manual/work-description/title-information.md
,,,bf:contribution,Contributors,false,true,bnode,,lc:RT:bf2:Agents:Contribution,,,,,,bf:Contribution,https://bibframe.org/docs/view/documentation-marva-manual/work-description/contributors.md#contributors
,,,bf:note,Notes about the Work,false,true,bnode,,lc:RT:bf2:Note,,,,,,,https://bibframe.org/docs/view/documentation-marva-manual/work-description/notes-about-work.md#notes-about-the-work
,,,bf:tableOfContents,Contents,false,true,bnode,,lc:RT:bf2:Contents,,,,,,,https://bibframe.org/docs/view/documentation-marva-manual/work-description/contents.md#contents
,,,bf:summary,Summary,false,true,bnode,,lc:RT:bf2:Summary,,,,,,,
,,,bf:subject,Subjects,false,true,bnode,,lc:RT:bf2:Components | lc:RT:bf2:Topic:SubjectWork | lc:RT:bf2:Topic:Place:Components | lc:RT:bf2:Topic:Childrens:Components,,,,,,,https://bibframe.org/docs/view/documentation-marva-manual/work-description/subjects.md
,,,bf:geographicCoverage,Geographic coverage,false,true,bnode,,lc:RT:bf2:Form:Geog,,,,,,,https://bibframe.org/docs/view/documentation-marva-manual/work-description/geographic-coverage.md#geographic-coverage
,,,bf:genreForm,Genre/Form,false,true,bnode,,lc:RT:bf2:Form,,,,,,bf:GenreForm,https://bibframe.org/docs/view/documentation-marva-manual/work-description/genre-form.md#genre%2Fform
,,,bf:classification,Classification numbers,false,true,bnode,,lc:RT:bf2:LCC | lc:RT:bf2:DDC | lc:RT:bf2:NLM | lc:RT:bf2:NAL | lc:RT:bf2:OtherClass,,,,,,,https://bibframe.org/docs/view/documentation-marva-manual/work-description/classification-numbers.md#classification-numbers
,,,bf:intendedAudience,Intended audience,false,true,bnode,,lc:RT:bf2:Audience,,,,,,,https://bibframe.org/docs/view/documentation-marva-manual/work-description/intended-audience.md#intended-audience
,,,bf:content,Content type,true,true,,,,http://preprod.id.loc.gov/vocabulary/contentTypes,IRIstem,,text,http://id.loc.gov/vocabulary/contentTypes/txt,bf:Content,https://bibframe.org/docs/view/documentation-marva-manual/work-description/content-type.md#content-type
,,,bf:language,"Language (008 [1st], 041 $a [others])",false,true,,,,http://preprod.id.loc.gov/vocabulary/languages,IRIstem,,,,bf:Language,https://bibframe.org/docs/view/documentation-marva-manual/work-description/language.md
,,,bf:language,ISO 639-3 language (041 $a),,true,,,,http://id.loc.gov/vocabulary/iso639-3,IRIstem,,,,bf:Language,
,,,bf:accompaniedBy,Language resource (041 $bdefgt),false,true,bnode,,lc:RT:bf2:LangResource,,,,,,,https://bibframe.org/docs/view/documentation-marva-manual/work-description/language.md
,,,bf:note,Language note (041 $hijkmnpqr or 041 1#),false,true,bnode,,lc:RT:bf2:LangNote,,,,,,,https://bibframe.org/docs/view/documentation-marva-manual/work-description/language.md
,,,bf:notation,Notation note,false,true,bnode,,lc:RT:bf2:Notation,,,,,,,
,,,bf:illustrativeContent,Illustrative content,false,true,,,,http://preprod.id.loc.gov/vocabulary/millus,IRIstem,,,,bf:Illustration,https://bibframe.org/docs/view/documentation-marva-manual/work-description/illustrative-content.md
,,,bf:colorContent,Color content,false,true,,,,http://preprod.id.loc.gov/vocabulary/mcolor,IRIstem,,,,bf:ColorContent,https://bibframe.org/docs/view/documentation-marva-manual/work-description/color-content.md
,,,bf:supplementaryContent,Supplementary content,false,true,,,,http://preprod.id.loc.gov/vocabulary/msupplcont,IRIstem,,,,bf:SupplementaryContent,https://bibframe.org/docs/view/documentation-marva-manual/work-description/supplementary-content.md#supplementary-content
,,,bflc:governmentPubType,Government publication,false,true,,,,http://preprod.id.loc.gov/vocabulary/mgovtpubtype,IRIstem,,,,bflc:GovernmentPubType,https://bibframe.org/docs/view/documentation-marva-manual/work-description/government-publication.md
,,,bf:relation,Search related work/series,false,true,bnode,,lc:RT:bf2:RelWorkLookup,,,,,,,https://bibframe.org/docs/view/documentation-marva-manual/work-description/search-related-work.md
,,,bf:relation,Input transcribed series,false,true,bnode,,lc:RT:bf2:SeriesHub,,,,,,,https://bibframe.org/docs/view/documentation-marva-manual/work-description/input-transcribed-series.md
,,,bf:relation,Related work not held by LC,false,true,bnode,,lc:RT:bf2:RelWorkInput,,,,,,,
,,,bf:capture,Event/Capture,,true,bnode,,lc:RT:bf2:Capture,,,,,,,
,,,bf:originDate,Date of Work,false,true,literal,,,,,,,,,https://bibframe.org/docs/view/documentation-marva-manual/work-description/date-of-work.md
,,,bf:originPlace,Country of origin of the Work,false,true,,,,http://preprod.id.loc.gov/vocabulary/countries,IRIstem,,,,bf:Place,https://bibframe.org/docs/view/documentation-marva-manual/work-description/country-of-origin.md
,,,bf:temporalCoverage,(Time) coverage of the content,false,true,literal,,,,,,,,,
,,,bf:contentAccessibility,Accessibility content,false,true,bnode,,lc:RT:bf2:ContAccess,,,,,,,
,,,bf:dissertation,Dissertation,false,true,bnode,,lc:RT:bf2:Monograph:Dissertation,,,,,,,https://bibframe.org/docs/view/documentation-marva-manual/work-description/dissertation.md
,,,bf:hasInstance,Add BIBFRAME Instance,false,true,bnode,,lc:RT:bf2:Monograph:Instance,,,,,,,
lc:RT:bf2:NAL,NAL classification,bf:ClassificationNal,bf:classificationPortion,Classification number,false,true,literal,,,,,,,,,
,,,bf:itemPortion,Additional call number information,false,true,literal,,,,,,,,,
,,,bf:assigner,Assigning agency,false,true,,,,http://preprod.id.loc.gov/vocabulary/organizations,IRIstem,,"United States, National Agricultural Library",http://id.loc.gov/vocabulary/organizations/dnal,bf:Agent,
,,,bf:status,Used by assigning agency?,false,true,,,,http://preprod.id.loc.gov/vocabulary/mstatus,IRIstem,,used by assigner,http://id.loc.gov/vocabulary/mstatus/uba,bf:Status,
lc:RT:bf2:NLM,National Library of Medicine classification,bf:ClassificationNlm,bf:classificationPortion,NLM classification number,false,true,literal,,,,,,,,,
,,,bf:assigner,Assigner,false,true,,,,http://preprod.id.loc.gov/vocabulary/organizations/,IRIstem,,"United States, National Library of Medicine",http://id.loc.gov/vocabulary/organizations/dnlm,bf:Agent,
lc:RT:bf2:NotatedMusic:Instance,BIBFRAME Instance,bf:Instance,bf:instanceOf,Instance of,false,false,bnode,,lc:RT:bf2:NotatedMusic:Work,,,,,,,
,,,bf:title,Title information,true,true,bnode,,lc:RT:bf2:InstanceTitle | lc:RT:bf2:Title:VarTitle | lc:RT:bf2:ParallelTitle | lc:RT:bf2:Title:CollTitle,,,,,,,
,,,bf:responsibilityStatement,Statement of responsibility,false,true,literal,,,,,,,,,
,,,bf:editionStatement,Edition statement,false,true,literal,,,,,,,,,
,,,bf:provisionActivity,Provision activity,false,true,bnode,,lc:RT:bf2:PubInfoNew | lc:RT:bf2:DistInfoNew | lc:RT:bf2:ManuInfoNew | lc:RT:bf2:ProdInfoNew,,,,,,,https://staff.loc.gov/wikis/display/BP2/Marva+cataloging+updates#Marvacatalogingupdates-ProvisionActivity(264)
,,,bf:copyrightDate,Copyright date,false,true,literal,,,,,,,,,
,,,bf:issuance,Mode of issuance,false,true,,,,http://id.loc.gov/vocabulary/issuance,IRIstem,,single unit,http://id.loc.gov/vocabulary/issuance/mono,bf:Issuance,
,,,bf:identifiedBy,Identifiers,false,true,bnode,,lc:RT:bf2:Identifiers:LCCN | lc:RT:bf2:Identifiers:ISBN | lc:RT:bf2:Identifiers:ISMN | lc:RT:bf2:Identifiers:UPC | lc:RT:bf2:Identifiers:Distributor | lc:RT:bf2:Identifiers:MusicPlate | lc:RT:bf2:Identifiers:MusicPub | lc:RT:bf2:Identifiers:Oclc | lc:RT:bf2:Identifiers:Other | lc:RT:bf2:Identifiers:Local | lc:RT:bf2:Identifiers:Copyright,,,,,,,
,,,bf:note,Notes about the Instance,false,true,bnode,,lc:RT:bf2:Note,,,,,,,
,,,bf:supplementaryContent,Supplementary content note,false,true,bnode,,lc:RT:bf2:SupplContentNote,,,,,,,
,,,bf:media,Media type,false,true,,,,http://id.loc.gov/vocabulary/mediaTypes,IRIstem,,unmediated,http://id.loc.gov/vocabulary/mediaTypes/n,bf:Media,
,,,bf:carrier,Carrier type,false,true,,,,http://id.loc.gov/vocabulary/carriers,IRIstem,,volume,http://id.loc.gov/vocabulary/carriers/nc,bf:Carrier,
,,,bf:extent,Physical description,false,true,bnode,,lc:RT:bf2:Extent,,,,,,,
,,,bf:dimensions,Dimensions,false,true,literal,,,,,,,,,
,,,bf:baseMaterial,Base material,false,true,,,,,,,,,bf:BaseMaterial,
,,,bf:productionMethod,Production method,false,true,,,,http://id.loc.gov/vocabulary/mproduction,IRIstem,,,,bf:ProductionMethod,
,,,bf:electronicLocator,URL of Instance,false,true,bnode,,lc:RT:bf2:URL,,,,,,,
,,,bf:hasItem,Has Item,false,true,bnode,,lc:RT:bf2:NotatedMusic:Item,,,,,,,
lc:RT:bf2:NotatedMusic:Item,BIBFRAME Item,bf:Item,bf:electronicLocator,URL of Item,false,true,bnode,,lc:RT:bf2:URL,,,,,,,
,,,bf:contribution,Collection/contribution,false,true,bnode,,lc:RT:bf2:Agents:bfContribution,,,,,,bf:Contribution,
,,,bf:note,Notes about the Item,false,true,bnode,,lc:RT:bf2:NoteLc,,,,,,,
lc:RT:bf2:NotatedMusic:Work,BIBFRAME Work,bf:Work,bf:expressionOf,Expression of [search for a Hub],,,,,,https://id.loc.gov/resources/hubs,IRIstem,,,,bf:Hub,https://bibframe.org/docs/view/documentation-marva-manual/work-description/expression-hub.md
,,,bf:contribution,Creator of Work,false,true,bnode,,lc:RT:bflc:Agents:PrimaryContribution,,,,,,bf:PrimaryContribution,
,,,bf:title,Title information,true,true,bnode,,lc:RT:bf2:WorkTitle | lc:RT:bf2:Title:VarTitle | lc:RT:bf2:ParallelTitle,,,,,,,https://staff.loc.gov/wikis/display/BP2/Marva+cataloging+updates#Marvacatalogingupdates-Work/ExpressionTitles
,,,bf:genreForm,Genre/Form,false,true,bnode,,lc:RT:bf2:Form,,,,,,bf:GenreForm,
,,,bf:originDate,Date of Work,false,true,literal,,,,,,,,,
,,,bf:originPlace,Place of origin of the Work,false,true,,,,http://id.loc.gov/vocabulary/countries,IRIstem,,,,bf:Place,
,,,bf:musicMedium,Medium of performance statement,false,true,bnode,,lc:RT:bf2:MOPStatement,,,,,,,
,,,bf:ensembleSize,Ensemble size,false,true,,,,http://id.loc.gov/vocabulary/ensemblesize,IRIstem,,,,bf:EnsembleSize,
,,,bf:mediumComponent,Medium component,false,true,bnode,,lc:RT:bf2:PMOMedPerf:MediumComp,,,,,,,
,,,bf:identifiedBy,Identifiers,false,true,bnode,,lc:RT:bf2:Identifiers:OpusNumber|lc:RT:bf2:Identifiers:ThematicCatalog|lc:RT:bf2:Identifiers:SerialNumber,,,,,,,
,,,bf:keyMode,Key and mode,false,true,bnode,,lc:RT:bf2:KeyMode,,,,,,,
,,,bf:intendedAudience,Intended audience,false,true,bnode,,lc:RT:bf2:Audience,,,,,,,
,,,bf:contribution,Contribution,false,true,bnode,,lc:RT:bf2:Agents:Contribution,,,,,,bf:Contribution,
,,,bf:classification,Classification numbers,false,true,bnode,,lc:RT:bf2:LCC | lc:RT:bf2:DDC,,,,,,,
,,,bf:subject,Subjects,false,true,bnode,,lc:RT:bf2:Components | lc:RT:bf2:Topic:Place:Components | lc:RT:bf2:Topic:SubjectWork,,,,,,,
,,,bf:note,Notes about the Work,false,true,bnode,,lc:RT:bf2:Note,,,,,,,
,,,bf:tableOfContents,Contents,false,true,bnode,,lc:RT:bf2:Contents,,,,,,,
,,,bf:content,Content type,false,true,,,,http://id.loc.gov/vocabulary/contentTypes,IRIstem,,Notated music,http://id.loc.gov/vocabulary/contentTypes/ntm,bf:Content,
,,,bf:language,"Language (008 [1st], 041 $a [others])",false,true,,,,http://id.loc.gov/vocabulary/languages,IRIstem,,,,bf:Language,https://staff.loc.gov/wikis/display/BP2/Marva+cataloging+updates#Marvacatalogingupdates-Languages(041)
,,,bf:language,ISO 639-3 language (041 $a),,true,,,,http://id.loc.gov/vocabulary/iso639-3,IRIstem,,,,bf:Language,
,,,bf:accompaniedBy,Language resource (041 $bdefgt),false,true,bnode,,lc:RT:bf2:LangResource,,,,,,,https://staff.loc.gov/wikis/display/BP2/Marva+cataloging+updates#Marvacatalogingupdates-Languages(041)
,,,bf:note,Language note (041 $hijkmnpqr),false,true,bnode,,lc:RT:bf2:LangNote,,,,,,,https://staff.loc.gov/wikis/display/BP2/Marva+cataloging+updates#Marvacatalogingupdates-Languages(041)
,,,bf:summary,Summary,false,true,bnode,,lc:RT:bf2:Summary,,,,,,,
,,,bf:musicFormat,"Format (score, part, etc.)",false,true,,,,http://id.loc.gov/vocabulary/mmusicformat,IRIstem,,,,bf:MusicFormat,
,,,bf:notation,"Notation (staff, graphic, etc.)",false,true,,,,http://id.loc.gov/vocabulary/mmusnotation,IRIstem,,,,bf:MusicNotation,
,,,bf:notation,Script,false,true,,,,http://id.loc.gov/vocabulary/mscript,IRIstem,,,,bf:Script,
,,,bf:illustrativeContent,Illustrative content,false,true,,,,http://id.loc.gov/vocabulary/millus,IRIstem,,,,bf:Illustration,
,,,bf:supplementaryContent,Supplementary content,false,true,,,,http://id.loc.gov/vocabulary/msupplcont,IRIstem,,,,bf:SupplementaryContent,
,,,bf:colorContent,Color content,false,true,,,,http://id.loc.gov/vocabulary/mcolor,IRIstem,,,,bf:ColorContent,
,,,bf:duration,Duration,false,true,literal,,,,,,,,,
,,,bf:relation,Search related work/series,false,true,bnode,,lc:RT:bf2:RelWorkLookup,,,,,,,"https://staff.loc.gov/wikis/display/BP2/Marva+cataloging+updates#Marvacatalogingupdates-Hubs(240;X00,X10,X11with$t;X30)"
,,,bf:relation,Input transcribed series,false,true,bnode,,lc:RT:bf2:SeriesHub,,,,,,,"https://staff.loc.gov/wikis/display/BP2/Marva+cataloging+updates#Marvacatalogingupdates-Series(490,8XX)"
,,,bf:hasInstance,Add BIBFRAME Instance,false,true,bnode,,lc:RT:bf2:NotatedMusic:Instance,,,,,,,
lc:RT:bf2:Notation,Notation note,bf:Notation,rdfs:label,Notation note,false,true,literal,,,,,,,,,
lc:RT:bf2:Note,Note,bf:Note,rdfs:label,Note,false,false,literal,,,,,,,,,
,,,rdf:type,Note type,false,true,,,,http://preprod-8080.id.loc.gov/vocabulary/mnotetype,IRIstem,,,,,
lc:RT:bf2:NoteLc,LC-specific note,bf:Note,rdfs:label,Note,false,true,literal,,,,,,,,,
,,,rdf:type,Note type,false,true,,,,http://id.loc.gov/vocabulary/mnotetype,IRIstem,,,,,
,,,bflc:applicableInstitution,Applicable institution,false,true,,,,http://id.loc.gov/vocabulary/organizations,IRIstem,,DLC,http://id.loc.gov/vocabulary/organizations/dlc,bf:Agent,
lc:RT:bf2:NoteSimple,Simple note,bf:Note,rdfs:label,Note,false,true,literal,,,,,,,,,
lc:RT:bf2:OtherClass,Other classification number,bf:Classification,bf:classificationPortion,Other classification number,false,true,literal,,,,,,,,,
,,,bf:itemPortion,Additional call number information,false,true,literal,,,,,,,,,
,,,bf:assigner,Assigner,false,true,,,,http://preprod.id.loc.gov/vocabulary/organizations,IRIstem,,,,bf:Agent,
lc:RT:bf2:PMOMedPerf:Ensemble,Medium of performance,bf:Ensemble,bflc:appliesTo,Applies to,,,bnode,,lc:RT:bf2:AppliesTo,,,,,,,
,,,bf:mediumComponent,Medium component,,true,bnode,,lc:RT:bf2:PMOMedPerf:MediumComp,,,,,,,
,,,bf:ensembleSize,Ensemble size,,true,,,,http://id.loc.gov/vocabulary/ensemblesize,IRIstem,,,,,
,,,bf:status,Status (partial),,,,,,hrrp://id.loc.gov/vocabulary/mstatus,IRIstem,,,,,
lc:RT:bf2:PMOMedPerf:MediumComp,Medium Component,bf:MediumComponent,bf:mediumOfPerformance,Medium of performance,false,true,,,,http://id.loc.gov/authorities/performanceMediums,IRIstem,,,,,
,,,bf:count,Count,false,true,literal,,,,,,,,,
,,,bf:mediumComponentQualifier,Component qualifier,false,true,,,,http://id.loc.gov/vocabulary/medcompqual,IRIstem,,,,,
,,,bf:note,Note,false,true,bnode,,lc:RT:bf2:NoteSimple,,,,,,,
,,,bf:numberOfHands,Number of hands,false,true,literal,,,,,,,,,
lc:RT:bf2:ParallelTitle,Parallel title,bf:ParallelTitle,bf:mainTitle,Parallel title,false,false,literal,,,,,,,,,https://bibframe.org/docs/view/documentation-marva-manual/instance-description/title-information.md
,,,bf:partNumber,Part number,false,true,literal,,,,,,,,,
,,,bf:partName,Part name,false,true,literal,,,,,,,,,
,,,bf:subtitle,Other title information,false,true,literal,,,,,,,,,
,,,bf:date,Date,false,true,literal,,,,,,,,,
,,,bf:note,Note,false,true,bnode,,lc:RT:bf2:NoteSimple,,,,,,,
lc:RT:bf2:Playback,Playback channels,bf:PlaybackChannels,owl:sameAs,Lookup,false,false,,,,http://id.loc.gov/vocabulary/mplayback,IRIstem,,,,,
lc:RT:bf2:PlayingSpeed,Playing speed,bf:PlayingSpeed,rdfs:label,Playing speed,false,true,literal,,,,,,1.4 m/s,,,
lc:RT:bf2:PrintPhoto:AcqSource,Source of acquisition,bf:AcquisitionSource,bf:identifiedBy,Identifier,false,true,bnode,,lc:RT:bf2:Identifiers:StockNumber,,,,,,,
,,,bf:acquisitionTerms,Terms of acquisition,false,true,literal,,,,,,,,,
lc:RT:bf2:PrintPhoto:Arrangement,Arrangement of materials,bf:CollectionArrangement,rdfs:label,Arrangement of materials,false,true,literal,,,,,,,,,
lc:RT:bf2:PrintPhoto:Geog,GeoNames,bf:GeographicCoverage,owl:sameAs,Search GeoNames,false,true,,,,https://lookup.ld4l.org/authorities/search/linked_data/geonames_ld4l_cache,IRIstem,,,,,
lc:RT:bf2:PrintPhoto:Instance,Instance,bf:Instance,bf:instanceOf,Instance of,false,false,bnode,,lc:RT:bf2:PrintPhoto:Work,,,,,,,
,,,bf:title,Title,false,true,bnode,,lc:RT:bf2:InstanceTitle | lc:RT:bf2:Title:CollTitle | lc:RT:bf2:Title:VarTitle,,,,,,,
,,,bf:responsibilityStatement,Statement of responsibility,false,true,literal,,,,,,,,,
,,,bf:editionStatement,Edition statement,false,true,literal,,,,,,,,,
,,,bf:provisionActivity,Provision activity,false,true,bnode,,lc:RT:bf2:ProdInfoNew | lc:RT:bf2:PubInfoNew,,,,,,,https://staff.loc.gov/wikis/display/BP2/Marva+cataloging+updates#Marvacatalogingupdates-ProvisionActivity(264)
,,,bf:copyrightDate,Copyright date,false,true,literal,,,,,,,,,
,,,bf:identifiedBy,Identifiers,false,true,bnode,,lc:RT:bf2:Identifiers:LCCN | lc:RT:bf2:Identifiers:Copyright | lc:RT:bf2:Identifiers:Other | lc:RT:bf2:Identifiers:Local | lc:RT:bf2:Identifiers:Oclc,,,,,,,
,,,bf:note,Notes about the Instance,false,true,bnode,,lc:RT:bf2:PrintPhoto:Note,,,,,,,
,,,bf:supplementaryContent,Supplementary content URL,false,true,bnode,,lc:RT:bf2:SupplContentNote,,,,,,,
,,,bf:issuance,Mode of issuance,false,true,,,,http://id.loc.gov/vocabulary/issuance,IRIstem,,single unit,http://id.loc.gov/vocabulary/issuance/mono,bf:Issuance,
,,,bf:media,Media type,false,true,,,,http://id.loc.gov/vocabulary/mediaTypes,IRIstem,,unmediated,http://id.loc.gov/vocabulary/mediaTypes/n,bf:Media,
,,,bf:carrier,Carrier type,false,true,,,,http://id.loc.gov/vocabulary/carriers,IRIstem,,sheet,http://id.loc.gov/vocabulary/carriers/nb,bf:Carrier,
,,,bf:extent,Physical description,false,true,bnode,,lc:RT:bf2:Extent,,,,,,,
,,,bf:dimensions,Dimensions,false,true,literal,,,,,,,,,
,,,bf:baseMaterial,Base material,false,true,,,,http://id.loc.gov/vocabulary/mmaterial,IRIstem,,,,bf:BaseMaterial,
,,,bf:digitalCharacteristic,File type,false,true,,,,http://id.loc.gov/vocabulary/mfiletype,IRIstem,,image file,http://id.loc.gov/vocabulary/mfiletype/image,bf:FileType,
,,,bf:usageAndAccessPolicy,Usage and access policies,false,true,bnode,,lc:RT:bf2:Item:Access | lc:RT:bf2:Item:Use,,,,,,,
,,,bf:hasItem,Add Item information,false,true,bnode,,lc:RT:bf2:PrintPhoto:Item,,,,,,,
lc:RT:bf2:PrintPhoto:Item,Item,bf:Item,bf:acquisitionSource,Local copy identifier,false,true,bnode,,lc:RT:bf2:PrintPhoto:AcqSource,,,,,,,
,,,bf:electronicLocation,URL of digital item,false,true,bnode,,lc:RT:bf2:URL,,,,,,,
,,,bf:contribution,Collection/contribution,false,true,bnode,,lc:RT:bf2:Agents:bfContribution,,,,,,bf:Contribution,
,,,bf:note,Notes about the Item,false,true,bnode,,lc:RT:bf2:PrintPhoto:Note,,,,,,,
,,,bf:usageAndAccessPolicy,"Lending, reproduction, and retention policies",false,true,bnode,,lc:RT:bf2:Item:Access | lc:RT:bf2:Item:Use | lc:RT:bf2:Item:Retention,,,,,,,
,,,bf:custodialHistory,Custodial history,false,true,literal,,,,,,,,,
,,,bf:immediateAcquisition,Immediate source of acquisition,false,true,bnode,,lc:RT:bf2:ImmAcqSource,,,,,,,
lc:RT:bf2:PrintPhoto:Note,Note,bf:Note,rdfs:label,Note,false,true,literal,,,,,,,,,
,,,bf:noteType,Note type,false,true,,,,https://id.loc.gov/vocabulary/mnotetype,IRIstem,,,,,
,,,rdf:value,URL related to Note,false,true,literal,,,,,,,,,
,,,bflc:applicableInstitution,Applicable institution,false,true,,,,http://id.loc.gov/vocabulary/organizations,IRIstem,,DLC,http://id.loc.gov/vocabulary/organizations/dlc,bflc:ApplicableInstitution,
lc:RT:bf2:PrintPhoto:TGMGenre,TGM Genre,bf:GenreForm,mads:componentList,Search TGM,false,true,bnode,,lc:RT:bf2:PrintPhoto:TGMGenreSearch | lc:RT:bf2:PrintPhoto:TGMTemporal,,,,,,mads:ComponentList,
,,,bf:source,Source of term,false,false,,,,http://id.loc.gov/vocabulary/genreFormSchemes,IRIstem,,gmgpc,http://id.loc.gov/vocabulary/genreFormSchemes/gmgpc,bf:Source,
lc:RT:bf2:PrintPhoto:TGMGenreSearch,Search TGM (Genre),mads:GenreForm,owl:sameAs,Search TGM,false,true,,,,http://id.loc.gov/vocabulary/graphicMaterials,IRIstem,,,,mads:GenreForm,
lc:RT:bf2:PrintPhoto:TGMSearch,Search TGM (Topic),mads:Topic,owl:sameAs,Search TGM,false,true,,,,http://id.loc.gov/vocabulary/graphicMaterials,IRIstem,,,,mads:Topic,
lc:RT:bf2:PrintPhoto:TGMSubject,TGM Subject,bf:Topic,mads:componentList,Search TGM,false,true,bnode,,lc:RT:bf2:PrintPhoto:TGMSearch | lc:RT:bf2:Topic:madsTopicSubdivision | lc:RT:bf2:Topic:madsGeographic | lc:RT:bf2:PrintPhoto:TGMTemporal,,,,,,,
,,,bf:source,Source of term,false,false,,,,http://id.loc.gov/vocabulary/subjectSchemes,IRIstem,,lctgm,http://id.loc.gov/vocabulary/subjectSchemes/lctgm,bf:Source,
lc:RT:bf2:PrintPhoto:TGMTemporal,Chronological subdivision,mads:Temporal,rdfs:label,Chronological subdivision,false,true,literal,,,,,,,,,
lc:RT:bf2:PrintPhoto:Work,Work,bf:Work,bf:title,Title,false,true,bnode,,lc:RT:bf2:WorkTitle | lc:RT:bf2:Title:VarTitle | lc:RT:bf2:ParallelTitle,,,,,,,https://staff.loc.gov/wikis/display/BP2/Marva+cataloging+updates#Marvacatalogingupdates-Work/ExpressionTitles
,,,bf:contribution,Creator,false,true,bnode,,lc:RT:bflc:Agents:PrimaryContribution,,,,,,bf:PrimaryContribution,
,,,bf:contribution,Contributor(s),false,true,bnode,,lc:RT:bf2:Agents:Contribution,,,,,,bf:Contribution,
,,,bf:genreForm,Genre/Form,false,true,bnode,,lc:RT:bf2:Form | lc:RT:bf2:PrintPhoto:TGMGenre,,,,,,bf:GenreForm,
,,,bf:subject,Subjects,false,true,bnode,,lc:RT:bf2:PrintPhoto:TGMSubject | lc:RT:bf2:Components | lc:RT:bf2:Topic:Place:Components | lc:RT:bf2:Topic:SubjectWork,,,,,,,
,,,bf:geographicCoverage,Geographic coverage,false,true,bnode,,lc:RT:bf2:Form:Geog,,,,,,,
,,,bf:temporalCoverage,Time coverage of the Work,false,true,literal,,,,,,,,,
,,,bf:originPlace,Place associated with the Work,false,true,,,,http://id.loc.gov/vocabulary/countries,IRIstem,,,,bf:Place,
,,,bf:content,Content type,false,true,,,,http://id.loc.gov/vocabulary/contentTypes,IRIstem,,still image,http://id.loc.gov/vocabulary/contentTypes/sti,bf:Content,
,,,bf:note,Notes about the Work,false,true,bnode,,lc:RT:bf2:PrintPhoto:Note,,,,,,,
,,,bf:tableOfContents,Contents,false,true,bnode,,lc:RT:bf2:Contents,,,,,,,
,,,bf:summary,Summary,false,true,bnode,,lc:RT:bf2:Summary,,,,,,,
,,,bf:illustrativeContent,Illustrative content,false,true,,,,http://id.loc.gov/vocabulary/millus,IRIstem,,,,bf:Illustration,
,,,bf:colorContent,Color content,false,true,,,,http://id.loc.gov/vocabulary/mcolor,IRIstem,,,,bf:ColorContent,
,,,bf:language,"Language (008 [1st], 041 $a [others])",false,true,,,,http://id.loc.gov/vocabulary/languages,IRIstem,,,,bf:Language,https://staff.loc.gov/wikis/display/BP2/Marva+cataloging+updates#Marvacatalogingupdates-Languages(041)
,,,bf:language,ISO 639-3 language (041 $a),,true,,,,http://id.loc.gov/vocabulary/iso639-3,IRIstem,,,,bf:Language,
,,,bf:accompaniedBy,Language resource (041 $bdefgt),false,true,bnode,,lc:RT:bf2:LangResource,,,,,,,https://staff.loc.gov/wikis/display/BP2/Marva+cataloging+updates#Marvacatalogingupdates-Languages(041)
,,,bf:note,Language note (041 $hijkmnpqr),false,true,bnode,,lc:RT:bf2:LangNote,,,,,,,https://staff.loc.gov/wikis/display/BP2/Marva+cataloging+updates#Marvacatalogingupdates-Languages(041)
,,,bf:collectionArrangement,Arrangement of materials,false,true,bnode,,lc:RT:bf2:PrintPhoto:Arrangement,,,,,,,
,,,bf:relation,Input transcribed series,false,true,bnode,,lc:RT:bf2:SeriesHub,,,,,,,
,,,bf:relation,Search related work/series,false,true,bnode,,lc:RT:bf2:RelWorkLookup,,,,,,,
,,,bf:hasInstance,Add Instance information,false,true,bnode,,lc:RT:bf2:PrintPhoto:Instance,,,,,,,
lc:RT:bf2:ProdInfoNew,Production,bf:Production,bf:date,EDTF date (to/from 008),false,true,literal,,,,,,,,,https://bibframe.org/docs/view/documentation-marva-manual/instance-description/provision-activity.md
,,,bf:place,Search place of publication (to/from 008),false,true,,,,http://preprod.id.loc.gov/vocabulary/countries,IRIstem,,,,bf:Place,
,,,bflc:simplePlace,Place (to/from 26X $a),false,true,literal,,,,,,,,,https://bibframe.org/docs/view/documentation-marva-manual/instance-description/provision-activity.md
,,,bflc:simpleAgent,Name (to/from 26X $b),false,true,literal,,,,,,,,,
,,,bflc:simpleDate,Date (to/from 26X $c),false,true,literal,,,,,,,,,
lc:RT:bf2:ProjFormat,Presentation format,bf:PresentationFormat,owl:sameAs,Lookup,false,false,,,,http://id.loc.gov/vocabulary/mpresformat,IRIstem,,,,,
lc:RT:bf2:ProjSpeed,Projection speed,bf:ProjectionSpeed,rdfs:label,Projection speed,false,true,literal,,,,,,,,,
lc:RT:bf2:PubInfoNew,Publication,bf:Publication,bf:date,EDTF date (to/from 008),false,true,literal,,,,,,,,,https://bibframe.org/docs/view/documentation-marva-manual/instance-description/provision-activity.md
,,,bf:place,Search place of publication (to/from 008),false,true,,,,http://preprod.id.loc.gov/vocabulary/countries,IRIstem,,,,bf:Place,
,,,bflc:simplePlace,Place (to/from 26X $a),false,true,literal,,,,,,,,,https://bibframe.org/docs/view/documentation-marva-manual/instance-description/provision-activity.md
,,,bflc:simpleAgent,Name (to/from 26X $b),false,true,literal,,,,,,,,,
,,,bflc:simpleDate,Date (to/from 26X $c),false,true,literal,,,,,,,,,
lc:RT:bf2:RareMat:Genre,Genre/Form,bf:GenreForm,owl:sameAs,Genre/Form,false,true,,,,http://id.loc.gov/authorities/genreForms,IRIstem,,,,,
,,,bflc:applicableInstitution,Applicable institution,false,true,,,,http://id.loc.gov/vocabulary/organizations,IRIstem,,DLC,http://id.loc.gov/vocabulary/organizations/dlc,bf:Agent,
lc:RT:bf2:RareMat:Instance,BIBFRAME Instance,bf:Instance,bf:instanceOf,Instance of,false,false,bnode,,lc:RT:bf2:RareMat:Work,,,,,,,
,,,bf:title,Title information,true,true,bnode,,lc:RT:bf2:InstanceTitle | lc:RT:bf2:Title:VarTitle | lc:RT:bf2:ParallelTitle | lc:RT:bf2:Title:CollTitle,,,,,,,https://bibframe.org/view/documentation-marva-manual/instance-description/title-information.md
,,,bf:responsibilityStatement,Statement of responsiblity,false,true,literal,,,,,,,,,https://bibframe.org/view/documentation-marva-manual/instance-description/statement-of-responsibility.md
,,,bf:editionStatement,Edition statement,false,true,literal,,,,,,,,,https://bibframe.org/view/documentation-marva-manual/instance-description/edition-statement.md
,,,bf:provisionActivity,Provision activity,false,true,bnode,,lc:RT:bf2:PubInfoNew | lc:RT:bf2:DistInfoNew | lc:RT:bf2:ManuInfoNew | lc:RT:bf2:ProdInfoNew,,,,,,,https://bibframe.org/view/documentation-marva-manual/instance-description/provision-activity.md
,,,bf:copyrightDate,Copyright date,false,true,literal,,,,,,,,,https://bibframe.org/view/documentation-marva-manual/instance-description/copyright-date.md
,,,bf:genreForm,Genre/Form,false,true,,,,http://id.loc.gov/authorities/genreForms,IRIstem,,,,bf:GenreForm,
,,,bf:identifiedBy,Identifiers,false,true,bnode,,lc:RT:bf2:Identifiers:LCCN | lc:RT:bf2:Identifiers:ISBN | lc:RT:bf2:Identifiers:Other | lc:RT:bf2:Identifiers:Local | lc:RT:bf2:Identifiers:Oclc,,,,,,,https://bibframe.org/view/documentation-marva-manual/instance-description/identifiers.md
,,,bf:note,Notes about the Instance,false,true,bnode,,lc:RT:bf2:Note,,,,,,,https://bibframe.org/view/documentation-marva-manual/instance-description/notes-about-instance.md
,,,bf:supplementaryContent,Supplementary content URL,false,true,bnode,,lc:RT:bf2:SupplContentNote,,,,,,,https://bibframe.org/view/documentation-marva-manual/instance-description/supplementary-content-url.md
,,,bf:issuance,Mode of issuance,false,true,,,,http://id.loc.gov/vocabulary/issuance,IRIstem,,single unit,http://id.loc.gov/vocabulary/issuance/mono,bf:Issuance,https://bibframe.org/view/documentation-marva-manual/instance-description/mode-of-issuance.md
,,,bf:media,Media type,false,true,,,,http://id.loc.gov/vocabulary/mediaTypes,IRIstem,,unmediated,http://id.loc.gov/vocabulary/mediaTypes/n,bf:Media,https://bibframe.org/view/documentation-marva-manual/instance-description/media-type.md
,,,bf:carrier,Carrier type,false,true,,,,http://id.loc.gov/vocabulary/carriers,IRIstem,,volume,http://id.loc.gov/vocabulary/carriers/nc,bf:Carrier,https://bibframe.org/view/documentation-marva-manual/instance-description/carrier-type.md
,,,bf:extent,Physical description,false,true,bnode,,lc:RT:bf2:Extent,,,,,,,https://bibframe.org/view/documentation-marva-manual/instance-description/physical-description.md
,,,bf:dimensions,Dimensions,false,true,literal,,,,,,,,,https://bibframe.org/view/documentation-marva-manual/instance-description/dimensions.md
,,,bf:bookFormat,Book format,false,true,,,,http://id.loc.gov/vocabulary/bookformat,IRIstem,,,,bf:BookFormat,
,,,bf:hasItem,Has Item,false,true,bnode,,lc:RT:bf2:RareMat:Item,,,,,,,
,,,bf:note,References/Citation note,,true,bnode,,lc:RT:bf2:RareMat:RefWorkNote,,,,,,,
lc:RT:bf2:RareMat:Item,BIBFRAME Item,bf:Item,bf:classification,Classification number,false,true,bnode,,lc:RT:bf2:RareMat:ItemLcc,,,,,,,
,,,bf:contribution,Agents/collections associated with Item,false,true,bnode,,lc:RT:bf2:Agents:bfContribution,,,,,,bf:Contribution,
,,,bf:custodialHistory,Custodial history/Provenance,false,true,literal,,,,,,,,,
,,,bf:immediateAcquisition,Immediate source of acquisition,false,true,bnode,,lc:RT:bf2:ImmAcqSource,,,,,,,
,,,bf:note,Notes about the Item,false,true,bnode,,lc:RT:bf2:NoteLc,,,,,,,
,,,bf:genreForm,Genre/Form,false,true,bnode,,lc:RT:bf2:RareMat:Genre,,,,,,,
,,,bf:usageAndAccessPolicy,Usage and access policy,false,true,bnode,,lc:RT:bf2:Item:Access | lc:RT:bf2:Item:Use | lc:RT:bf2:Item:Retention,,,,,,,
,,,bf:title,Item title,false,true,bnode,,lc:RT:bf2:Title:VarTitle,,,,,,,
lc:RT:bf2:RareMat:ItemLcc,Library of Congress classification,bf:ClassificationLcc,bf:classificationPortion,Classification number,false,true,literal,,,,,,,,,
,,,bf:itemPortion,Additional call number information,false,true,literal,,,,,,,,,
,,,bf:note,Copy note,false,true,bnode,,lc:RT:bf2:NoteSimple,,,,,,,
lc:RT:bf2:RareMat:RefWork,Related Works,bf:Relation,bf:title,Title,false,false,bnode,,lc:RT:bf2:RareMat:RefWorkTitle,,,,,,,
,,,bf:note,Location of citation,false,true,bnode,,lc:RT:bf2:RareMat:RefWorkNote,,,,,,,
,,,rdf:value,URL for reference,false,true,bnode,,lc:RT:bf2:URL,,,,,,,
,,,bf:relationship,Relationship,,,IRI,,,http://id.loc.gov/vocabulary/relationship,IRIstem,,indexed in,http://id.loc.gov/vocabulary/relationship/indexedin,,
lc:RT:bf2:RareMat:RefWorkNote,References/Citation note,bf:Note,rdfs:label,Note/name of source,false,false,literal,,,,,,,,,
,,,rdf:type,Note type,false,false,,,,http://id.loc.gov/vocabulary/mnotetype,IRIstem,,reference citation,http://id.loc.gov/vocabulary/mnotetype/refcitation,,
,,,bflc:citation,Location within source,,,literal,,,,,,,,,
,,,bf:electronicLocator,URL,,,bnode,,lc:RT:bf2:URL,,,,,,,
,,,bflc:appliesTo,Applies to,,,bnode,,lc:RT:bf2:AppliesTo,,,,,,,
,,,bflc:applicableInstitution,Applicable institution,,,,,,http://id.loc.gov/vocabulary/organizations,IRIstem,,,,,
lc:RT:bf2:RareMat:RefWorkTitle,References title,bf:Title,bf:mainTitle,Title,false,true,literal,,,,,,,,,
lc:RT:bf2:RareMat:Work,BIBFRAME Work,bf:Work,bf:expressionOf,Expression of [search for a Hub],false,true,,,,https://id.loc.gov/resources/hubs,IRIstem,,,,bf:Hub,https://bibframe.org/view/documentation-marva-manual/work-description/expression-hub.md
,,,bf:contribution,Creator of Work,false,true,bnode,,lc:RT:bflc:Agents:PrimaryContribution,,,,,,bf:PrimaryContribution,https://bibframe.org/docs/view/documentation-marva-manual/work-description/creator-of-work.md
,,,bf:title,Title information,true,true,bnode,,lc:RT:bf2:WorkTitle | lc:RT:bf2:Title:VarTitle | lc:RT:bf2:ParallelTitle,,,,,,,https://bibframe.org/view/documentation-marva-manual/work-description/title-information.md
,,,bf:contribution,Contributors,false,true,bnode,,lc:RT:bf2:Agents:Contribution,,,,,,bf:Contribution,https://bibframe.org/view/documentation-marva-manual/work-description/contributors.md
,,,bf:subject,Subjects,false,true,bnode,,lc:RT:bf2:Components | lc:RT:bf2:Topic:SubjectWork,,,,,,,https://bibframe.org/view/documentation-marva-manual/work-description/subjects.md
,,,bf:geographicCoverage,Geographic coverage,false,true,bnode,,lc:RT:bf2:Form:Geog,,,,,,,https://bibframe.org/view/documentation-marva-manual/work-description/geographic-coverage.md
,,,bf:genreForm,Genre/Form,false,true,bnode,,lc:RT:bf2:Form,,,,,,bf:GenreForm,https://bibframe.org/view/documentation-marva-manual/work-description/genre-form.md
,,,bf:classification,Classification numbers,false,true,bnode,,lc:RT:bf2:LCC | lc:RT:bf2:DDC,,,,,,,https://bibframe.org/view/documentation-marva-manual/work-description/classification-numbers.md
,,,bf:intendedAudience,Intended audience,false,true,bnode,,lc:RT:bf2:Audience,,,,,,,https://bibframe.org/view/documentation-marva-manual/work-description/intended-audience.md
,,,bf:content,Content type,false,true,,,,http://id.loc.gov/vocabulary/contentTypes,IRIstem,,text,http://id.loc.gov/vocabulary/contentTypes/txt,bf:Content,https://bibframe.org/view/documentation-marva-manual/work-description/content-type.md
,,,bf:note,Notes about the Work,false,true,bnode,,lc:RT:bf2:Note,,,,,,,https://bibframe.org/view/documentation-marva-manual/work-description/notes-about-work.md
,,,bf:tableOfContents,Contents,false,true,bnode,,lc:RT:bf2:Contents,,,,,,,https://bibframe.org/view/documentation-marva-manual/work-description/contents.md
,,,bf:summary,Summary,false,true,bnode,,lc:RT:bf2:Summary,,,,,,,https://bibframe.org/view/documentation-marva-manual/work-description/summary.md
,,,bf:language,"Language (008 [1st], 041 $a [others])",false,true,,,,http://id.loc.gov/vocabulary/languages,IRIstem,,,,bf:Language,https://bibframe.org/view/documentation-marva-manual/work-description/language.md
,,,bf:language,ISO 639-3 language (041 $a),,true,,,,http://id.loc.gov/vocabulary/iso639-3,IRIstem,,,,bf:Language,
,,,bf:accompaniedBy,Language resource (041 $bdefgt),false,true,bnode,,lc:RT:bf2:LangResource,,,,,,,https://bibframe.org/view/documentation-marva-manual/work-description/language.md
,,,bf:note,Language note (041 $hijkmnpqr),false,true,bnode,,lc:RT:bf2:LangNote,,,,,,,https://bibframe.org/view/documentation-marva-manual/work-description/language.md
,,,bf:supplementaryContent,Supplementary content,false,true,,,,http://id.loc.gov/vocabulary/msupplcont,IRIstem,,,,bf:SupplementaryContent,https://bibframe.org/view/documentation-marva-manual/work-description/supplementary-content.md
,,,bf:illustrativeContent,Illustrative content,false,false,,,,http://id.loc.gov/vocabulary/millus,IRIstem,,,,bf:Illustration,https://bibframe.org/view/documentation-marva-manual/work-description/illustrative-content.md
,,,bf:colorContent,Color content,false,true,,,,http://id.loc.gov/vocabulary/mcolor,IRIstem,,,,bf:ColorContent,https://bibframe.org/view/documentation-marva-manual/work-description/color-content.md
,,,bf:relation,Search related work/series,,true,bnode,,lc:RT:bf2:RelWorkLookup,,,,,,,https://bibframe.org/docs/view/documentation-marva-manual/work-description/search-related-work.md
,,,bf:relation,Input transcribed series,false,true,bnode,,lc:RT:bf2:SeriesHub,,,,,,,https://bibframe.org/view/documentation-marva-manual/work-description/input-transcribed-series.md
,,,bf:hasInstance,Add BIBFRAME Instance,false,true,bnode,,lc:RT:bf2:RareMat:Instance,,,,,,,
lc:RT:bf2:RecGen,Recording generation,bf:Generation,owl:sameAs,Lookup,false,false,,,,http://id.loc.gov/vocabulary/mgeneration,IRIstem,,,,,
lc:RT:bf2:RecMedium,Recording medium (optical),bf:RecordingMedium,owl:sameAs,Lookup,false,false,,,,http://id.loc.gov/vocabulary/mrecmedium,IRIstem,,optical,http://id.loc.gov/vocabulary/mrecmedium/opt,,
lc:RT:bf2:RecMedium2,Recording medium (magnetic),bf:RecordingMedium,owl:sameAs,Lookup,false,false,,,,http://id.loc.gov/vocabulary/mrecmedium,IRIstem,,magnetic,http://id.loc.gov/vocabulary/mrecmedium/mag,,
lc:RT:bf2:RegEncoding,Regional encoding,bf:RegionalEncoding,owl:sameAs,Lookup,false,false,,,,http://id.loc.gov/vocabulary/mregencoding,IRIstem,,,,,
lc:RT:bf2:RelWorkInput,Related work not in LC catalog,bf:Relation,bf:relationship,Relationship designator,false,true,,,,http://preprod.id.loc.gov/vocabulary/relationship,IRIstem,,,,bf:Relationship,
,,,bf:contribution,Contributor,false,true,bnode,,lc:RT:bf2:Agent:bfPerson | lc:RT:bf2:Agent:bfCorp | lc:RT:bf2:Agent:bfConf | lc:RT:bf2:Agent:bfFamily | lc:RT:bf2:Agent:bfJurisdiction,,,,,,bf:Contribution,
,,,bf:title,Title,false,true,bnode,,lc:RT:bf2:RelWorkInputTitle,,,,,,,
,,,bf:identifiedBy,"Identifiers (OCLC, ISBN)",false,true,bnode,,lc:RT:bf2:RelWorkInputIsbn,,,,,,,
,,,bf:note,Note,false,true,bnode,,lc:RT:bf2:NoteSimple,,,,,,,
,,,bflc:appliesTo,Applies to,false,true,bnode,,lc:RT:bf2:AppliesTo,,,,,,,
lc:RT:bf2:RelWorkInputIsbn,Input ISBN,bf:Isbn,rdf:value,Input ISBN,false,true,literal,,,,,,,,,
lc:RT:bf2:RelWorkInputNumber,Input OCLC number,bf:OclcNumber,rdf:value,"Input OCLC number (with ""(OCoLC)"")",false,true,literal,,,,,,,,,
lc:RT:bf2:RelWorkInputTitle,Input title,bf:Title,bf:mainTitle,Input title,false,true,literal,,,,,,,,,
lc:RT:bf2:RelWorkLookup,Search related works/series,bf:Relation,bf:associatedResource,Search related works/series,false,true,,,,https://preprod-8088.id.loc.gov/resources/works/ | https://preprod-8088.id.loc.gov/resources/hubs/,IRIstem,,,,,https://bibframe.org/docs/view/documentation-marva-manual/work-description/search-related-work.md
,,,bf:seriesEnumeration,Series enumeration (if applicable),false,true,literal,,,,,,,,,
,,,bf:relationship,Relationship designator,false,true,,,,http://preprod.id.loc.gov/vocabulary/relationship,IRIstem,,,,bf:Relationship,
lc:RT:bf2:Resolution,Resolution,bf:Resolution,rdfs:label,Resolution,false,true,literal,,,,,,,,,
lc:RT:bf2:Serial:EnumerationAndChronology,Enumeration and chronology,bf:EnumerationAndChronology,bf:firstIssue,Alphanumeric designation of First issue or Part of sequence,false,true,literal,,,,,,,,,
,,,bf:firstIssue,Chronological designation of First issue or Part of sequence,false,true,literal,,,,,,,,,
,,,bf:lastIssue,Alphanumeric designation of Last issue or Part of sequence,false,true,literal,,,,,,,,,
,,,bf:lastIssue,Chronological designation of Last issue or Part of sequence,false,true,literal,,,,,,,,,
lc:RT:bf2:Serial:Frequency,Frequency,bf:Frequency,owl:sameAs,Lookup,false,false,,,,http://id.loc.gov/vocabulary/frequencies,IRIstem,,,,bf:Frequency,
,,,bf:date,Dates associated with frequency,false,true,literal,,,,,,,,,
,,,bf:status,Current or ceased?,false,true,,,,http://id.loc.gov/vocabulary/mstatus,IRIstem,,,,bf:Status,
,,,bf:note,Note,false,true,bnode,,lc:RT:bf2:NoteSimple,,,,,,,
lc:RT:bf2:Serial:Instance,BIBFRAME Instance,bf:Instance,bf:instanceOf,Instance of,false,false,bnode,,lc:RT:bf2:Serial:Work,,,,,,,
,,,bf:title,Title information,true,true,bnode,,lc:RT:bf2:InstanceTitle | lc:RT:bf2:Title:VarTitle | lc:RT:bf2:Title:AbbrTitle | lc:RT:bf2:ParallelTitle,,,,,,,
,,,bf:responsibilityStatement,Statement of responsibility,false,true,literal,,,,,,,,,
,,,bf:editionStatement,Edition statement,false,true,literal,,,,,,,,,
,,,bf:provisionActivity,Provision activity,false,true,bnode,,lc:RT:bf2:Serial:PubInfoNew | lc:RT:bf2:DistInfoNew | lc:RT:bf2:ManuInfoNew | lc:RT:bf2:ProdInfoNew,,,,,,,https://staff.loc.gov/wikis/display/BP2/Marva+cataloging+updates#Marvacatalogingupdates-ProvisionActivity(264)
,,,bf:copyrightDate,Copyright date,false,true,literal,,,,,,,,,
,,,bf:issuance,Mode of issuance,false,true,,,,http://id.loc.gov/vocabulary/issuance,IRIstem,,serial,http://id.loc.gov/vocabulary/issuance/serl,bf:Issuance,
,,,bf:frequency,Frequency,false,true,bnode,,lc:RT:bf2:Serial:Frequency,,,,,,,
,,,bf:firstIssue,First issue date or designation,false,true,literal,,,,,,,,,
,,,bf:lastIssue,Last issue date or designation,false,true,literal,,,,,,,,,
,,,bf:identifiedBy,Identifiers,false,true,bnode,,lc:RT:bf2:Identifiers:LCCN | lc:RT:bf2:Identifiers:Other | lc:RT:bf2:Identifiers:Local | lc:RT:bf2:Identifiers:PostalReg | lc:RT:bf2:Identifiers:Copyright | lc:RT:bf2:Identifiers:Oclc | lc:RT:bf2:Identifiers:ISBN | lc:RT:bf2:Identifiers:Coden | lc:RT:bf2:Identifiers:Nbn,,,,,,,
,,,bf:media,Media type,false,true,,,,http://id.loc.gov/vocabulary/mediaTypes,IRIstem,,unmediated,http://id.loc.gov/vocabulary/mediaTypes/n,bf:Media,
,,,bf:carrier,Carrier type,false,true,,,,http://id.loc.gov/vocabulary/carriers,IRIstem,,volume,http://id.loc.gov/vocabulary/carriers/nc,bf:Carrier,
,,,bf:extent,Physical description,false,true,bnode,,lc:RT:bf2:Extent,,,,,,,
,,,bf:dimensions,Dimensions,false,true,literal,,,,,,,,,
,,,bf:note,Notes about the Instance,false,true,bnode,,lc:RT:bf2:Note,,,,,,,
,,,bf:acquisitionSource,"Acquisitions source (Note, Stock number)",false,true,bnode,,lc:RT:bf2:AcqSource,,,,,,,
,,,bf:supplementaryContent,Supplementary content URL,false,true,bnode,,lc:RT:bf2:SupplContentNote,,,,,,,
,,,bf:electronicLocator,URL of Instance,false,true,bnode,,lc:RT:bf2:URL,,,,,,,
,,,bflc:projectedProvisionDate,Projected publication date (YYMM),false,false,literal,,,,,,,,,
,,,bf:hasItem,Has Item,false,true,bnode,,lc:RT:bf2:Serial:Item,,,,,,,
lc:RT:bf2:Serial:Item,BIBFRAME Item,bf:Item,bf:electronicLocator,URL of Item,false,true,bnode,,lc:RT:bf2:URL,,,,,,,
,,,bf:classification,"Copy, issue, offprint number",false,true,bnode,,lc:RT:bf2:Item:LCC,,,,,,,
,,,bf:contribution,Collection/contribution,false,true,bnode,,lc:RT:bf2:Agents:bfContribution,,,,,,bf:Contribution,
,,,bf:note,Notes about the Item,false,true,bnode,,lc:RT:bf2:NoteLc,,,,,,,
,,,bf:enumerationAndChronology,Enumeration and chronology,false,true,bnode,,lc:RT:bf2:Item:Enumeration | lc:RT:bf2:Item:Chronology,,,,,,,
,,,bf:acquisitionSource,Contact information,false,true,literal,,,,,,,,,
lc:RT:bf2:Serial:PubInfoNew,Publication,bf:Publication,bf:date,EDTF date (to/from 008),false,true,literal,,,,,,,,,
,,,bf:place,Search place of publication (to/from 008),false,true,,,,http://id.loc.gov/vocabulary/countries,IRIstem,,,,bf:Place,
,,,bflc:simplePlace,Place (to/from 26X $a),false,true,literal,,,,,,,,,
,,,bflc:simpleAgent,Name (to/from 26X $b),false,true,literal,,,,,,,,,
,,,bflc:simpleDate,Date (to/from 26X $c),false,true,literal,,,,,,,,,
,,,bflc:appliesTo,Applies to (to/from 26X $3),false,true,literal,,,,,,,,,
,,,bf:status,Status,false,true,,,,https://id.loc.gov/vocabulary/mstatus,IRIstem,,,,bf:Status,
lc:RT:bf2:Serial:Work,BIBFRAME Work,bf:Work,bf:contribution,Creator of Work,false,true,bnode,,lc:RT:bflc:Agents:PrimaryContribution,,,,,,bf:PrimaryContribution,
,,,bf:title,Title information,true,true,bnode,,lc:RT:bf2:WorkTitle | lc:RT:bf2:Title:VarTitle | lc:RT:bf2:Title:KeyTitle | lc:RT:bf2:Title:AbbrTitle | lc:RT:bf2:ParallelTitle,,,,,,,https://staff.loc.gov/wikis/display/BP2/Marva+cataloging+updates#Marvacatalogingupdates-Work/ExpressionTitles
,,,bf:genreForm,Genre/Form,false,true,bnode,,lc:RT:bf2:Form,,,,,,,
,,,bflc:serialPubType,Type of continuing resource,false,false,,,,https://id.loc.gov/vocabulary/mserialpubtype,IRIstem,,,,bflc:SerialPubType,
,,,bflc:governmentPubType,Government publication,false,false,,,,http://id.loc.gov/vocabulary/mgovtpubtype,IRIstem,,,,bflc:GovernmentPubType,
,,,bf:originDate,Date of Work,false,true,literal,,,,,,,,,
,,,bf:originPlace,Place of origin of the Work,false,true,,,,http://id.loc.gov/vocabulary/countries,IRIstem,,,,bf:Place,
,,,bf:temporalCoverage,(Time) coverage of the content,false,true,literal,,,,,,,,,
,,,bf:identifiedBy,Identifiers,false,true,bnode,,lc:RT:bf2:Identifiers:ISSN | lc:RT:bf2:Identifiers:ISSNL,,,,,,,
,,,bf:intendedAudience,Intended audience,false,true,bnode,,lc:RT:bf2:Audience,,,,,,,
,,,bf:contribution,Contribution,false,true,bnode,,lc:RT:bf2:Agents:Contribution,,,,,,bf:Contribution,
,,,bf:geographicCoverage,Geographic coverage,false,true,bnode,,lc:RT:bf2:Form:Geog,,,,,,,
,,,bf:subject,Subjects,false,true,bnode,,lc:RT:bf2:Components | lc:RT:bf2:Topic:Place:Components | lc:RT:bf2:Topic:SubjectWork,,,,,,,
,,,bf:classification,Classification numbers,false,true,bnode,,lc:RT:bf2:LCC | lc:RT:bf2:DDC | lc:RT:bf2:NLM | lc:RT:bf2:OtherClass,,,,,,,
,,,bf:note,Notes about the Work,false,true,bnode,,lc:RT:bf2:Note,,,,,,,
,,,bf:tableOfContents,Contents,false,true,bnode,,lc:RT:bf2:Contents,,,,,,,
,,,bf:summary,Summary,false,true,bnode,,lc:RT:bf2:Summary,,,,,,,
,,,bf:content,Content type,false,true,,,,http://id.loc.gov/vocabulary/contentTypes,IRIstem,,text,http://id.loc.gov/vocabulary/contentTypes/txt,bf:Content,
,,,bf:language,"Language (008 [1st], 041 $a [others])",false,true,,,,http://id.loc.gov/vocabulary/languages,IRIstem,,,,bf:Language,https://staff.loc.gov/wikis/display/BP2/Marva+cataloging+updates#Marvacatalogingupdates-Languages(041)
,,,bf:language,ISO 639-3 language (041 $a),,true,,,,http://id.loc.gov/vocabulary/iso639-3,IRIstem,,,,bf:Language,
,,,bf:accompaniedBy,Language resource (041 $bdefgt),false,true,bnode,,lc:RT:bf2:LangResource,,,,,,,https://staff.loc.gov/wikis/display/BP2/Marva+cataloging+updates#Marvacatalogingupdates-Languages(041)
,,,bf:note,Language note (041 $hijkmnpqr),false,true,bnode,,lc:RT:bf2:LangNote,,,,,,,https://staff.loc.gov/wikis/display/BP2/Marva+cataloging+updates#Marvacatalogingupdates-Languages(041)
,,,bf:notation,Script,false,true,,,,http://id.loc.gov/vocabulary/mscript,IRIstem,,,,bf:Script,
,,,bf:illustrativeContent,Illustrative content,false,true,,,,http://id.loc.gov/vocabulary/millus,IRIstem,,,,bf:Illustration,
,,,bf:colorContent,Color content,false,true,,,,http://id.loc.gov/vocabulary/mcolor,IRIstem,,,,bf:ColorContent,
,,,bf:supplementaryContent,Supplementary content,false,true,,,,http://id.loc.gov/vocabulary/msupplcont,IRIstem,,,,bf:SupplementaryContent,
,,,bf:electronicLocator,URL of Work,false,true,bnode,,lc:RT:bf2:URL,,,,,,,
,,,bf:relation,Search related work/series,false,true,bnode,,lc:RT:bf2:RelWorkLookup,,,,,,,"https://staff.loc.gov/wikis/display/BP2/Marva+cataloging+updates#Marvacatalogingupdates-Hubs(240;X00,X10,X11with$t;X30)"
,,,bf:relation,Related work not in LC catalog,false,true,bnode,,lc:RT:bf2:RelWorkInput,,,,,,,"https://staff.loc.gov/wikis/display/BP2/Marva+cataloging+updates#Marvacatalogingupdates-Hubs(240;X00,X10,X11with$t;X30)"
,,,bf:relation,Input transcribed series,false,true,bnode,,lc:RT:bf2:SeriesHub,,,,,,,"https://staff.loc.gov/wikis/display/BP2/Marva+cataloging+updates#Marvacatalogingupdates-Series(490,8XX)"
,,,bf:hasInstance,Add BIBFRAME Instance,false,true,bnode,,lc:RT:bf2:Serial:Instance,,,,,,,
lc:RT:bf2:SeriesHub,Input transcribed series,bf:Relation,bf:associatedResource,Series Hub,false,true,bnode,,lc:RT:bf2:SeriesHubInput,,,,,,bf:Series,
,,,bf:seriesEnumeration,Series enumeration,false,true,literal,,,,,,,,,
,,,bflc:appliesTo,Applies to,false,true,bnode,,lc:RT:bf2:AppliesTo,,,,,,,
,,,bf:relationship,Relationship,false,true,IRI,,,http://preprod.id.loc.gov/vocabulary/relationship,IRIstem,,Series,http://id.loc.gov/vocabulary/relationship/series,bf:Relationship,
lc:RT:bf2:SeriesHubInput,Series (input),bf:Series,bf:title,Title,false,true,bnode,,lc:RT:bf2:SeriesHubTitle,,,,,,,
,,,bf:status,Status,false,true,,,,http://id.loc.gov/vocabulary/mstatus,IRIstem,,transcribed,http://id.loc.gov/vocabulary/mstatus/t,bf:Status,
,,,bf:identifiedBy,ISSN,false,true,bnode,,lc:RT:bf2:SeriesHubIssn,,,,,,,
lc:RT:bf2:SeriesHubIssn,Series Hub ISSN,bf:Issn,rdf:value,ISSN,false,true,literal,,,,,,,,,
lc:RT:bf2:SeriesHubLookup,Search series Hub,bf:Relation,bf:associatedResource,Search series Hub,false,true,,,,https://preprod-8080.id.loc.gov/resources/hubs,IRIstem,,,,bf:Series,
,,,bf:seriesEnumeration,Series enumeration,false,true,literal,,,,,,,,,
,,,bf:relationship,Relationship,false,true,,,,http://id.loc.gov/vocabulary/relationship,IRIstem,,Series,http://id.loc.gov/vocabulary/relationship/series,bf:Relationship,
lc:RT:bf2:SeriesHubTitle,Series Hub title,bf:Title,bflc:nonSortNum,Non-sort character count,false,true,literal,,,,,,,,,
,,,bf:mainTitle,Title,false,true,literal,,,,,,,,,
lc:RT:bf2:SoundCDR:Instance,BIBFRAME Instance,bf:Instance,bf:instanceOf,Instance of,false,false,bnode,,lc:RT:bf2:SoundCDR:Work,,,,,,,
,,,bf:title,Title information,true,true,bnode,,lc:RT:bf2:InstanceTitle | lc:RT:bf2:Title:VarTitle | lc:RT:bf2:ParallelTitle,,,,,,,https://bibframe.org/view/documentation-marva-manual/instance-description/title-information.md
,,,bf:responsibilityStatement,Statement of responsibility,false,true,literal,,,,,,,,,https://bibframe.org/view/documentation-marva-manual/instance-description/statement-of-responsibility.md
,,,bf:editionStatement,Edition statement,false,true,literal,,,,,,,,,https://bibframe.org/view/documentation-marva-manual/instance-description/edition-statement.md
,,,bf:provisionActivity,Provision activity,false,true,bnode,,lc:RT:bf2:PubInfoNew | lc:RT:bf2:ManuInfoNew | lc:RT:bf2:DistInfoNew | lc:RT:bf2:ProdInfoNew,,,,,,,https://bibframe.org/view/documentation-marva-manual/instance-description/provision-activity.md
,,,bf:copyrightDate,Copyright date,false,true,literal,,,,,,,,,https://bibframe.org/view/documentation-marva-manual/instance-description/copyright-date.md
,,,bf:issuance,Mode of issuance,false,true,,,,http://id.loc.gov/vocabulary/issuance,IRIstem,,single unit,http://id.loc.gov/vocabulary/issuance/mono,bf:Issuance,https://bibframe.org/view/documentation-marva-manual/instance-description/mode-of-issuance.md
,,,bf:identifiedBy,Identifiers,false,true,bnode,,lc:RT:bf2:Identifiers:LCCN | lc:RT:bf2:Identifiers:AudioIssue | lc:RT:bf2:Identifiers:UPC | lc:RT:bf2:Identifiers:EAN | lc:RT:bf2:Identifiers:ISBN | lc:RT:bf2:Identifiers:Copyright | lc:RT:bf2:Identifiers:Other | lc:RT:bf2:Identifiers:Local | lc:RT:bf2:Identifiers:Distributor | lc:RT:bf2:Identifiers:ISRC | lc:RT:bf2:Identifiers:ISMN | lc:RT:bf2:Identifiers:Gtin14 | lc:RT:bf2:Identifiers:Oclc,,,,,,,https://bibframe.org/view/documentation-marva-manual/instance-description/identifiers.md
,,,bf:note,Notes about the Instance,false,true,bnode,,lc:RT:bf2:Note,,,,,,,https://bibframe.org/view/documentation-marva-manual/instance-description/notes-about-instance.md
,,,bf:supplementaryContent,Supplementary content URL,false,true,bnode,,lc:RT:bf2:SupplContentNote,,,,,,,https://bibframe.org/view/documentation-marva-manual/instance-description/supplementary-content-url.md
,,,bf:media,Media type,false,true,,,,http://id.loc.gov/vocabulary/mediaTypes,IRIstem,,audio,http://id.loc.gov/vocabulary/mediaTypes/s,bf:Media,
,,,bf:carrier,Carrier type,false,true,,,,http://id.loc.gov/vocabulary/carriers,IRIstem,,audio disc,http://id.loc.gov/vocabulary/carriers/sd,bf:Carrier,https://bibframe.org/view/documentation-marva-manual/instance-description/carrier-type.md
,,,bf:extent,Physical description,false,true,bnode,,lc:RT:bf2:Extent,,,,,,,https://bibframe.org/view/documentation-marva-manual/instance-description/physical-description.md
,,,bf:dimensions,Dimensions,false,false,literal,,,,,,,,,https://bibframe.org/view/documentation-marva-manual/instance-description/dimensions.md
,,,bf:duration,Duration,false,true,literal,,,,,,,,,
,,,bf:baseMaterial,Base material,false,true,,,,http://id.loc.gov/vocabulary/mmaterial,IRIstem,,plastic,http://id.loc.gov/vocabulary/mmaterial/pla,bf:BaseMaterial,
,,,bf:productionMethod,Production method,false,true,,,,http://id.loc.gov/vocabulary/mproduction,IRIstem,,burning,http://id.loc.gov/vocabulary/mproduction/burn,bf:ProductionMethod,
,,,bf:generation,Recording generation,false,true,,,,http://id.loc.gov/vocabulary/mgeneration,IRIstem,,,,bf:Generation,
,,,bf:soundCharacteristic,Sound characteristics,false,true,bnode,,lc:RT:bf2:TypeRec | lc:RT:bf2:RecMedium | lc:RT:bf2:PlayingSpeed | lc:RT:bf2:Playback | lc:RT:bf2:SpecPlayback | lc:RT:bf2:CaptureStorage,,,,,,,
,,,bf:digitalCharacteristic,Digital characteristics,false,true,bnode,,lc:RT:bf2:FileType | lc:RT:bf2:EncFmt,,,,,,,
,,,bf:systemRequirement,System requirement,false,true,bnode,,lc:RT:bf2:SysReq,,,,,,,
,,,bf:electronicLocator,URL of Instance,false,true,bnode,,lc:RT:bf2:URL,,,,,,,https://bibframe.org/view/documentation-marva-manual/instance-description/url-of-instance.md
,,,bf:hasItem,Has Item,false,true,bnode,,lc:RT:bf2:SoundCDR:Item,,,,,,,
lc:RT:bf2:SoundCDR:Item,BIBFRAME Item,bf:Item,bf:electronicLocator,URL of Item,false,true,bnode,,lc:RT:bf2:URL,,,,,,,
,,,bf:contribution,Collection/contribution,false,true,bnode,,lc:RT:bf2:Agents:bfContribution,,,,,,bf:Contribution,
,,,bf:note,Notes about the Item,false,true,bnode,,lc:RT:bf2:NoteLc,,,,,,,
lc:RT:bf2:SoundCDR:Work,BIBFRAME Work,bf:Work,bf:expressionOf,Expression of [search for a Hub],,,,,,https://id.loc.gov/resources/hubs,IRIstem,,,,bf:Hub,https://bibframe.org/view/documentation-marva-manual/work-description/expression-hub.md
,,,bf:contribution,Creator,false,true,bnode,,lc:RT:bflc:Agents:PrimaryContribution,,,,,,bf:PrimaryContribution,https://bibframe.org/view/documentation-marva-manual/work-description/creator-of-work.md
,,,bf:title,Title,true,true,bnode,,lc:RT:bf2:WorkTitle | lc:RT:bf2:Title:VarTitle | lc:RT:bf2:ParallelTitle,,,,,,,https://bibframe.org/view/documentation-marva-manual/work-description/title-information.md
,,,bf:contribution,Contributors,false,true,bnode,,lc:RT:bf2:Agents:Contribution,,,,,,bf:Contribution,https://bibframe.org/view/documentation-marva-manual/work-description/contributors.md
,,,bf:language,"Language (008 [1st], 041 $a [others])",false,true,,,,http://id.loc.gov/vocabulary/languages,IRIstem,,,,bf:Language,https://bibframe.org/view/documentation-marva-manual/work-description/language.md
,,,bf:language,ISO 639-3 language (041 $a),,true,,,,http://id.loc.gov/vocabulary/iso639-3,IRIstem,,,,bf:Language,
,,,bf:accompaniedBy,Language resource (041 $bdefgt),false,true,bnode,,lc:RT:bf2:LangResource,,,,,,,https://bibframe.org/view/documentation-marva-manual/work-description/language.md
,,,bf:note,Language note (041 $hijkmnpqr),false,true,bnode,,lc:RT:bf2:LangNote,,,,,,,https://bibframe.org/view/documentation-marva-manual/work-description/language.md
,,,bf:musicMedium,Medium of performance statement,false,true,bnode,,lc:RT:bf2:MOPStatement,,,,,,,
,,,bf:ensemble,Ensemble,false,true,bnode,,lc:RT:bf2:PMOMedPerf:Ensemble,,,,,,,
,,,bf:identifiedBy,Identifiers,false,true,bnode,,lc:RT:bf2:Identifiers:OpusNumber|lc:RT:bf2:Identifiers:ThematicCatalog|lc:RT:bf2:Identifiers:SerialNumber,,,,,,,
,,,bf:keyMode,Key and mode,false,true,bnode,,lc:RT:bf2:KeyMode,,,,,,,
,,,bf:intendedAudience,Intended audience,false,true,bnode,,lc:RT:bf2:Audience,,,,,,,https://bibframe.org/view/documentation-marva-manual/work-description/intended-audience.md
,,,bf:temporalCoverage,(Time) coverage of the content,false,true,literal,,,,,,,,,https://bibframe.org/view/documentation-marva-manual/work-description/time-coverage.md
,,,bf:geographicCoverage,Geographic coverage,false,true,bnode,,lc:RT:bf2:Form:Geog,,,,,,,https://bibframe.org/view/documentation-marva-manual/work-description/geographic-coverage.md
,,,bf:genreForm,Genre/Form,false,true,bnode,,lc:RT:bf2:Form,,,,,,bf:GenreForm,https://bibframe.org/view/documentation-marva-manual/work-description/genre-form.md
,,,bf:subject,Subjects,false,true,bnode,,lc:RT:bf2:Components | lc:RT:bf2:Topic:Place:Components | lc:RT:bf2:Topic:SubjectWork,,,,,,,https://bibframe.org/view/documentation-marva-manual/work-description/subjects.md
,,,bf:note,Notes about the Work,false,true,bnode,,lc:RT:bf2:Note,,,,,,,https://bibframe.org/view/documentation-marva-manual/work-description/notes-about-work.md
,,,bf:tableOfContents,Contents,false,true,bnode,,lc:RT:bf2:Contents,,,,,,,https://bibframe.org/view/documentation-marva-manual/work-description/contents.md
,,,bf:summary,Summary,false,true,bnode,,lc:RT:bf2:Summary,,,,,,,https://bibframe.org/view/documentation-marva-manual/work-description/summary.md
,,,bf:content,Content type,false,true,,,,http://id.loc.gov/vocabulary/contentTypes,IRIstem,,performed music,http://id.loc.gov/vocabulary/contentTypes/prm,bf:Content,https://bibframe.org/view/documentation-marva-manual/work-description/content-type.md
,,,bf:capture,Capture information,false,true,bnode,,lc:RT:bf2:Capture,,,,,,,
,,,bf:supplementaryContent,Supplementary content,false,true,,,,http://id.loc.gov/vocabulary/msupplcont,IRIstem,,,,bf:SupplementaryContent,https://bibframe.org/view/documentation-marva-manual/work-description/supplementary-content.md
,,,bf:originDate,Date of Work,false,true,literal,,,,,,,,,https://bibframe.org/view/documentation-marva-manual/work-description/date-of-work.md
,,,bf:originPlace,Place of origin of the Work,false,true,,,,http://id.loc.gov/vocabulary/countries,IRIstem,,,,bf:Place,https://bibframe.org/view/documentation-marva-manual/work-description/country-of-origin.md
,,,bf:relation,Search related work/series,false,true,bnode,,lc:RT:bf2:RelWorkLookup,,,,,,,https://bibframe.org/view/documentation-marva-manual/work-description/search-related-work.md
,,,bf:relation,Input transcribed series,false,true,bnode,,lc:RT:bf2:SeriesHub,,,,,,,https://bibframe.org/view/documentation-marva-manual/work-description/input-transcribed-series.md
,,,bf:hasInstance,Add BIBFRAME Instance,false,true,bnode,,lc:RT:bf2:SoundCDR:Instance,,,,,,,
lc:RT:bf2:SoundCassette:Instance,BIBFRAME Instance,bf:Instance,bf:instanceOf,Instance of,false,false,bnode,,lc:RT:bf2:SoundCassette:Work,,,,,,,
,,,bf:title,Title information,true,true,bnode,,lc:RT:bf2:InstanceTitle | lc:RT:bf2:Title:VarTitle | lc:RT:bf2:ParallelTitle,,,,,,,https://bibframe.org/view/documentation-marva-manual/instance-description/title-information.md
,,,bf:responsibilityStatement,Statement of responsibility,false,true,literal,,,,,,,,,https://bibframe.org/view/documentation-marva-manual/instance-description/statement-of-responsibility.md
,,,bf:editionStatement,Edition statement,false,true,literal,,,,,,,,,https://bibframe.org/view/documentation-marva-manual/instance-description/edition-statement.md
,,,bf:provisionActivity,Provision activity,false,true,bnode,,lc:RT:bf2:PubInfoNew | lc:RT:bf2:ManuInfoNew | lc:RT:bf2:DistInfoNew | lc:RT:bf2:ProdInfoNew,,,,,,,https://bibframe.org/view/documentation-marva-manual/instance-description/provision-activity.md
,,,bf:copyrightDate,Copyright date,false,true,literal,,,,,,,,,https://bibframe.org/view/documentation-marva-manual/instance-description/copyright-date.md
,,,bf:issuance,Mode of issuance,false,true,,,,http://id.loc.gov/vocabulary/issuance,IRIstem,,single unit,http://id.loc.gov/vocabulary/issuance/mono,bf:Issuance,https://bibframe.org/view/documentation-marva-manual/instance-description/mode-of-issuance.md
,,,bf:identifiedBy,Identifiers,false,true,bnode,,lc:RT:bf2:Identifiers:LCCN | lc:RT:bf2:Identifiers:AudioIssue | lc:RT:bf2:Identifiers:UPC | lc:RT:bf2:Identifiers:EAN | lc:RT:bf2:Identifiers:ISBN | lc:RT:bf2:Identifiers:Copyright | lc:RT:bf2:Identifiers:Other | lc:RT:bf2:Identifiers:Local | lc:RT:bf2:Identifiers:Distributor | lc:RT:bf2:Identifiers:ISRC | lc:RT:bf2:Identifiers:ISMN | lc:RT:bf2:Identifiers:Gtin14 | lc:RT:bf2:Identifiers:Oclc,,,,,,,https://bibframe.org/view/documentation-marva-manual/instance-description/identifiers.md
,,,bf:note,Notes about the Instance,false,true,bnode,,lc:RT:bf2:Note,,,,,,,https://bibframe.org/view/documentation-marva-manual/instance-description/notes-about-instance.md
,,,bf:supplementaryContent,Supplementary content URL,false,true,bnode,,lc:RT:bf2:SupplContentNote,,,,,,,https://bibframe.org/view/documentation-marva-manual/instance-description/supplementary-content-url.md
,,,bf:media,Media type,false,true,,,,http://id.loc.gov/vocabulary/mediaTypes,IRIstem,,audio,http://id.loc.gov/vocabulary/mediaTypes/s,bf:Media,https://bibframe.org/view/documentation-marva-manual/instance-description/media-type.md
,,,bf:carrier,Carrier type,false,true,,,,http://id.loc.gov/vocabulary/carriers,IRIstem,,audiocassette,http://id.loc.gov/vocabulary/carriers/ss,bf:Carrier,https://bibframe.org/view/documentation-marva-manual/instance-description/carrier-type.md
,,,bf:extent,Physical description,false,true,bnode,,lc:RT:bf2:Extent,,,,,,,https://bibframe.org/view/documentation-marva-manual/instance-description/physical-description.md
,,,bf:dimensions,Dimensions,false,true,literal,,,,,,,,,https://bibframe.org/view/documentation-marva-manual/instance-description/dimensions.md
,,,bf:duration,Duration,false,true,literal,,,,,,,,,
,,,bf:baseMaterial,Base material,false,true,,,,http://id.loc.gov/vocabulary/mmaterial,IRIstem,,polyester,http://id.loc.gov/vocabulary/mmaterial/pol,bf:BaseMaterial,
,,,bf:soundCharacteristic,Sound characteristics,false,true,bnode,,lc:RT:bf2:TypeRec2 | lc:RT:bf2:RecMedium2 | lc:RT:bf2:SoundCassette:PlaySpeed | lc:RT:bf2:Playback | lc:RT:bf2:SpecPlayback | lc:RT:bf2:CaptureStorage,,,,,,,
,,,bf:systemRequirement,System requirement,false,true,bnode,,lc:RT:bf2:SysReq,,,,,,,
,,,bf:electronicLocator,URL of Instance,false,true,bnode,,lc:RT:bf2:URL,,,,,,,https://bibframe.org/view/documentation-marva-manual/instance-description/url-of-instance.md
,,,bf:hasItem,Has Item,false,true,bnode,,lc:RT:bf2:SoundCassette:Item,,,,,,,
lc:RT:bf2:SoundCassette:Item,BIBFRAME Item,bf:Item,bf:electronicLocator,URL of Item,false,true,bnode,,lc:RT:bf2:URL,,,,,,,
,,,bf:contribution,Collection/contribution,false,true,bnode,,lc:RT:bf2:Agents:bfContribution,,,,,,bf:Contribution,
,,,bf:note,Notes about the Item,false,true,bnode,,lc:RT:bf2:NoteLc,,,,,,,
lc:RT:bf2:SoundCassette:PlaySpeed,Playing speed,bf:PlayingSpeed,owl:sameAs,Playing speed,false,true,,,,http://id.loc.gov/vocabulary/mplayspeed,IRIstem,,,,,
lc:RT:bf2:SoundCassette:Work,BIBFRAME Work,bf:Work,bf:hasExpression,Expression of [search for a Hub],,false,,,,https://id.loc.gov/resources/hubs,IRIstem,,,,bf:Hub,https://bibframe.org/docs/view/documentation-marva-manual/work-description/expression-hub.md
,,,bf:contribution,Creator,false,true,bnode,,lc:RT:bflc:Agents:PrimaryContribution,,,,,,bf:PrimaryContribution,https://bibframe.org/view/documentation-marva-manual/work-description/creator-of-work.md
,,,bf:title,Title,true,true,bnode,,lc:RT:bf2:WorkTitle | lc:RT:bf2:Title:VarTitle | lc:RT:bf2:ParallelTitle,,,,,,,https://bibframe.org/view/documentation-marva-manual/work-description/title-information.md
,,,bf:contribution,Contributors,false,true,bnode,,lc:RT:bf2:Agents:Contribution,,,,,,bf:Contribution,https://bibframe.org/view/documentation-marva-manual/work-description/contributors.md
,,,bf:musicMedium,Medium of performance statement,false,true,bnode,,lc:RT:bf2:MOPStatement,,,,,,,
,,,bf:ensemble,Ensemble,false,true,bnode,,lc:RT:bf2:PMOMedPerf:Ensemble,,,,,,,
,,,bf:identifiedBy,Identifiers,false,true,bnode,,lc:RT:bf2:Identifiers:OpusNumber|lc:RT:bf2:Identifiers:ThematicCatalog|lc:RT:bf2:Identifiers:SerialNumber,,,,,,,
,,,bf:keyMode,Key and mode,false,true,bnode,,lc:RT:bf2:KeyMode,,,,,,,
,,,bf:intendedAudience,Intended audience,false,true,bnode,,lc:RT:bf2:Audience,,,,,,,https://bibframe.org/view/documentation-marva-manual/work-description/intended-audience.md
,,,bf:temporalCoverage,(Time) coverage of the content,false,true,literal,,,,,,,,,https://bibframe.org/view/documentation-marva-manual/work-description/time-coverage.md
,,,bf:geographicCoverage,Geographic coverage,false,true,bnode,,lc:RT:bf2:Form:Geog,,,,,,,https://bibframe.org/view/documentation-marva-manual/work-description/geographic-coverage.md
,,,bf:genreForm,Genre/Form,false,true,bnode,,lc:RT:bf2:Form,,,,,,bf:GenreForm,
,,,bf:subject,Subjects,false,true,bnode,,lc:RT:bf2:Components | lc:RT:bf2:Topic:Place:Components | lc:RT:bf2:Topic:SubjectWork,,,,,,,https://bibframe.org/view/documentation-marva-manual/work-description/subjects.md
,,,bf:note,Notes about the Work,false,true,bnode,,lc:RT:bf2:Note,,,,,,,https://bibframe.org/view/documentation-marva-manual/work-description/notes-about-work.md
,,,bf:tableOfContents,Contents,false,true,bnode,,lc:RT:bf2:Contents,,,,,,,https://bibframe.org/view/documentation-marva-manual/work-description/contents.md
,,,bf:summary,Summary,false,true,bnode,,lc:RT:bf2:Summary,,,,,,,https://bibframe.org/view/documentation-marva-manual/work-description/summary.md
,,,bf:content,Content type,false,true,,,,http://id.loc.gov/vocabulary/contentTypes,IRIstem,,performed music,http://id.loc.gov/vocabulary/contentTypes/prm,bf:Content,https://bibframe.org/view/documentation-marva-manual/work-description/content-type.md
,,,bf:language,"Language (008 [1st], 041 $a [others])",false,true,,,,http://id.loc.gov/vocabulary/languages,IRIstem,,,,bf:Language,https://bibframe.org/view/documentation-marva-manual/work-description/language.md
,,,bf:language,ISO 639-3 language (041 $a),,true,,,,http://id.loc.gov/vocabulary/iso639-3,IRIstem,,,,bf:Language,
,,,bf:accompaniedBy,Language resource (041 $bdefgt),false,true,bnode,,lc:RT:bf2:LangResource,,,,,,,https://bibframe.org/view/documentation-marva-manual/work-description/language.md
,,,bf:note,Language note (041 $hijkmnpqr),false,true,bnode,,lc:RT:bf2:LangNote,,,,,,,https://bibframe.org/view/documentation-marva-manual/work-description/language.md
,,,bf:capture,Capture information,false,true,bnode,,lc:RT:bf2:Capture,,,,,,,
,,,bf:supplementaryContent,Supplementary content,false,true,,,,http://id.loc.gov/vocabulary/msupplcont,IRIstem,,,,bf:SupplementaryContent,https://bibframe.org/view/documentation-marva-manual/work-description/supplementary-content.md
,,,bf:originDate,Date of Work,false,true,literal,,,,,,,,,https://bibframe.org/view/documentation-marva-manual/work-description/date-of-work.md
,,,bf:originPlace,Place of origin of the Work,false,true,,,,http://id.loc.gov/vocabulary/countries,IRIstem,,,,bf:Place,https://bibframe.org/view/documentation-marva-manual/work-description/country-of-origin.md
,,,bf:relation,Search related work/series,false,true,bnode,,lc:RT:bf2:RelWorkLookup,,,,,,,https://bibframe.org/view/documentation-marva-manual/work-description/search-related-work.md
,,,bf:relation,Input transcribed series,false,true,bnode,,lc:RT:bf2:SeriesHub,,,,,,,https://bibframe.org/view/documentation-marva-manual/work-description/input-transcribed-series.md
,,,bf:hasInstance,Add BIBFRAME Instance,false,true,bnode,,lc:RT:bf2:SoundCassette:Instance,,,,,,,
lc:RT:bf2:SoundContent,Sound content,bf:SoundContent,owl:sameAs,Lookup,false,false,,,,http://id.loc.gov/vocabulary/msoundcontent,IRIstem,,,,,
lc:RT:bf2:SoundRecording:Instance,BIBFRAME Instance,bf:Instance,bf:instanceOf,Instance of,false,false,bnode,,lc:RT:bf2:SoundRecording:Work,,,,,,bf:Work,
,,,bf:title,Title information,true,true,bnode,,lc:RT:bf2:InstanceTitle | lc:RT:bf2:Title:VarTitle | lc:RT:bf2:ParallelTitle,,,,,,,https://bibframe.org/view/documentation-marva-manual/instance-description/title-information.md
,,,bf:responsibilityStatement,Statement of responsibility,false,true,literal,,,,,,,,,https://bibframe.org/view/documentation-marva-manual/instance-description/statement-of-responsibility.md
,,,bf:editionStatement,Edition statement,false,true,literal,,,,,,,,,https://bibframe.org/view/documentation-marva-manual/instance-description/edition-statement.md
,,,bf:provisionActivity,Provision activity,false,true,bnode,,lc:RT:bf2:PubInfoNew | lc:RT:bf2:ManuInfoNew | lc:RT:bf2:DistInfoNew | lc:RT:bf2:ProdInfoNew,,,,,,,https://bibframe.org/view/documentation-marva-manual/instance-description/provision-activity.md
,,,bf:copyrightDate,Copyright date,false,true,literal,,,,,,,,,https://bibframe.org/view/documentation-marva-manual/instance-description/copyright-date.md
,,,bf:issuance,Mode of issuance,false,true,,,,http://id.loc.gov/vocabulary/issuance,IRIstem,,single unit,http://id.loc.gov/vocabulary/issuance/mono,bf:Issuance,https://bibframe.org/view/documentation-marva-manual/instance-description/mode-of-issuance.md
,,,bf:identifiedBy,Identifiers,false,true,bnode,,lc:RT:bf2:Identifiers:LCCN | lc:RT:bf2:Identifiers:AudioIssue | lc:RT:bf2:Identifiers:UPC | lc:RT:bf2:Identifiers:EAN | lc:RT:bf2:Identifiers:ISBN | lc:RT:bf2:Identifiers:Copyright | lc:RT:bf2:Identifiers:Other | lc:RT:bf2:Identifiers:Local | lc:RT:bf2:Identifiers:Distributor | lc:RT:bf2:Identifiers:ISRC | lc:RT:bf2:Identifiers:ISMN | lc:RT:bf2:Identifiers:Gtin14 | lc:RT:bf2:Identifiers:Oclc,,,,,,,https://bibframe.org/view/documentation-marva-manual/instance-description/identifiers.md
,,,bf:note,Notes about the Instance,false,true,bnode,,lc:RT:bf2:Note,,,,,,,https://bibframe.org/view/documentation-marva-manual/instance-description/notes-about-instance.md
,,,bf:supplementaryContent,Supplementary content URL,false,true,bnode,,lc:RT:bf2:SupplContentNote,,,,,,,https://bibframe.org/view/documentation-marva-manual/instance-description/supplementary-content-url.md
,,,bf:media,Media type,false,true,,,,http://id.loc.gov/vocabulary/mediaTypes,IRIstem,,audio,http://id.loc.gov/vocabulary/mediaTypes/s,bf:Media,https://bibframe.org/docs/view/documentation-marva-manual/instance-description/media-type.md
,,,bf:carrier,Carrier type,false,true,,,,http://id.loc.gov/vocabulary/carriers,IRIstem,,audio disc,http://id.loc.gov/vocabulary/carriers/sd,bf:Carrier,https://bibframe.org/view/documentation-marva-manual/instance-description/carrier-type.md
,,,bf:extent,Physical description,false,true,bnode,,lc:RT:bf2:Extent,,,,,,,https://bibframe.org/view/documentation-marva-manual/instance-description/physical-description.md
,,,bf:dimensions,Dimensions,false,false,literal,,,,,,,,,https://bibframe.org/view/documentation-marva-manual/instance-description/dimensions.md
,,,bf:duration,Duration,false,true,literal,,,,,,,,,
,,,bf:baseMaterial,Base material,false,true,,,,http://id.loc.gov/vocabulary/mmaterial,IRIstem,,plastic,http://id.loc.gov/vocabulary/mmaterial/pla,bf:BaseMaterial,
,,,bf:soundCharacteristic,Sound characteristics,false,true,bnode,,lc:RT:bf2:TypeRec | lc:RT:bf2:RecMedium | lc:RT:bf2:PlayingSpeed | lc:RT:bf2:Playback | lc:RT:bf2:SpecPlayback | lc:RT:bf2:CaptureStorage,,,,,,,
,,,bf:digitalCharacteristic,Digital characteristics,false,true,bnode,,lc:RT:bf2:FileType | lc:RT:bf2:EncFmt,,,,,,,
,,,bf:systemRequirement,System requirement,false,true,bnode,,lc:RT:bf2:SysReq,,,,,,,
,,,bf:electronicLocator,URL of Instance,false,true,bnode,,lc:RT:bf2:URL,,,,,,,https://bibframe.org/view/documentation-marva-manual/instance-description/url-of-instance.md
,,,bf:hasItem,Has Item,false,true,bnode,,lc:RT:bf2:SoundRecording:Item,,,,,,,
lc:RT:bf2:SoundRecording:Item,BIBFRAME Item,bf:Item,bf:electronicLocator,URL of Item,false,true,bnode,,lc:RT:bf2:URL,,,,,,,
,,,bf:contribution,Collection/contribution,false,true,bnode,,lc:RT:bf2:Agents:bfContribution,,,,,,bf:Contribution,
,,,bf:note,Notes about the Item,false,true,bnode,,lc:RT:bf2:NoteLc,,,,,,,
lc:RT:bf2:SoundRecording:Work,BIBFRAME Work,bf:Work,bf:expressionOf,Expression of [search for a Hub],,,,,,https://id.loc.gov/resources/hubs,IRIstem,,,,bf:Hub,https://bibframe.org/view/documentation-marva-manual/work-description/expression-hub.md
,,,bf:contribution,Creator,false,false,bnode,,lc:RT:bflc:Agents:PrimaryContribution,,,,,,bf:PrimaryContribution,https://bibframe.org/view/documentation-marva-manual/work-description/creator-of-work.md
,,,bf:title,Title,true,true,bnode,,lc:RT:bf2:WorkTitle | lc:RT:bf2:Title:VarTitle | lc:RT:bf2:ParallelTitle,,,,,,,https://bibframe.org/view/documentation-marva-manual/work-description/title-information.md
,,,bf:contribution,Contributors,false,true,bnode,,lc:RT:bf2:Agents:Contribution,,,,,,bf:Contribution,https://bibframe.org/view/documentation-marva-manual/work-description/contributors.md
,,,bf:language,"Language (008 [1st], 041 $a [others])",false,true,,,,http://id.loc.gov/vocabulary/languages,IRIstem,,,,bf:Language,https://bibframe.org/view/documentation-marva-manual/work-description/language.md
,,,bf:language,ISO 639-3 language (041 $a),,true,,,,http://id.loc.gov/vocabulary/iso639-3,IRIstem,,,,bf:Language,
,,,bf:accompaniedBy,Language resource (041 $bdefgt),false,true,bnode,,lc:RT:bf2:LangResource,,,,,,bf:Language,https://bibframe.org/view/documentation-marva-manual/work-description/language.md
,,,bf:note,Language note (041 $hijkmnpqr),false,true,bnode,,lc:RT:bf2:LangNote,,,,,,,https://bibframe.org/view/documentation-marva-manual/work-description/language.md
,,,bf:musicMedium,Medium of performance statement,false,true,bnode,,lc:RT:bf2:MOPStatement,,,,,,,
,,,bf:ensemble,Ensemble,false,true,bnode,,lc:RT:bf2:PMOMedPerf:Ensemble,,,,,,,
,,,bf:identifiedBy,Identifiers,false,true,bnode,,lc:RT:bf2:Identifiers:OpusNumber|lc:RT:bf2:Identifiers:ThematicCatalog|lc:RT:bf2:Identifiers:SerialNumber,,,,,,,
,,,bf:keyMode,Key and mode,false,true,bnode,,lc:RT:bf2:KeyMode,,,,,,,
,,,bf:intendedAudience,Intended audience,false,true,bnode,,lc:RT:bf2:Audience,,,,,,,
,,,bf:temporalCoverage,(Time) coverage of the content,false,true,literal,,,,,,,,,https://bibframe.org/view/documentation-marva-manual/work-description/time-coverage.md
,,,bf:geographicCoverage,Geographic coverage,false,true,bnode,,lc:RT:bf2:Form:Geog,,,,,,,https://bibframe.org/view/documentation-marva-manual/work-description/geographic-coverage.md
,,,bf:genreForm,Genre/Form,false,true,bnode,,lc:RT:bf2:Form,,,,,,bf:GenreForm,https://bibframe.org/view/documentation-marva-manual/work-description/genre-form.md
,,,bf:subject,Subjects,false,true,bnode,,lc:RT:bf2:Components | lc:RT:bf2:Topic:Place:Components | lc:RT:bf2:Topic:SubjectWork,,,,,,,https://bibframe.org/view/documentation-marva-manual/work-description/subjects.md
,,,bf:note,Notes about the Work,false,true,bnode,,lc:RT:bf2:Note,,,,,,,https://bibframe.org/view/documentation-marva-manual/work-description/notes-about-work.md
,,,bf:tableOfContents,Contents,false,true,bnode,,lc:RT:bf2:Contents,,,,,,,https://bibframe.org/view/documentation-marva-manual/work-description/contents.md
,,,bf:summary,Summary,false,true,bnode,,lc:RT:bf2:Summary,,,,,,,https://bibframe.org/view/documentation-marva-manual/work-description/summary.md
,,,bf:content,Content type,false,true,,,,http://id.loc.gov/vocabulary/contentTypes,IRIstem,,performed music,http://id.loc.gov/vocabulary/contentTypes/prm,bf:Content,https://bibframe.org/view/documentation-marva-manual/work-description/content-type.md
,,,bf:capture,Capture information,false,true,bnode,,lc:RT:bf2:Capture,,,,,,,
,,,bf:supplementaryContent,Supplementary content,false,true,,,,http://id.loc.gov/vocabulary/msupplcont,IRIstem,,,,bf:SupplementaryContent,https://bibframe.org/view/documentation-marva-manual/work-description/supplementary-content.md
,,,bf:originDate,Date of Work,false,true,literal,,,,,,,,,https://bibframe.org/view/documentation-marva-manual/work-description/date-of-work.md
,,,bf:originPlace,Place of origin of the Work,false,true,,,,http://id.loc.gov/vocabulary/countries,IRIstem,,,,bf:Place,https://bibframe.org/view/documentation-marva-manual/work-description/country-of-origin.md
,,,bf:relation,Search related work/series,false,true,bnode,,lc:RT:bf2:RelWorkLookup,,,,,,,https://bibframe.org/view/documentation-marva-manual/work-description/search-related-work.md
,,,bf:relation,Input transcribed series,false,true,bnode,,lc:RT:bf2:SeriesHub,,,,,,,https://bibframe.org/view/documentation-marva-manual/work-description/input-transcribed-series.md
,,,bf:hasInstance,Add BIBFRAME Instance,false,true,bnode,,lc:RT:bf2:SoundRecording:Instance,,,,,,,
lc:RT:bf2:SpecPlayback,Special playback characteristic,bf:PlaybackCharacteristic,owl:sameAs,Lookup,false,false,,,,http://id.loc.gov/vocabulary/mspecplayback,IRIstem,,,,,
lc:RT:bf2:SubjectAgent,Subject-Agent,bf:Topic,mads:componentList,Agents,false,true,bnode,,lc:RT:bf2:Agent:Person | lc:RT:bf2:Agent:CorporateBody | lc:RT:bf2:Agent:Conference | lc:RT:bf2:Topic:madsTopic | lc:RT:bf2:Topic:madsGeographic | lc:RT:bf2:Topic:madsTemporal | lc:RT:bf2:Topic:madsGenreForm,,,,,,,
lc:RT:bf2:Summary,Summary note,bf:Summary,rdfs:label,Summary note,false,true,literal,,,,,,,,,
lc:RT:bf2:SupplContent,Supplementary content,bf:SupplementaryContent,owl:sameAs,Lookup,false,true,,,,http://id.loc.gov/vocabulary/msupplcont,IRIstem,,,,bf:SupplementaryContent,
lc:RT:bf2:SupplContentNote,Supplementary content note,bf:SupplementaryContent,rdfs:label,Note,false,true,literal,,,,,,,,,
,,,bf:electronicLocator,Electronic location,false,true,bnode,,lc:RT:bf2:URL,,,,,,,
lc:RT:bf2:SysReq,System requirement,bf:SystemRequirement,rdfs:label,System requirement,false,true,literal,,,,,,,,,
lc:RT:bf2:Title:AbbrTitle,Abbreviated title,bf:AbbreviatedTitle,bf:mainTitle,Abbreviated title,false,false,literal,,,,,,,,,
,,,bf:qualifier,Qualifying information,false,true,literal,,,,,,,,,
,,,bf:assigner,Assigner,false,true,bnode,,lc:RT:bf2:Title:AbbrTitleAgent,,,,,,,
lc:RT:bf2:Title:AbbrTitleAgent,Assigner agent,bf:Agent,bf:code,Agent code (issnkey),false,true,literal,,,,,,,,,
lc:RT:bf2:Title:CollTitle,Collective title,bf:CollectiveTitle,bf:mainTitle,Collective title,false,false,literal,,,,,,,,,
lc:RT:bf2:Title:KeyTitle,Key title,bf:KeyTitle,bflc:nonSortNum,Non-sort character count,false,true,literal,,,,,,,,,
,,,bf:mainTitle,Key title,false,false,literal,,,,,,,,,
,,,bf:qualifier,Qualifying information,false,true,literal,,,,,,,,,
lc:RT:bf2:Title:VarTitle,Variant title,bf:VariantTitle,bf:mainTitle,Variant title,false,false,literal,,,,,,,,,https://bibframe.org/docs/view/documentation-marva-manual/instance-description/title-information.md
,,,bf:partNumber,Part number,false,true,literal,,,,,,,,,
,,,bf:partName,Part name,false,true,literal,,,,,,,,,
,,,bf:subtitle,Other title information,false,false,literal,,,,,,,,,
,,,bf:date,Date,false,true,literal,,,,,,,,,
,,,rdf:type,Variant title type,false,true,,,,https://preprod-8080.id.loc.gov/vocabulary/vartitletype,IRIstem,,,,,
,,,bf:note,Note,false,true,bnode,,lc:RT:bf2:NoteSimple,,,,,,,
lc:RT:bf2:Topic:Childrens:Components,CYAC subject,bf:Topic,mads:componentList,Search subject components,false,true,bnode,,lc:RT:bf2:Topic:Childrens:Topic | lc:RT:bf2:Topic:madsGeographic | lc:RT:bf2:Topic:madsTemporal | lc:RT:bf2:Topic:madsGenreForm,,,,,,,
,,,bf:source,Thesaurus,false,true,,,,http://preprod.id.loc.gov/vocabulary/subjectSchemes,IRIstem,,Children’s and Young Adults’ Cataloging subject headings,http://id.loc.gov/vocabulary/subjectSchemes/cyac,bf:Source,
lc:RT:bf2:Topic:Childrens:Topic,Children's heading or topical subdivision,mads:Topic,mads:Topic,Search CYAC/LCNAF,false,true,,,,http://id.loc.gov/authorities/childrensSubjects | http://id.loc.gov/authorities/names,IRIstem,,,,,
lc:RT:bf2:Topic:ChronologyTest,Chronological subdivision test,mads:Temporal,mads:Temporal,Search LCSH,false,true,,,,http://id.loc.gov/authorities/subjects,IRIstem,,,,,https://bibframe.org/docs/view/documentation-marva-manual/work-description/subjects.md
,,,rdfs:label,Proposed heading,false,true,literal,,,,,,,,,
lc:RT:bf2:Topic:Place:Components,Geographic subjects,bf:Place,mads:componentList,Search subject components,false,true,bnode,,lc:RT:bf2:Topic:madsGeogHeading | lc:RT:bf2:Topic:madsTopicSubdivision | lc:RT:bf2:Topic:madsTemporal | lc:RT:bf2:Topic:madsGenreForm,,,,,,,
,,,bf:source,Thesaurus,false,true,,,,http://preprod.id.loc.gov/vocabulary/subjectSchemes,IRIstem,,Library of Congress subject headings,http://id.loc.gov/vocabulary/subjectSchemes/lcsh,bf:Source,
lc:RT:bf2:Topic:SubjectNew,Expanded subjects,bf:Topic,mads:componentList,Search subject components,false,true,bnode,,lc:RT:bf2:Topic:madsTopic | lc:RT:bf2:Topic:madsGeographic | lc:RT:bf2:Topic:madsTemporal | lc:RT:bf2:Topic:madsGenreForm,,,,,,mads:ComplexSubject,
,,,bf:source,Source,false,true,,,,http://id.loc.gov/vocabulary/subjectSchemes,IRIstem,,LCSH,http://id.loc.gov/vocabulary/subjectSchemes/lcsh,bf:Source,
lc:RT:bf2:Topic:SubjectWork,Hub as subject,bf:Hub,mads:authoritativeLabel,Search Hubs,false,true,,,,https://preprod-8080.id.loc.gov/resources/hubs/,IRIstem,,,,,
lc:RT:bf2:Topic:madsGenreForm,Form subdivision,mads:GenreForm,mads:GenreForm,Search LCSH,false,true,,,,http://id.loc.gov/authorities/subjects,IRIstem,,,,,https://bibframe.org/docs/view/documentation-marva-manual/work-description/subjects.md
lc:RT:bf2:Topic:madsGeogHeading,Geographic heading,mads:Geographic,mads:Geographic,Search LCNAF/LCSH,false,true,,,,http://preprod.id.loc.gov/authorities/names | http://id.loc.gov/authorities/subjects,IRIstem,,,,,https://bibframe.org/docs/view/documentation-marva-manual/work-description/subjects.md
lc:RT:bf2:Topic:madsGeographic,Geographic subdivision,mads:Geographic,mads:Geographic,Search LCNAF/LCSH,false,true,,,,http://preprod.id.loc.gov/authorities/names | http://id.loc.gov/authorities/subjects,IRIstem,,,,,https://bibframe.org/docs/view/documentation-marva-manual/work-description/subjects.md
lc:RT:bf2:Topic:madsTemporal,Chronological subdivision,mads:Temporal,mads:Temporal,Search LCSH,false,true,,,,http://id.loc.gov/authorities/subjects,IRIstem,,,,,
lc:RT:bf2:Topic:madsTopic,Heading or topical subdivision,mads:Topic,mads:Topic,Search LCSH/LCNAF,false,true,,,,http://id.loc.gov/authorities/subjects | http://preprod.id.loc.gov/authorities/names,IRIstem,,,,,https://bibframe.org/docs/view/documentation-marva-manual/work-description/subjects.md
lc:RT:bf2:Topic:madsTopicSubdivision,Topical subdivision,mads:Topic,mads:Topic,Search LCSH,false,true,,,,http://id.loc.gov/authorities/subjects,IRIstem,,,,,
lc:RT:bf2:TopicSearch,Search subjects,bf:Topic,mads:authoritativeLabel,Search LCSH/LCNAF,false,true,,,,http://id.loc.gov/authorities/subjects | http://id.loc.gov/authorities/names,IRIstem,,,,,
lc:RT:bf2:TypeRec,Type of recording (digital),bf:RecordingMethod,owl:sameAs,Lookup,false,false,,,,http://id.loc.gov/vocabulary/mrectype,IRIstem,,digital,http://id.loc.gov/vocabulary/mrectype/digital,,
lc:RT:bf2:TypeRec2,Type of recording (analog),bf:RecordingMethod,owl:sameAs,Lookup,false,false,,,,http://id.loc.gov/vocabulary/mrectype,IRIstem,,analog,http://id.loc.gov/vocabulary/mrectype/analog,,
lc:RT:bf2:URL,URL,rdfs:Resource,owl:sameAs,URL,false,true,literal,,,,,,,,,
lc:RT:bf2:WorkTitle,Work title,bf:Title,bflc:nonSortNum,Non-sort character count,false,true,literal,,,,,,,,,https://bibframe.org/docs/view/documentation-marva-manual/work-description/title-information.md
,,,bf:mainTitle,Preferred title for Work,false,false,literal,,,,,,,,,https://bibframe.org/docs/view/documentation-marva-manual/work-description/title-information.md
lc:RT:bflc:Agents:PrimaryContribution,Primary contribution,bf:PrimaryContribution,bf:agent,Primary contributor,false,false,bnode,,lc:RT:bf2:Agent:bfPerson | lc:RT:bf2:Agent:bfFamily | lc:RT:bf2:Agent:bfCorp | lc:RT:bf2:Agent:bfJurisdiction | lc:RT:bf2:Agent:bfConf,,,,,,bf:PrimaryContribution,https://staff.loc.gov/wikis/display/BP2/Marva+cataloging+updates#Marvacatalogingupdates
,,,bf:role,Relationship designator,false,true,,,,https://preprod.id.loc.gov/vocabulary/relators,IRIstem,,,,bf:Role,https://staff.loc.gov/wikis/display/BP2/Marva+cataloging+updates#Marvacatalogingupdates-AgentRoles
lc:profile:bf2:35mmFeatureFilm,BIBFRAME 2.0 Moving Image,,dcterms:hasPart,Has Shape,,,bnode,,lc:RT:bf2:35mmFeatureFilm:Work,,,,,,,
,,,dcterms:hasPart,Has Shape,,,bnode,,lc:RT:bf2:35mmFeatureFilm:Instance,,,,,,,
,,,dcterms:hasPart,Has Shape,,,bnode,,lc:RT:bf2:35mmFeatureFilm:Item,,,,,,,
,,,dcterms:hasPart,Has Shape,,,bnode,,lc:RT:bf2:35mmFeatureFilm:Event,,,,,,,
,,,dcterms:hasPart,Has Shape,,,bnode,,lc:RT:bf2:35mmFeatureFilm:DigItem,,,,,,,
lc:profile:bf2:AdminMetadata,BIBFRAME 2.0 Admin Metadata,,dcterms:hasPart,Has Shape,,,bnode,,lc:RT:bf2:AdminMetadata:BFDB,,,,,,,
,,,dcterms:hasPart,Has Shape,,,bnode,,lc:RT:bf2:AdminMetadata,,,,,,,
,,,dcterms:hasPart,Has Shape,,,bnode,,lc:RT:bf2:AdminMetadata:GenerationProcess,,,,,,,
,,,dcterms:hasPart,Has Shape,,,bnode,,lc:RT:bf2:AdminMetadata:Identifier,,,,,,,
lc:profile:bf2:Agents:Attributes,BIBFRAME 2.0 Agents,,dcterms:hasPart,Has Shape,,,bnode,,lc:RT:bf2:Agent:bfPerson,,,,,,,
,,,dcterms:hasPart,Has Shape,,,bnode,,lc:RT:bf2:Agent:bfFamily,,,,,,,
,,,dcterms:hasPart,Has Shape,,,bnode,,lc:RT:bf2:Agent:bfCorp,,,,,,,
,,,dcterms:hasPart,Has Shape,,,bnode,,lc:RT:bf2:Agent:bfConf,,,,,,,
,,,dcterms:hasPart,Has Shape,,,bnode,,lc:RT:bf2:Agent:bfJurisdiction,,,,,,,
,,,dcterms:hasPart,Has Shape,,,bnode,,lc:RT:bf2:Agent:Person,,,,,,,
,,,dcterms:hasPart,Has Shape,,,bnode,,lc:RT:bf2:Agent:Family,,,,,,,
,,,dcterms:hasPart,Has Shape,,,bnode,,lc:RT:bf2:Agent:CorporateBody,,,,,,,
,,,dcterms:hasPart,Has Shape,,,bnode,,lc:RT:bf2:Agent:Conference,,,,,,,
,,,dcterms:hasPart,Has Shape,,,bnode,,lc:RT:bf2:Agent:Jurisdiction,,,,,,,
,,,dcterms:hasPart,Has Shape,,,bnode,,lc:RT:bf2:Agents:Addresses,,,,,,,
,,,dcterms:hasPart,Has Shape,,,bnode,,lc:RT:bf2:Agents:Addresses:Extended,,,,,,,
,,,dcterms:hasPart,Has Shape,,,bnode,,lc:RT:bf2:Agents:RelatedAgents,,,,,,,
,,,dcterms:hasPart,Has Shape,,,bnode,,lc:RT:bf2:Agents:Source,,,,,,,
,,,dcterms:hasPart,Has Shape,,,bnode,,lc:RT:bf2:Agents:VariantAgents,,,,,,,
,,,dcterms:hasPart,Has Shape,,,bnode,,lc:RT:bf2:Agent:Identifier,,,,,,,
,,,dcterms:hasPart,Has Shape,,,bnode,,lc:RT:bf2:Agent:Note,,,,,,,
,,,dcterms:hasPart,Has Shape,,,bnode,,lc:RT:bf2:Agent:Identifier:Source,,,,,,,
lc:profile:bf2:Agents:RWO,BIBFRAME 2.0 RWO,,dcterms:hasPart,Has Shape,,,bnode,,lc:RT:bf2:Agents:RWO:Affiliation,,,,,,,
,,,dcterms:hasPart,Has Shape,,,bnode,,lc:RT:bf2:Agents:RWO:AssociatedLanguage,,,,,,,
,,,dcterms:hasPart,Has Shape,,,bnode,,lc:RT:bf2:Agents:RWO:PlaceofBirth,,,,,,,
,,,dcterms:hasPart,Has Shape,,,bnode,,lc:RT:bf2:Agents:RWO:PlaceofDeath,,,,,,,
,,,dcterms:hasPart,Has Shape,,,bnode,,lc:RT:bf2:Agents:RWO:Country,,,,,,,
,,,dcterms:hasPart,Has Shape,,,bnode,,lc:RT:bf2:Agents:RWO:PlaceOfResidence,,,,,,,
,,,dcterms:hasPart,Has Shape,,,bnode,,lc:RT:bf2:Agents:RWO:LocationOfConference,,,,,,,
,,,dcterms:hasPart,Has Shape,,,bnode,,lc:RT:bf2:Agents:RWO:OtherPlace,,,,,,,
,,,dcterms:hasPart,Has Shape,,,bnode,,lc:RT:bf2:Agents:RWO:Dates,,,,,,,
,,,dcterms:hasPart,Has Shape,,,bnode,,lc:RT:bf2:Agents:RWO:FieldofActivity,,,,,,,
,,,dcterms:hasPart,Has Shape,,,bnode,,lc:RT:bf2:Agents:RWO:Gender,,,,,,,
,,,dcterms:hasPart,Has Shape,,,bnode,,lc:RT:bf2:Agents:RWO:Occupation,,,,,,,
,,,dcterms:hasPart,Has Shape,,,bnode,,lc:RT:bf2:Agents:RWO:ProminentFamilyMember,,,,,,,
,,,dcterms:hasPart,Has Shape,,,bnode,,lc:RT:bf2:Agents:RWO:HonoraryTitle,,,,,,,
,,,dcterms:hasPart,Has Shape,,,bnode,,lc:RT:bf2:Agents:skosConcept,,,,,,,
,,,dcterms:hasPart,Has Shape,,,bnode,,lc:RT:bf2:Agents:RWO:IdentifiedbyAuthority,,,,,,,
lc:profile:bf2:AgentsContribution,BIBFRAME 2.0 Agents Contribution,,dcterms:hasPart,Has Shape,,,bnode,,lc:RT:bf2:Agents:Contribution,,,,,,,
,,,dcterms:hasPart,Has Shape,,,bnode,,lc:RT:bf2:Agents:bfContribution,,,,,,,
lc:profile:bf2:Analog,BIBFRAME 2.0 Sound Recording-Analog,,dcterms:hasPart,Has Shape,,,bnode,,lc:RT:bf2:Analog:Work,,,,,,,
,,,dcterms:hasPart,Has Shape,,,bnode,,lc:RT:bf2:Analog:Instance,,,,,,,
,,,dcterms:hasPart,Has Shape,,,bnode,,lc:RT:bf2:Analog:Item,,,,,,,
,,,dcterms:hasPart,Has Shape,,,bnode,,lc:RT:bf2:Analog:Sound6,,,,,,,
,,,dcterms:hasPart,Has Shape,,,bnode,,lc:RT:bf2:Analog:PlayingSpeed,,,,,,,
lc:profile:bf2:Cartographic,BIBFRAME 2.0 Cartographic TEST,,dcterms:hasPart,Has Shape,,,bnode,,lc:RT:bf2:Cartographic:Work,,,,,,,
,,,dcterms:hasPart,Has Shape,,,bnode,,lc:RT:bf2:Cartographic:Instance,,,,,,,
,,,dcterms:hasPart,Has Shape,,,bnode,,lc:RT:bf2:Cartographic:Item,,,,,,,
,,,dcterms:hasPart,Has Shape,,,bnode,,lc:RT:bf2:Cartographic:Attributes,,,,,,,
,,,dcterms:hasPart,Has Shape,,,bnode,,lc:RT:bf2:Cartographic:DataType,,,,,,,
,,,dcterms:hasPart,Has Shape,,,bnode,,lc:RT:bf2:Cartographic:ObjectType,,,,,,,
,,,dcterms:hasPart,Has Shape,,,bnode,,lc:RT:bf2:Cartographic:EncodingFormat,,,,,,,
,,,dcterms:hasPart,Has Shape,,,bnode,,lc:RT:bf2:Cartographic:FileType,,,,,,,
,,,dcterms:hasPart,Has Shape,,,bnode,,lc:RT:bf2:Cartographic:ScaleNew,,,,,,,
lc:profile:bf2:Classification,BIBFRAME 2.0 Classification,,dcterms:hasPart,Has Shape,,,bnode,,lc:RT:bf2:DDC,,,,,,,
,,,dcterms:hasPart,Has Shape,,,bnode,,lc:RT:bf2:DDCEdNum,,,,,,,
,,,dcterms:hasPart,Has Shape,,,bnode,,lc:RT:bf2:LCC,,,,,,,
,,,dcterms:hasPart,Has Shape,,,bnode,,lc:RT:bf2:NLM,,,,,,,
,,,dcterms:hasPart,Has Shape,,,bnode,,lc:RT:bf2:NAL,,,,,,,
,,,dcterms:hasPart,Has Shape,,,bnode,,lc:RT:bf2:OtherClass,,,,,,,
lc:profile:bf2:Form,BIBFRAME 2.0 Form,,dcterms:hasPart,Has Shape,,,bnode,,lc:RT:bf2:Form,,,,,,,
,,,dcterms:hasPart,Has Shape,,,bnode,,lc:RT:bf2:Form:Geog,,,,,,,
,,,dcterms:hasPart,Has Shape,,,bnode,,lc:RT:bf2:MarcGT,,,,,,,
lc:profile:bf2:Hub,Test BF Hub,,dcterms:hasPart,Has Shape,,,bnode,,lc:RT:bf2:Hub:Hub,,,,,,,
,,,dcterms:hasPart,Has Shape,,,bnode,,lc:RT:bf2:Hub:PrimaryContribution,,,,,,,
,,,dcterms:hasPart,Has Shape,,,bnode,,lc:RT:bf2:Hub:Contribution,,,,,,,
lc:profile:bf2:HubBasic,BF Hub,,dcterms:hasPart,Has Shape,,,bnode,,lc:RT:bf2:HubBasic:Hub,,,,,,,
lc:profile:bf2:Ibc,Original BF (origbf),,dcterms:hasPart,Has Shape,,,bnode,,lc:RT:bf2:Ibc:Work,,,,,,,
,,,dcterms:hasPart,Has Shape,,,bnode,,lc:RT:bf2:Ibc:Instance,,,,,,,
,,,dcterms:hasPart,Has Shape,,,bnode,,lc:RT:bf2:Ibc:Item,,,,,,,
lc:profile:bf2:Item,BIBFRAME 2.0 Item,,dcterms:hasPart,Has Shape,,,bnode,,lc:RT:bf2:Item:LCC,,,,,,,
,,,dcterms:hasPart,Has Shape,,,bnode,,lc:RT:bf2:Item:Access,,,,,,,
,,,dcterms:hasPart,Has Shape,,,bnode,,lc:RT:bf2:Item:Use,,,,,,,
,,,dcterms:hasPart,Has Shape,,,bnode,,lc:RT:bf2:Item:Retention,,,,,,,
,,,dcterms:hasPart,Has Shape,,,bnode,,lc:RT:bf2:Item:Source,,,,,,,
,,,dcterms:hasPart,Has Shape,,,bnode,,lc:RT:bf2:Item:Enumeration,,,,,,,
,,,dcterms:hasPart,Has Shape,,,bnode,,lc:RT:bf2:Item:Chronology,,,,,,,
,,,dcterms:hasPart,Has Shape,,,bnode,,lc:RT:bf2:Item:Retention2,,,,,,,
,,,dcterms:hasPart,Has Shape,,,bnode,,lc:RT:bf2:Item:Location,,,,,,,
,,,dcterms:hasPart,Has Shape,,,bnode,,lc:RT:bf2:Item:Digital,,,,,,,
lc:profile:bf2:Language,BIBFRAME 2.0 Language,,dcterms:hasPart,Has Shape,,,bnode,,lc:RT:bf2:LangResource,,,,,,,
,,,dcterms:hasPart,Has Shape,,,bnode,,lc:RT:bf2:LangNote,,,,,,,
lc:profile:bf2:MIBluRayDVD,BIBFRAME 2.0 Moving Image-DVD,,dcterms:hasPart,Has Shape,,,bnode,,lc:RT:bf2:MIBluRayDVD:Work,,,,,,,
,,,dcterms:hasPart,Has Shape,,,bnode,,lc:RT:bf2:MIBluRayDVD:Instance,,,,,,,
,,,dcterms:hasPart,Has Shape,,,bnode,,lc:RT:bf2:MIBluRayDVD:Item,,,,,,,
,,,dcterms:hasPart,Has Shape,,,bnode,,lc:RT:bf2:MIBluRayDVD:Aspect,,,,,,,
,,,dcterms:hasPart,Has Shape,,,bnode,,lc:RT:bf2:MIBluRayDVD:Event,,,,,,,
,,,dcterms:hasPart,Has Shape,,,bnode,,lc:RT:bf2:MIBluRayDVD:Playback,,,,,,,
,,,dcterms:hasPart,Has Shape,,,bnode,,lc:RT:bf2:MIBluRayDVD:AccCont,,,,,,,
lc:profile:bf2:Monograph,BIBFRAME 2.0 Monograph,,dcterms:hasPart,Has Shape,,,bnode,,lc:RT:bf2:Monograph:Work,,,,,,,
,,,dcterms:hasPart,Has Shape,,,bnode,,lc:RT:bf2:Monograph:Instance,,,,,,,
,,,dcterms:hasPart,Has Shape,,,bnode,,lc:RT:bf2:Monograph:Item,,,,,,,
,,,dcterms:hasPart,Has Shape,,,bnode,,lc:RT:bf2:Monograph:Dissertation,,,,,,,
lc:profile:bf2:NotatedMusic,BIBFRAME 2.0 Notated Music,,dcterms:hasPart,Has Shape,,,bnode,,lc:RT:bf2:NotatedMusic:Work,,,,,,,
,,,dcterms:hasPart,Has Shape,,,bnode,,lc:RT:bf2:NotatedMusic:Instance,,,,,,,
,,,dcterms:hasPart,Has Shape,,,bnode,,lc:RT:bf2:NotatedMusic:Item,,,,,,,
lc:profile:bf2:Note,BIBFRAME 2.0 Note,,dcterms:hasPart,Has Shape,,,bnode,,lc:RT:bf2:ContAccess,,,,,,,
,,,dcterms:hasPart,Has Shape,,,bnode,,lc:RT:bf2:Contents,,,,,,,
,,,dcterms:hasPart,Has Shape,,,bnode,,lc:RT:bf2:ImmAcqSource,,,,,,,
,,,dcterms:hasPart,Has Shape,,,bnode,,lc:RT:bf2:Note,,,,,,,
,,,dcterms:hasPart,Has Shape,,,bnode,,lc:RT:bf2:NoteSimple,,,,,,,
,,,dcterms:hasPart,Has Shape,,,bnode,,lc:RT:bf2:NoteLc,,,,,,,
,,,dcterms:hasPart,Has Shape,,,bnode,,lc:RT:bf2:Notation,,,,,,,
,,,dcterms:hasPart,Has Shape,,,bnode,,lc:RT:bf2:Summary,,,,,,,
,,,dcterms:hasPart,Has Shape,,,bnode,,lc:RT:bf2:SupplContent,,,,,,,
,,,dcterms:hasPart,Has Shape,,,bnode,,lc:RT:bf2:SupplContentNote,,,,,,,
,,,dcterms:hasPart,Has Shape,,,bnode,,lc:RT:bf2:SysReq,,,,,,,
lc:profile:bf2:PrintPhoto,Prints & Photographs,,dcterms:hasPart,Has Shape,,,bnode,,lc:RT:bf2:PrintPhoto:Work,,,,,,,
,,,dcterms:hasPart,Has Shape,,,bnode,,lc:RT:bf2:PrintPhoto:Instance,,,,,,,
,,,dcterms:hasPart,Has Shape,,,bnode,,lc:RT:bf2:PrintPhoto:Item,,,,,,,
,,,dcterms:hasPart,Has Shape,,,bnode,,lc:RT:bf2:PrintPhoto:Arrangement,,,,,,,
,,,dcterms:hasPart,Has Shape,,,bnode,,lc:RT:bf2:PrintPhoto:AcqSource,,,,,,,
,,,dcterms:hasPart,Has Shape,,,bnode,,lc:RT:bf2:PrintPhoto:Note,,,,,,,
,,,dcterms:hasPart,Has Shape,,,bnode,,lc:RT:bf2:PrintPhoto:TGMGenre,,,,,,,
,,,dcterms:hasPart,Has Shape,,,bnode,,lc:RT:bf2:PrintPhoto:TGMSubject,,,,,,,
,,,dcterms:hasPart,Has Shape,,,bnode,,lc:RT:bf2:PrintPhoto:TGMSearch,,,,,,,
,,,dcterms:hasPart,Has Shape,,,bnode,,lc:RT:bf2:PrintPhoto:TGMGenreSearch,,,,,,,
,,,dcterms:hasPart,Has Shape,,,bnode,,lc:RT:bf2:PrintPhoto:TGMTemporal,,,,,,,
,,,dcterms:hasPart,Has Shape,,,bnode,,lc:RT:bf2:PrintPhoto:Geog,,,,,,,
lc:profile:bf2:PublicationDistributionManufactureInformation,"BIBFRAME 2.0 Publication, Distribution, Manufacturer Activity",,dcterms:hasPart,Has Shape,,,bnode,,lc:RT:bf2:PubInfoNew,,,,,,,
,,,dcterms:hasPart,Has Shape,,,bnode,,lc:RT:bf2:DistInfoNew,,,,,,,
,,,dcterms:hasPart,Has Shape,,,bnode,,lc:RT:bf2:ManuInfoNew,,,,,,,
,,,dcterms:hasPart,Has Shape,,,bnode,,lc:RT:bf2:ProdInfoNew,,,,,,,
lc:profile:bf2:RareMat,BIBFRAME 2.0 Rare Materials,,dcterms:hasPart,Has Shape,,,bnode,,lc:RT:bf2:RareMat:Work,,,,,,,
,,,dcterms:hasPart,Has Shape,,,bnode,,lc:RT:bf2:RareMat:Instance,,,,,,,
,,,dcterms:hasPart,Has Shape,,,bnode,,lc:RT:bf2:RareMat:Item,,,,,,,
,,,dcterms:hasPart,Has Shape,,,bnode,,lc:RT:bf2:RareMat:Genre,,,,,,,
,,,dcterms:hasPart,Has Shape,,,bnode,,lc:RT:bf2:RareMat:RefWork,,,,,,,
,,,dcterms:hasPart,Has Shape,,,bnode,,lc:RT:bf2:RareMat:RefWorkTitle,,,,,,,
,,,dcterms:hasPart,Has Shape,,,bnode,,lc:RT:bf2:RareMat:RefWorkNote,,,,,,,
,,,dcterms:hasPart,Has Shape,,,bnode,,lc:RT:bf2:RareMat:ItemLcc,,,,,,,
lc:profile:bf2:RelatedWorkorExpression,BIBFRAME 2.0 Related Works and Expressions,,dcterms:hasPart,Has Shape,,,bnode,,lc:RT:bf2:RelWorkLookup,,,,,,,
,,,dcterms:hasPart,Has Shape,,,bnode,,lc:RT:bf2:RelWorkInput,,,,,,,
,,,dcterms:hasPart,Has Shape,,,bnode,,lc:RT:bf2:RelWorkInputTitle,,,,,,,
,,,dcterms:hasPart,Has Shape,,,bnode,,lc:RT:bf2:RelWorkInputNumber,,,,,,,
,,,dcterms:hasPart,Has Shape,,,bnode,,lc:RT:bf2:RelWorkInputIsbn,,,,,,,
lc:profile:bf2:Serial,BIBFRAME 2.0 Serial,,dcterms:hasPart,Has Shape,,,bnode,,lc:RT:bf2:Serial:Work,,,,,,,
,,,dcterms:hasPart,Has Shape,,,bnode,,lc:RT:bf2:Serial:Instance,,,,,,,
,,,dcterms:hasPart,Has Shape,,,bnode,,lc:RT:bf2:Serial:Item,,,,,,,
,,,dcterms:hasPart,Has Shape,,,bnode,,lc:RT:bf2:Serial:EnumerationAndChronology,,,,,,,
,,,dcterms:hasPart,Has Shape,,,bnode,,lc:RT:bf2:Serial:Frequency,,,,,,,
,,,dcterms:hasPart,Has Shape,,,bnode,,lc:RT:bf2:Serial:PubInfoNew,,,,,,,
lc:profile:bf2:SeriesInformation,BIBFRAME 2.0 Series Information,,dcterms:hasPart,Has Shape,,,bnode,,lc:RT:bf2:SeriesHub,,,,,,,
,,,dcterms:hasPart,Has Shape,,,bnode,,lc:RT:bf2:SeriesHubInput,,,,,,,
,,,dcterms:hasPart,Has Shape,,,bnode,,lc:RT:bf2:SeriesHubTitle,,,,,,,
,,,dcterms:hasPart,Has Shape,,,bnode,,lc:RT:bf2:SeriesHubIssn,,,,,,,
,,,dcterms:hasPart,Has Shape,,,bnode,,lc:RT:bf2:SeriesHubLookup,,,,,,,
lc:profile:bf2:SoundCDR,BIBFRAME 2.0 Sound Recording-Audio CD-R,,dcterms:hasPart,Has Shape,,,bnode,,lc:RT:bf2:SoundCDR:Work,,,,,,,
,,,dcterms:hasPart,Has Shape,,,bnode,,lc:RT:bf2:SoundCDR:Instance,,,,,,,
,,,dcterms:hasPart,Has Shape,,,bnode,,lc:RT:bf2:SoundCDR:Item,,,,,,,
lc:profile:bf2:SoundCassette,BIBFRAME 2.0 Sound Recording-Audio Cassette,,dcterms:hasPart,Has Shape,,,bnode,,lc:RT:bf2:SoundCassette:Work,,,,,,,
,,,dcterms:hasPart,Has Shape,,,bnode,,lc:RT:bf2:SoundCassette:Instance,,,,,,,
,,,dcterms:hasPart,Has Shape,,,bnode,,lc:RT:bf2:SoundCassette:Item,,,,,,,
,,,dcterms:hasPart,Has Shape,,,bnode,,lc:RT:bf2:SoundCassette:PlaySpeed,,,,,,,
lc:profile:bf2:SoundRecording,BIBFRAME 2.0 Sound Recording-Audio CD,,dcterms:hasPart,Has Shape,,,bnode,,lc:RT:bf2:SoundRecording:Work,,,,,,,
,,,dcterms:hasPart,Has Shape,,,bnode,,lc:RT:bf2:SoundRecording:Instance,,,,,,,
,,,dcterms:hasPart,Has Shape,,,bnode,,lc:RT:bf2:SoundRecording:Item,,,,,,,
lc:profile:bf2:Title,BIBFRAME 2.0 Title Information,,dcterms:hasPart,Has Shape,,,bnode,,lc:RT:bf2:InstanceTitle,,,,,,,
,,,dcterms:hasPart,Has Shape,,,bnode,,lc:RT:bf2:WorkTitle,,,,,,,
,,,dcterms:hasPart,Has Shape,,,bnode,,lc:RT:bf2:Title:VarTitle,,,,,,,
,,,dcterms:hasPart,Has Shape,,,bnode,,lc:RT:bf2:ParallelTitle,,,,,,,
,,,dcterms:hasPart,Has Shape,,,bnode,,lc:RT:bf2:Title:KeyTitle,,,,,,,
,,,dcterms:hasPart,Has Shape,,,bnode,,lc:RT:bf2:Title:AbbrTitle,,,,,,,
,,,dcterms:hasPart,Has Shape,,,bnode,,lc:RT:bf2:Title:AbbrTitleAgent,,,,,,,
,,,dcterms:hasPart,Has Shape,,,bnode,,lc:RT:bf2:Title:CollTitle,,,,,,,
lc:profile:bf2:Topic,BIBFRAME 2.0 Topic,,dcterms:hasPart,Has Shape,,,bnode,,lc:RT:bf2:Components,,,,,,,
,,,dcterms:hasPart,Has Shape,,,bnode,,lc:RT:bf2:Topic:Place:Components,,,,,,,
,,,dcterms:hasPart,Has Shape,,,bnode,,lc:RT:bf2:Topic:madsTopic,,,,,,,
,,,dcterms:hasPart,Has Shape,,,bnode,,lc:RT:bf2:Topic:madsTopicSubdivision,,,,,,,
,,,dcterms:hasPart,Has Shape,,,bnode,,lc:RT:bf2:Topic:madsGeogHeading,,,,,,,
,,,dcterms:hasPart,Has Shape,,,bnode,,lc:RT:bf2:Topic:madsGeographic,,,,,,,
,,,dcterms:hasPart,Has Shape,,,bnode,,lc:RT:bf2:Topic:madsTemporal,,,,,,,
,,,dcterms:hasPart,Has Shape,,,bnode,,lc:RT:bf2:Topic:madsGenreForm,,,,,,,
,,,dcterms:hasPart,Has Shape,,,bnode,,lc:RT:bf2:Topic:SubjectWork,,,,,,,
,,,dcterms:hasPart,Has Shape,,,bnode,,lc:RT:bf2:Topic:Childrens:Components,,,,,,,
,,,dcterms:hasPart,Has Shape,,,bnode,,lc:RT:bf2:Topic:Childrens:Topic,,,,,,,
,,,dcterms:hasPart,Has Shape,,,bnode,,lc:RT:bf2:TopicSearch,,,,,,,
,,,dcterms:hasPart,Has Shape,,,bnode,,lc:RT:bf2:SubjectAgent,,,,,,,
,,,dcterms:hasPart,Has Shape,,,bnode,,lc:RT:bf2:Topic:ChronologyTest,,,,,,,
,,,dcterms:hasPart,Has Shape,,,bnode,,lc:RT:bf2:Topic:SubjectNew,,,,,,,
startingpoint:Cartographic,Cartographic,,dcterms:hasPart,Instance,,,IRI,,lc:RT:bf2:Cartographic:Instance,http://id.loc.gov/ontologies/bibframe/Instance,picklist,,,,,
,,,dcterms:hasPart,Work,,,IRI,,lc:RT:bf2:Cartographic:Work,http://id.loc.gov/ontologies/bibframe/Work,picklist,,,,,
startingpoint:Monograph,Monograph,,dcterms:hasPart,Instance,,,IRI,,lc:RT:bf2:Monograph:Instance,http://id.loc.gov/ontologies/bibframe/Instance,picklist,,,,,
,,,dcterms:hasPart,Work,,,IRI,,lc:RT:bf2:Monograph:Work,http://id.loc.gov/ontologies/bibframe/Work,picklist,,,,,
startingpoint:Moving_Image:_DVD,Moving Image: DVD,,dcterms:hasPart,Instance,,,IRI,,lc:RT:bf2:MIBluRayDVD:Instance,http://id.loc.gov/ontologies/bibframe/Instance,picklist,,,,,
,,,dcterms:hasPart,Work,,,IRI,,lc:RT:bf2:MIBluRayDVD:Work,http://id.loc.gov/ontologies/bibframe/Work,picklist,,,,,
startingpoint:Moving_Image:_Film,Moving Image: Film,,dcterms:hasPart,Instance,,,IRI,,lc:RT:bf2:35mmFeatureFilm:Instance,http://id.loc.gov/ontologies/bibframe/Instance,picklist,,,,,
,,,dcterms:hasPart,Work,,,IRI,,lc:RT:bf2:35mmFeatureFilm:Work,http://id.loc.gov/ontologies/bibframe/Work,picklist,,,,,
startingpoint:Notated_Music,Notated Music,,dcterms:hasPart,Create Work,,,IRI,,lc:RT:bf2:NotatedMusic:Work,http://id.loc.gov/ontologies/bibframe/Work,picklist,,,,,
,,,dcterms:hasPart,Create Instance,,,IRI,,lc:RT:bf2:NotatedMusic:Instance,http://id.loc.gov/ontologies/bibframe/Instance,picklist,,,,,
startingpoint:Original_BF,Original BF,,dcterms:hasPart,Instance,,,IRI,,lc:RT:bf2:Ibc:Instance,http://id.loc.gov/ontologies/bibframe/Instance,picklist,,,,,
,,,dcterms:hasPart,Work,,,IRI,,lc:RT:bf2:Ibc:Work,http://id.loc.gov/ontologies/bibframe/Work,picklist,,,,,
startingpoint:Prints_&_Photographs,Prints & Photographs,,dcterms:hasPart,Instance,,,IRI,,lc:RT:bf2:PrintPhoto:Instance,http://id.loc.gov/ontologies/bibframe/Instance,picklist,,,,,
,,,dcterms:hasPart,Work,,,IRI,,lc:RT:bf2:PrintPhoto:Work,http://id.loc.gov/ontologies/bibframe/Work,picklist,,,,,
startingpoint:Rare_Materials,Rare Materials,,dcterms:hasPart,Instance,,,IRI,,lc:RT:bf2:RareMat:Instance,http://id.loc.gov/ontologies/bibframe/Instance,picklist,,,,,
,,,dcterms:hasPart,Work,,,IRI,,lc:RT:bf2:RareMat:Work,http://id.loc.gov/ontologies/bibframe/Work,picklist,,,,,
startingpoint:Serial,Serial,,dcterms:hasPart,Instance,,,IRI,,lc:RT:bf2:Serial:Instance,http://id.loc.gov/ontologies/bibframe/Instance,picklist,,,,,
,,,dcterms:hasPart,Work,,,IRI,,lc:RT:bf2:Serial:Work,http://id.loc.gov/ontologies/bibframe/Work,picklist,,,,,
startingpoint:Sound_Recording:_Analog,Sound Recording: Analog,,dcterms:hasPart,Instance,,,IRI,,lc:RT:bf2:Analog:Instance,http://id.loc.gov/ontologies/bibframe/Instance,picklist,,,,,
,,,dcterms:hasPart,Work,,,IRI,,lc:RT:bf2:Analog:Work,http://id.loc.gov/ontologies/bibframe/Work,picklist,,,,,
startingpoint:Sound_Recording:_Audio_CD,Sound Recording: Audio CD,,dcterms:hasPart,Instance,,,IRI,,lc:RT:bf2:SoundRecording:Instance,http://id.loc.gov/ontologies/bibframe/Instance,picklist,,,,,
,,,dcterms:hasPart,Work,,,IRI,,lc:RT:bf2:SoundRecording:Work,http://id.loc.gov/ontologies/bibframe/Work,picklist,,,,,
startingpoint:Sound_Recording:_Audio_CD-R,Sound Recording: Audio CD-R,,dcterms:hasPart,Instance,,,IRI,,lc:RT:bf2:SoundCDR:Instance,http://id.loc.gov/ontologies/bibframe/Instance,picklist,,,,,
,,,dcterms:hasPart,Work,,,IRI,,lc:RT:bf2:SoundCDR:Work,http://id.loc.gov/ontologies/bibframe/Work,picklist,,,,,
startingpoint:Sound_Recording:_Cassette,Sound Recording: Cassette,,dcterms:hasPart,Instance,,,IRI,,lc:RT:bf2:SoundCassette:Instance,http://id.loc.gov/ontologies/bibframe/Instance,picklist,,,,,
,,,dcterms:hasPart,Work,,,IRI,,lc:RT:bf2:SoundCassette:Work,http://id.loc.gov/ontologies/bibframe/Work,picklist,,,,,
startingpoint:index,Starting Point Index,,dcterms:hasPart,Monograph,,,,,startingpoint:Monograph,,,,,,,
,,,dcterms:hasPart,Original BF,,,,,startingpoint:Original_BF,,,,,,,
,,,dcterms:hasPart,Notated Music,,,,,startingpoint:Notated_Music,,,,,,,
,,,dcterms:hasPart,Serial,,,,,startingpoint:Serial,,,,,,,
,,,dcterms:hasPart,Cartographic,,,,,startingpoint:Cartographic,,,,,,,
,,,dcterms:hasPart,Sound Recording: Audio CD,,,,,startingpoint:Sound_Recording:_Audio_CD,,,,,,,
,,,dcterms:hasPart,Sound Recording: Audio CD-R,,,,,startingpoint:Sound_Recording:_Audio_CD-R,,,,,,,
,,,dcterms:hasPart,Sound Recording: Analog,,,,,startingpoint:Sound_Recording:_Analog,,,,,,,
,,,dcterms:hasPart,Sound Recording: Cassette,,,,,startingpoint:Sound_Recording:_Cassette,,,,,,,
,,,dcterms:hasPart,Moving Image: DVD,,,,,startingpoint:Moving_Image:_DVD,,,,,,,
,,,dcterms:hasPart,Moving Image: Film,,,,,startingpoint:Moving_Image:_Film,,,,,,,
,,,dcterms:hasPart,Rare Materials,,,,,startingpoint:Rare_Materials,,,,,,,
,,,dcterms:hasPart,Prints & Photographs,,,,,startingpoint:Prints_&_Photographs,,,,,,,